Inventory Item Details;;;;;;;;;;;;
شركة الكوب الاول;;;;;;;;;;;;
For the period 1 January 2025 to 31 December 2025;;;;;;;;;;;;
;;;;;;;;;;;;
Date;Source;Reference;Contact;Description;Total;Unit Cost Price;Unit Sale Price;Value Movement;QoH Movement;Profit per Item;Revenue Account;Inventory Account
;;;;;;;;;;;;
GB002A- قهوة رواندي طبيعة اخضر - Rawanda Natural (1Kg) R221;;;;;;;;;;;;
Opening Balance;;;;;0.00;0.00;0.00;8,446.88;208.0000;0.00;;
26 فبراير 2025;Payable Credit Note;7205;امر تحميص مستودع البن الاخضر;Rawanda Natural (1Kg) R221;(1,502.57);40.61;40.61;(1,502.57);(37.0000);0.00;635 - مخزون البن الاخضر;635 - مخزون البن الاخضر
30 مارس 2025;Adjustment;Quantity Increase;;جرد 29/3;20.31;40.61;0.00;20.31;0.5000;0.00;;635 - مخزون البن الاخضر
19 مايو 2025;Payable Credit Note;7213;امر تحميص مستودع البن الاخضر;Rawanda Natural (1Kg) R221;(487.32);40.61;40.61;(487.32);(12.0000);0.00;635 - مخزون البن الاخضر;635 - مخزون البن الاخضر
24 يونيو 2025;Payable Credit Note;7218;امر تحميص مستودع البن الاخضر;Rawanda Natural (1Kg) R221;(974.64);40.61;40.61;(974.64);(24.0000);0.00;635 - مخزون البن الاخضر;635 - مخزون البن الاخضر
26 يونيو 2025;Adjustment;Quantity Decrease;;جرد 25/6;(20.31);40.61;0.00;(20.31);(0.5000);0.00;;635 - مخزون البن الاخضر
14 سبتمبر 2025;Payable Credit Note;7223;امر تحميص مستودع البن الاخضر;Rawanda Natural (1Kg) R221;(974.64);40.61;40.61;(974.64);(24.0000);0.00;635 - مخزون البن الاخضر;635 - مخزون البن الاخضر
16 سبتمبر 2025;Payable Credit Note;7224;امر تحميص مستودع البن الاخضر;Rawanda Natural (1Kg) R221;(974.64);40.61;40.61;(974.64);(24.0000);0.00;635 - مخزون البن الاخضر;635 - مخزون البن الاخضر
30 سبتمبر 2025;Adjustment;Bulk Adjustment;;جرد 30/9 للبن الاخضر;1,096.47;40.61;0.00;1,096.47;27.0000;0.00;;635 - مخزون البن الاخضر
22 أكتوبر 2025;Receivable Invoice;INV-4592;شركة لوازم للتجارة والتسويق;Rawanda Natural (1Kg)R221-(bags30k);(395.00);40.61;79.00;(203.05);(5.0000);38.39;202 - مبيعات القهوة المحمصه;635 - مخزون البن الاخضر
05 نوفمبر 2025;Payable Credit Note;7227;امر تحميص مستودع البن الاخضر;Rawanda Natural (1Kg) R221;(487.32);40.61;40.61;(487.32);(12.0000);0.00;635 - مخزون البن الاخضر;635 - مخزون البن الاخضر
13 نوفمبر 2025;Payable Credit Note;7228;امر تحميص مستودع البن الاخضر;Rawanda Natural (1Kg) R221;(974.64);40.61;40.61;(974.64);(24.0000);0.00;635 - مخزون البن الاخضر;635 - مخزون البن الاخضر
25 نوفمبر 2025;Receivable Invoice;INV-4782;شركة لوازم للتجارة والتسويق;Rawanda Natural (1Kg)R221-(bags30k);(1,580.00);40.61;79.00;(812.20);(20.0000);38.39;202 - مبيعات القهوة المحمصه;635 - مخزون البن الاخضر
27 نوفمبر 2025;Payable Credit Note;7230;امر تحميص مستودع البن الاخضر;Rawanda Natural (1Kg) R221;(1,502.57);40.61;40.61;(1,502.57);(37.0000);0.00;635 - مخزون البن الاخضر;635 - مخزون البن الاخضر
10 ديسمبر 2025;Payable Credit Note;7232;امر تحميص مستودع البن الاخضر;Rawanda Natural (1Kg) R221;(487.32);40.61;40.61;(487.32);(12.0000);0.00;635 - مخزون البن الاخضر;635 - مخزون البن الاخضر
31 ديسمبر 2025;Adjustment;Quantity Increase;;جرد 31/12;406.11;40.61;0.00;406.11;10.0000;0.00;;635 - مخزون البن الاخضر
Total GB002A- قهوة رواندي طبيعة اخضر - Rawanda Natural (1Kg) R221;;;;;(8,838.08);;;(7,878.33);(194.0000);76.78;;
Closing Balance;;;;;0.00;0.00;0.00;568.56;14.0000;0.00;;
;;;;;;;;;;;;
GB002B-قهوة رواندي معالجة اخضر - Rawanda Anaerobicl(1Kg)R121;;;;;;;;;;;;
Opening Balance;;;;;0.00;0.00;0.00;92,374.23;3,231.0000;0.00;;
06 يناير 2025;Receivable Invoice;INV-2985;فرحان مطر;Rawanda Anaerobicl(1Kg)R121;(391.30);28.59;13.04;(857.70);(30.0000);(15.55);201 - مبيعات القهوة الخضراء;635 - مخزون البن الاخضر
08 مايو 2025;Adjustment;Quantity Decrease;;انتهاء صلاحية الصنف وتم اتلافة;(91,516.53);28.59;0.00;(91,516.53);(3,201.0000);0.00;;635 - مخزون البن الاخضر
30 سبتمبر 2025;Adjustment;Bulk Adjustment;;جرد 30/9 للبن الاخضر;0.00;0.00;0.00;0.00;0.0000;0.00;;635 - مخزون البن الاخضر
Total GB002B-قهوة رواندي معالجة اخضر - Rawanda Anaerobicl(1Kg)R121;;;;;(91,907.83);;;(92,374.23);(3,231.0000);(15.55);;
Closing Balance;;;;;0.00;0.00;0.00;0.00;0.0000;0.00;;
;;;;;;;;;;;;
GB003-اوراقا سوبر ناتشورل اخضر - Uraga Super Natural 20 24k carton;;;;;;;;;;;;
Opening Balance;;;;;0.00;0.00;0.00;0.00;0.0000;0.00;;
30 سبتمبر 2025;Adjustment;Bulk Adjustment;;جرد 30/9 للبن الاخضر;0.00;0.00;0.00;0.00;0.0000;0.00;;635 - مخزون البن الاخضر
Total GB003-اوراقا سوبر ناتشورل اخضر - Uraga Super Natural 20 24k carton;;;;;0.00;;;0.00;0.0000;0.00;;
Closing Balance;;;;;0.00;0.00;0.00;0.00;0.0000;0.00;;
;;;;;;;;;;;;
GB0037- كولمبي كوكا مغسولة - Colombi Regional Suarez Cauca Washed-Co24;;;;;;;;;;;;
Opening Balance;;;;;0.00;0.00;0.00;169,923.84;7,296.0000;0.00;;
15 يناير 2025;Payable Credit Note;7200;امر تحميص مستودع البن الاخضر;Colombi Regional Suarez Cauca Washed-Co24(bags70k);(279.48);23.29;23.29;(279.48);(12.0000);0.00;635 - مخزون البن الاخضر;635 - مخزون البن الاخضر
12 فبراير 2025;Payable Credit Note;7204;امر تحميص مستودع البن الاخضر;Colombi Regional Suarez Cauca Washed-Co24(bags70k);(675.41);23.29;23.29;(675.41);(29.0000);0.00;635 - مخزون البن الاخضر;635 - مخزون البن الاخضر
12 فبراير 2025;Payable Credit Note;7203;امر تحميص مستودع البن الاخضر;Colombi Regional Suarez Cauca Washed-Co24(bags70k);(1,420.69);23.29;23.29;(1,420.69);(61.0000);0.00;635 - مخزون البن الاخضر;635 - مخزون البن الاخضر
23 فبراير 2025;Receivable Invoice;INV-3246;مؤسسة خطوات التحميص للتجارة;Colombi Regional Suarez Cauca Washed-Co24(bags70k);(4,620.00);23.29;33.00;(3,260.60);(140.0000);9.71;201 - مبيعات القهوة الخضراء;635 - مخزون البن الاخضر
13 مارس 2025;Payable Credit Note;7207;امر تحميص مستودع البن الاخضر;Colombi Regional Suarez Cauca Washed-Co24(bags70k);(2,259.13);23.29;23.29;(2,259.13);(97.0000);0.00;635 - مخزون البن الاخضر;635 - مخزون البن الاخضر
13 مارس 2025;Payable Credit Note;7207;امر تحميص مستودع البن الاخضر;Colombi Regional Suarez Cauca Washed-Co24(bags70k);(1,117.92);23.29;23.29;(1,117.92);(48.0000);0.00;635 - مخزون البن الاخضر;635 - مخزون البن الاخضر
30 مارس 2025;Adjustment;Quantity Decrease;;"جرد 29/3/2025
";(23.29);23.29;0.00;(23.29);(1.0000);0.00;;635 - مخزون البن الاخضر
17 أبريل 2025;Payable Credit Note;7210;امر تحميص مستودع البن الاخضر;Colombi Regional Suarez Cauca Washed-Co24(bags70k);(4,797.74);23.29;23.29;(4,797.74);(206.0000);0.00;635 - مخزون البن الاخضر;635 - مخزون البن الاخضر
17 أبريل 2025;Payable Credit Note;7211;امر تحميص مستودع البن الاخضر;Colombi Regional Suarez Cauca Washed-Co24(bags70k);(1,117.92);23.29;23.29;(1,117.92);(48.0000);0.00;635 - مخزون البن الاخضر;635 - مخزون البن الاخضر
19 مايو 2025;Payable Credit Note;7214;امر تحميص مستودع البن الاخضر;Colombi Regional Suarez Cauca Washed-Co24(bags70k);(558.96);23.29;23.29;(558.96);(24.0000);0.00;635 - مخزون البن الاخضر;635 - مخزون البن الاخضر
19 مايو 2025;Payable Credit Note;7214;امر تحميص مستودع البن الاخضر;Colombi Regional Suarez Cauca Washed-Co24(bags70k);(894.34);23.29;23.29;(894.34);(38.4000);0.00;635 - مخزون البن الاخضر;635 - مخزون البن الاخضر
28 مايو 2025;Receivable Invoice;INV-3795;مؤسسة خطوات التحميص للتجارة;Colombi Regional Suarez Cauca Washed-Co24(bags70k);(4,620.00);23.29;33.00;(3,260.60);(140.0000);9.71;201 - مبيعات القهوة الخضراء;635 - مخزون البن الاخضر
01 يونيو 2025;Receivable Invoice;INV-3811;مؤسسة محمد سليمان لتقديم الوجبات;Colombi Regional Suarez Cauca Washed-Co24(bags70k);(2,310.00);23.29;33.00;(1,630.30);(70.0000);9.71;201 - مبيعات القهوة الخضراء;635 - مخزون البن الاخضر
18 يونيو 2025;Payable Credit Note;7217;امر تحميص مستودع البن الاخضر;Colombi Regional Suarez Cauca Washed-Co24(bags70k);(6,195.14);23.29;23.29;(6,195.14);(266.0000);0.00;635 - مخزون البن الاخضر;635 - مخزون البن الاخضر
24 يونيو 2025;Payable Credit Note;7218;امر تحميص مستودع البن الاخضر;Colombi Regional Suarez Cauca Washed-Co24(bags70k);(1,350.82);23.29;23.29;(1,350.82);(58.0000);0.00;635 - مخزون البن الاخضر;635 - مخزون البن الاخضر
26 يونيو 2025;Adjustment;Quantity Decrease;;جرد 25/6;(200.29);23.29;0.00;(200.29);(8.6000);0.00;;635 - مخزون البن الاخضر
02 أغسطس 2025;Receivable Invoice;INV-4159;مؤسسة خطوات التحميص للتجارة;Colombi Regional Suarez Cauca Washed-Co24(bags70k);(2,310.00);23.29;33.00;(1,630.30);(70.0000);9.71;201 - مبيعات القهوة الخضراء;635 - مخزون البن الاخضر
05 أغسطس 2025;Payable Credit Note;7219;امر تحميص مستودع البن الاخضر;Colombi Regional Suarez Cauca Washed-Co24(bags70k);(3,353.76);23.29;23.29;(3,353.76);(144.0000);0.00;635 - مخزون البن الاخضر;635 - مخزون البن الاخضر
07 أغسطس 2025;Payable Credit Note;7220;امر تحميص مستودع البن الاخضر;Colombi Regional Suarez Cauca Washed-Co24(bags70k);(1,339.18);23.29;23.29;(1,339.18);(57.5000);0.00;635 - مخزون البن الاخضر;635 - مخزون البن الاخضر
18 أغسطس 2025;Payable Credit Note;7221;امر تحميص مستودع البن الاخضر;Colombi Regional Suarez Cauca Washed-Co24(bags70k);(9,083.10);23.29;23.29;(9,083.10);(390.0000);0.00;635 - مخزون البن الاخضر;635 - مخزون البن الاخضر
27 أغسطس 2025;Receivable Invoice;INV-4300;مؤسسة خطوات التحميص للتجارة;Colombi Regional Suarez Cauca Washed-Co24(bags70k);(4,620.00);23.29;33.00;(3,260.60);(140.0000);9.71;201 - مبيعات القهوة الخضراء;635 - مخزون البن الاخضر
03 سبتمبر 2025;Receivable Invoice;INV-4332;محمصه مرسى;Colombi Regional Suarez Cauca Washed-Co24(bags70k);(2,310.00);23.29;33.00;(1,630.30);(70.0000);9.71;201 - مبيعات القهوة الخضراء;635 - مخزون البن الاخضر
14 سبتمبر 2025;Payable Credit Note;7223;امر تحميص مستودع البن الاخضر;Colombi Regional Suarez Cauca Washed-Co24(bags70k);(6,777.39);23.29;23.29;(6,777.39);(291.0000);0.00;635 - مخزون البن الاخضر;635 - مخزون البن الاخضر
14 سبتمبر 2025;Payable Credit Note;7223;امر تحميص مستودع البن الاخضر;Colombi Regional Suarez Cauca Washed-Co24(bags70k);(111.79);23.29;23.29;(111.79);(4.8000);0.00;635 - مخزون البن الاخضر;635 - مخزون البن الاخضر
16 سبتمبر 2025;Payable Credit Note;7224;امر تحميص مستودع البن الاخضر;Colombi Regional Suarez Cauca Washed-Co24(bags70k);(558.96);23.29;23.29;(558.96);(24.0000);0.00;635 - مخزون البن الاخضر;635 - مخزون البن الاخضر
30 سبتمبر 2025;Adjustment;Bulk Adjustment;;جرد 30/9 للبن الاخضر;1,334.52;23.29;0.00;1,334.52;57.3000;0.00;;635 - مخزون البن الاخضر
16 أكتوبر 2025;Payable Credit Note;7226;امر تحميص مستودع البن الاخضر;Colombi Regional Suarez Cauca Washed-Co24(bags70k);(2,841.38);23.29;23.29;(2,841.38);(122.0000);0.00;635 - مخزون البن الاخضر;635 - مخزون البن الاخضر
16 أكتوبر 2025;Payable Credit Note;7226;امر تحميص مستودع البن الاخضر;Colombi Regional Suarez Cauca Washed-Co24(bags70k);(1,117.92);23.29;23.29;(1,117.92);(48.0000);0.00;635 - مخزون البن الاخضر;635 - مخزون البن الاخضر
18 أكتوبر 2025;Receivable Invoice;INV-4568;مؤسسة خطوات التحميص للتجارة;Colombi Regional Suarez Cauca Washed-Co24(bags70k);(2,310.00);23.29;33.00;(1,630.30);(70.0000);9.71;201 - مبيعات القهوة الخضراء;635 - مخزون البن الاخضر
13 نوفمبر 2025;Receivable Invoice;INV-4720;مؤسسة خطوات التحميص للتجارة;Colombi Regional Suarez Cauca Washed-Co24(bags70k);(2,310.00);23.29;33.00;(1,630.30);(70.0000);9.71;201 - مبيعات القهوة الخضراء;635 - مخزون البن الاخضر
21 نوفمبر 2025;Payable Credit Note;7229;امر تحميص مستودع البن الاخضر;Colombi Regional Suarez Cauca Washed-Co24(bags70k);(335.38);23.29;23.29;(335.38);(14.4000);0.00;635 - مخزون البن الاخضر;635 - مخزون البن الاخضر
10 ديسمبر 2025;Payable Credit Note;7232;امر تحميص مستودع البن الاخضر;Colombi Regional Suarez Cauca Washed-Co24(bags70k);(1,420.69);23.29;23.29;(1,420.69);(61.0000);0.00;635 - مخزون البن الاخضر;635 - مخزون البن الاخضر
18 ديسمبر 2025;Payable Credit Note;7233;امر تحميص مستودع البن الاخضر;Colombi Regional Suarez Cauca Washed-Co24(bags70k);(1,141.21);23.29;23.29;(1,141.21);(49.0000);0.00;635 - مخزون البن الاخضر;635 - مخزون البن الاخضر
24 ديسمبر 2025;Payable Credit Note;7234;امر تحميص مستودع البن الاخضر;Colombi Regional Suarez Cauca Washed-Co24(bags70k);(1,141.21);23.29;23.29;(1,141.21);(49.0000);0.00;635 - مخزون البن الاخضر;635 - مخزون البن الاخضر
24 ديسمبر 2025;Receivable Invoice;INV-4947;مؤسسة خطوات التحميص للتجارة;Colombi Regional Suarez Cauca Washed-Co24(bags70k);(2,310.00);23.29;33.00;(1,630.30);(70.0000);9.71;201 - مبيعات القهوة الخضراء;635 - مخزون البن الاخضر
25 ديسمبر 2025;Receivable Invoice;INV-4948;نادر الحربى;Colombi Regional Suarez Cauca Washed-Co24(bags70k);(2,310.00);23.29;33.00;(1,630.30);(70.0000);9.71;201 - مبيعات القهوة الخضراء;635 - مخزون البن الاخضر
31 ديسمبر 2025;Receivable Invoice;INV-4988;مقهى ستة اوقيات لتقديم المشروبات;Colombi Regional Suarez Cauca Washed-Co24(bags70k);(6,930.00);23.29;33.00;(4,890.90);(210.0000);9.71;201 - مبيعات القهوة الخضراء;635 - مخزون البن الاخضر
31 ديسمبر 2025;Adjustment;Quantity Increase;;جرد 31/12;139.74;23.29;0.00;139.74;6.0000;0.00;;635 - مخزون البن الاخضر
Total GB0037- كولمبي كوكا مغسولة - Colombi Regional Suarez Cauca Washed-Co24;;;;;(85,598.85);;;(74,723.65);(3,208.4000);106.81;;
Closing Balance;;;;;0.00;0.00;0.00;95,200.19;4,087.6000;0.00;;
;;;;;;;;;;;;
GB004-اوراقا سوبر ناتشورل اخضر - Uraga Super Natural  (24K) 220;;;;;;;;;;;;
Opening Balance;;;;;0.00;0.00;0.00;10,789.11;128.0000;0.00;;
15 يناير 2025;Payable Credit Note;7201;امر تحميص مستودع البن الاخضر;Uraga Super Natural 220(24K);(1,011.48);84.29;84.29;(1,011.48);(12.0000);0.00;635 - مخزون البن الاخضر;635 - مخزون البن الاخضر
28 يناير 2025;Payable Credit Note;7202;امر تحميص مستودع البن الاخضر;Uraga Super Natural 220(24K);(3,034.44);84.29;84.29;(3,034.44);(36.0000);0.00;635 - مخزون البن الاخضر;635 - مخزون البن الاخضر
13 مارس 2025;Payable Credit Note;7207;امر تحميص مستودع البن الاخضر;Uraga Super Natural 220(24K);(4,804.53);84.29;84.29;(4,804.53);(57.0000);0.00;635 - مخزون البن الاخضر;635 - مخزون البن الاخضر
30 مارس 2025;Adjustment;Quantity Increase;;جرد 29/3;84.29;84.29;0.00;84.29;1.0000;0.00;;635 - مخزون البن الاخضر
04 سبتمبر 2025;Payable Credit Note;7222;امر تحميص مستودع البن الاخضر;Uraga Super Natural 220(24K);(2,006.10);84.29;84.29;(2,006.10);(23.8000);0.00;635 - مخزون البن الاخضر;635 - مخزون البن الاخضر
30 سبتمبر 2025;Adjustment;Bulk Adjustment;;جرد 30/9 للبن الاخضر;(16.85);84.25;0.00;(16.85);(0.2000);0.00;;635 - مخزون البن الاخضر
Total GB004-اوراقا سوبر ناتشورل اخضر - Uraga Super Natural  (24K) 220;;;;;(10,789.11);;;(10,789.11);(128.0000);0.00;;
Closing Balance;;;;;0.00;0.00;0.00;0.00;0.0000;0.00;;
;;;;;;;;;;;;
GB00466-كولمبي سودان رومى - ExoticYellow Sudan Rume Natural Felipe Arcila CO24;;;;;;;;;;;;
Opening Balance;;;;;0.00;0.00;0.00;12,012.00;48.0000;0.00;;
04 يونيو 2025;Payable Credit Note;7215;امر تحميص مستودع البن الاخضر;Exotic Yellow Sudan Rume Natural -Felipe Arcila (1Kg)(bags24k);(1,501.50);250.25;250.25;(1,501.50);(6.0000);0.00;635 - مخزون البن الاخضر;635 - مخزون البن الاخضر
30 سبتمبر 2025;Adjustment;Bulk Adjustment;;جرد 30/9 للبن الاخضر;0.00;0.00;0.00;0.00;0.0000;0.00;;635 - مخزون البن الاخضر
Total GB00466-كولمبي سودان رومى - ExoticYellow Sudan Rume Natural Felipe Arcila CO24;;;;;(1,501.50);;;(1,501.50);(6.0000);0.00;;
Closing Balance;;;;;0.00;0.00;0.00;10,510.50;42.0000;0.00;;
;;;;;;;;;;;;
GB006-اوراقا سوبر ناتشورل اخضر - Uraga Super Natural320;;;;;;;;;;;;
Opening Balance;;;;;0.00;0.00;0.00;0.00;0.0000;0.00;;
30 سبتمبر 2025;Adjustment;Bulk Adjustment;;جرد 30/9 للبن الاخضر;0.00;0.00;0.00;0.00;0.0000;0.00;;635 - مخزون البن الاخضر
Total GB006-اوراقا سوبر ناتشورل اخضر - Uraga Super Natural320;;;;;0.00;;;0.00;0.0000;0.00;;
Closing Balance;;;;;0.00;0.00;0.00;0.00;0.0000;0.00;;
;;;;;;;;;;;;
GB0145- نانسيبو سيدامو اخضر - Natural Sidomo Nensebo Eth 24(bags60k);;;;;;;;;;;;
Opening Balance;;;;;0.00;0.00;0.00;174,522.32;5,445.0000;0.00;;
15 يناير 2025;Payable Credit Note;7200;امر تحميص مستودع البن الاخضر;Natural Sidomo Nensebo (1kg)Eth24(bags60k);(7,832.40);32.10;32.10;(7,832.40);(244.0000);0.00;635 - مخزون البن الاخضر;635 - مخزون البن الاخضر
16 يناير 2025;Receivable Invoice;INV-3032;شركة طول لتقديم المشروبات;"Natural Sidomo Nensebo Eth (bags60k)
عدد 30 خيشة";(81,216.00);32.10;45.12;(57,780.00);(1,800.0000);13.02;201 - مبيعات القهوة الخضراء;635 - مخزون البن الاخضر
19 يناير 2025;Receivable Invoice;INV-3055;مقهى اناقة البن لتقديم المشروبات;"Natural Sidomo Nensebo Eth (bags60k)
10خياش";(27,072.00);32.10;45.12;(19,260.00);(600.0000);13.02;201 - مبيعات القهوة الخضراء;635 - مخزون البن الاخضر
27 يناير 2025;Receivable Invoice;INV-3090;مقهى اناقة البن لتقديم المشروبات;Natural Sidomo Nensebo Eth 24(bags60k);(27,072.00);32.00;45.12;(19,199.05);(600.0000);13.12;201 - مبيعات القهوة الخضراء;635 - مخزون البن الاخضر
28 يناير 2025;Payable Credit Note;7202;امر تحميص مستودع البن الاخضر;Natural Sidomo Nensebo (1kg)Eth24(bags60k);(7,062.00);32.10;32.10;(7,062.00);(220.0000);0.00;635 - مخزون البن الاخضر;635 - مخزون البن الاخضر
12 فبراير 2025;Payable Credit Note;7203;امر تحميص مستودع البن الاخضر;Natural Sidomo Nensebo (1kg)Eth24(bags60k);(7,832.40);32.10;32.10;(7,832.40);(244.0000);0.00;635 - مخزون البن الاخضر;635 - مخزون البن الاخضر
16 فبراير 2025;Receivable Invoice;INV-3208;مقهى اناقة البن لتقديم المشروبات;Natural Sidomo Nensebo Eth 24(bags60k);(14,400.00);31.98;48.00;(9,595.24);(300.0000);16.02;201 - مبيعات القهوة الخضراء;635 - مخزون البن الاخضر
26 فبراير 2025;Payable Credit Note;7205;امر تحميص مستودع البن الاخضر;Natural Sidomo Nensebo (1kg)Eth24(bags60k) قهوة سعودية;(240.75);32.10;32.10;(240.75);(7.5000);0.00;635 - مخزون البن الاخضر;635 - مخزون البن الاخضر
26 فبراير 2025;Payable Credit Note;7205;امر تحميص مستودع البن الاخضر;Natural Sidomo Nensebo (1kg)Eth24(bags60k);(3,531.00);32.10;32.10;(3,531.00);(110.0000);0.00;635 - مخزون البن الاخضر;635 - مخزون البن الاخضر
27 فبراير 2025;Receivable Invoice;INV-3284;مقهى اناقة البن لتقديم المشروبات;Natural Sidomo Nensebo Eth (bags60k) 5 خياش;(14,400.00);31.97;48.00;(9,592.15);(300.0000);16.03;201 - مبيعات القهوة الخضراء;635 - مخزون البن الاخضر
06 مارس 2025;Receivable Invoice;INV-3308;مقهى اناقة البن لتقديم المشروبات;Natural Sidomo Nensebo Eth 24(bags60k);(14,400.00);31.97;48.00;(9,592.15);(300.0000);16.03;201 - مبيعات القهوة الخضراء;635 - مخزون البن الاخضر
11 مارس 2025;Receivable Credit Note;CN-3336;شركة طول لتقديم المشروبات;"Natural Sidomo Nensebo Eth 24(bags60k)
ارجاع 15 خيشة";40,608.18;31.97;45.12;28,776.45;900.0000;0.00;;635 - مخزون البن الاخضر
13 مارس 2025;Payable Credit Note;7206;امر تحميص مستودع البن الاخضر;Natural Sidomo Nensebo (1kg)Eth24(bags60k);(7,832.40);32.10;32.10;(7,832.40);(244.0000);0.00;635 - مخزون البن الاخضر;635 - مخزون البن الاخضر
14 مارس 2025;Receivable Invoice;INV-3366;مقهى اناقة البن لتقديم المشروبات;Natural Sidomo Nensebo Eth 24(bags60k);(14,400.00);31.95;48.00;(9,585.44);(300.0000);16.05;201 - مبيعات القهوة الخضراء;635 - مخزون البن الاخضر
25 مارس 2025;Receivable Invoice;INV-3423;مقهى اناقة البن لتقديم المشروبات;Natural Sidomo Nensebo Eth 24(bags60k);(23,040.00);31.95;48.00;(15,336.69);(480.0000);16.05;201 - مبيعات القهوة الخضراء;635 - مخزون البن الاخضر
30 مارس 2025;Adjustment;Quantity Increase;;جرد 29/3;143.78;31.95;0.00;143.78;4.5000;0.00;;635 - مخزون البن الاخضر
10 أبريل 2025;Payable Credit Note;7209;امر تحميص مستودع البن الاخضر;Natural Sidomo Nensebo (1kg)Eth24(bags60k);(3,916.20);32.10;32.10;(3,916.20);(122.0000);0.00;635 - مخزون البن الاخضر;635 - مخزون البن الاخضر
22 أبريل 2025;Payable Credit Note;7212;امر تحميص مستودع البن الاخضر;Natural Sidomo Nensebo (1kg)Eth24(bags60k);(3,916.20);32.10;32.10;(3,916.20);(122.0000);0.00;635 - مخزون البن الاخضر;635 - مخزون البن الاخضر
19 مايو 2025;Payable Credit Note;7213;امر تحميص مستودع البن الاخضر;Natural Sidomo Nensebo (1kg)Eth24(bags60k);(11,322.68);31.85;31.85;(11,322.68);(355.5000);0.00;635 - مخزون البن الاخضر;635 - مخزون البن الاخضر
30 سبتمبر 2025;Adjustment;Bulk Adjustment;;جرد 30/9 للبن الاخضر;(15.79);31.58;0.00;(15.79);(0.5000);0.00;;635 - مخزون البن الاخضر
Total GB0145- نانسيبو سيدامو اخضر - Natural Sidomo Nensebo Eth 24(bags60k);;;;;(228,749.86);;;(174,522.32);(5,445.0000);119.33;;
Closing Balance;;;;;0.00;0.00;0.00;0.00;0.0000;0.00;;
;;;;;;;;;;;;
GB0146 -اديدو اخضر - Natural Yirgocheffe Idido Gr.l Eth24 (bags60k);;;;;;;;;;;;
Opening Balance;;;;;0.00;0.00;0.00;142,019.02;4,318.0000;0.00;;
15 يناير 2025;Payable Credit Note;7200;امر تحميص مستودع البن الاخضر;Natural Yirgocheffe Idido Gr.l(1kg) Eth24 (bags60k);(3,617.90);32.89;32.89;(3,617.90);(110.0000);0.00;635 - مخزون البن الاخضر;635 - مخزون البن الاخضر
19 يناير 2025;Receivable Invoice;INV-3048;مقهى مذاق لذيذ لتقديم المشروبات;Natural Yirgocheffe Idido Gr.(15خيشه)- (bags60k);(41,895.00);32.89;46.55;(29,601.00);(900.0000);13.66;201 - مبيعات القهوة الخضراء;635 - مخزون البن الاخضر
28 يناير 2025;Payable Credit Note;7202;امر تحميص مستودع البن الاخضر;Natural Yirgocheffe Idido Gr.l(1kg) Eth24 (bags60k);(4,045.47);32.89;32.89;(4,045.47);(123.0000);0.00;635 - مخزون البن الاخضر;635 - مخزون البن الاخضر
12 فبراير 2025;Payable Credit Note;7203;امر تحميص مستودع البن الاخضر;Natural Yirgocheffe Idido Gr.l(1kg) Eth24 (bags60k);(6,018.87);32.89;32.89;(6,018.87);(183.0000);0.00;635 - مخزون البن الاخضر;635 - مخزون البن الاخضر
13 فبراير 2025;Receivable Invoice;INV-3207;دؤل;Natural Yirgocheffe Idido Gr.l Eth24 (bags60k);(5,880.00);32.89;49.00;(3,946.80);(120.0000);16.11;201 - مبيعات القهوة الخضراء;635 - مخزون البن الاخضر
23 فبراير 2025;Receivable Invoice;INV-3246;مؤسسة خطوات التحميص للتجارة;Natural Yirgocheffe Idido Gr.l Eth24 (bags60k);(5,880.00);32.89;49.00;(3,946.80);(120.0000);16.11;201 - مبيعات القهوة الخضراء;635 - مخزون البن الاخضر
01 مارس 2025;Receivable Invoice;INV-3267;مقهى مذاق لذيذ لتقديم المشروبات;Natural Yirgocheffe Idido Gr.l Eth24 (bags60k);(27,930.00);32.89;46.55;(19,734.00);(600.0000);13.66;201 - مبيعات القهوة الخضراء;635 - مخزون البن الاخضر
13 مارس 2025;Payable Credit Note;7206;امر تحميص مستودع البن الاخضر;Natural Yirgocheffe Idido Gr.l(1kg) Eth24 (bags60k);(12,004.85);32.89;32.89;(12,004.85);(365.0000);0.00;635 - مخزون البن الاخضر;635 - مخزون البن الاخضر
20 مارس 2025;Receivable Invoice;INV-3385;مقهى مذاق لذيذ لتقديم المشروبات;Natural Yirgocheffe Idido Gr.l Eth24 (bags60k);(27,930.00);32.89;46.55;(19,734.00);(600.0000);13.66;201 - مبيعات القهوة الخضراء;635 - مخزون البن الاخضر
30 مارس 2025;Adjustment;Quantity Increase;;"جرد 29/3/2025
";98.67;32.89;0.00;98.67;3.0000;0.00;;635 - مخزون البن الاخضر
10 أبريل 2025;Payable Credit Note;7209;امر تحميص مستودع البن الاخضر;Natural Yirgocheffe Idido Gr.l(1kg) Eth24 (bags60k);(6,380.66);32.89;32.89;(6,380.66);(194.0000);0.00;635 - مخزون البن الاخضر;635 - مخزون البن الاخضر
10 أبريل 2025;Payable Credit Note;7209;امر تحميص مستودع البن الاخضر;Natural Yirgocheffe Idido Gr.l(1kg) Eth24 (bags60k);(1,184.04);32.89;32.89;(1,184.04);(36.0000);0.00;635 - مخزون البن الاخضر;635 - مخزون البن الاخضر
17 أبريل 2025;Payable Credit Note;7210;امر تحميص مستودع البن الاخضر;Natural Yirgocheffe Idido Gr.l(1kg) Eth24 (bags60k);(4,012.58);32.89;32.89;(4,012.58);(122.0000);0.00;635 - مخزون البن الاخضر;635 - مخزون البن الاخضر
19 أبريل 2025;Receivable Invoice;INV-3541;مقهى مذاق لذيذ لتقديم المشروبات;Natural Yirgocheffe Idido Gr.l Eth24 (bags60k);(19,551.00);32.89;46.55;(13,813.80);(420.0000);13.66;201 - مبيعات القهوة الخضراء;635 - مخزون البن الاخضر
28 أبريل 2025;Receivable Invoice;INV-3617;مؤسسة خطوات التحميص للتجارة;Natural Yirgocheffe Idido Gr.l Eth24 (bags60k);(5,880.00);32.89;49.00;(3,946.80);(120.0000);16.11;201 - مبيعات القهوة الخضراء;635 - مخزون البن الاخضر
04 مايو 2025;Receivable Invoice;INV-3651;مقهى مذاق لذيذ لتقديم المشروبات;Natural Yirgocheffe Idido Gr.l Eth24 (bags60k);(5,586.00);32.89;46.55;(3,946.80);(120.0000);13.66;201 - مبيعات القهوة الخضراء;635 - مخزون البن الاخضر
19 مايو 2025;Payable Credit Note;7213;امر تحميص مستودع البن الاخضر;Natural Yirgocheffe Idido Gr.l(1kg) Eth24 (bags60k);(6,183.32);32.89;32.89;(6,183.32);(188.0000);0.00;635 - مخزون البن الاخضر;635 - مخزون البن الاخضر
30 سبتمبر 2025;Adjustment;Bulk Adjustment;;جرد 30/9 للبن الاخضر;0.00;0.00;0.00;0.00;0.0000;0.00;;635 - مخزون البن الاخضر
Total GB0146 -اديدو اخضر - Natural Yirgocheffe Idido Gr.l Eth24 (bags60k);;;;;(183,881.02);;;(142,019.02);(4,318.0000);116.63;;
Closing Balance;;;;;0.00;0.00;0.00;0.00;0.0000;0.00;;
;;;;;;;;;;;;
GB0147-  سيدامو بلو هورا اخضر - Natural Sidomo Gr.l BULE HORA Eth24 (bags60k);;;;;;;;;;;;
Opening Balance;;;;;0.00;0.00;0.00;181,172.40;5,644.0000;0.00;;
15 يناير 2025;Payable Credit Note;7200;امر تحميص مستودع البن الاخضر;Natural Sidomo Gr.l BULE HORA (1kg)Eth24 (bags60k);(3,531.00);32.10;32.10;(3,531.00);(110.0000);0.00;635 - مخزون البن الاخضر;635 - مخزون البن الاخضر
02 فبراير 2025;Receivable Invoice;INV-3125;شركة جذور الجودة للتجارة;Natural Sidomo Gr.l BULE HORA Eth24 (bags60k);(11,520.00);32.10;48.00;(7,704.00);(240.0000);15.90;201 - مبيعات القهوة الخضراء;635 - مخزون البن الاخضر
28 فبراير 2025;Receivable Invoice;INV-3412;موقع سلة Salla website;Natural Sidomo Gr.l BULE HORA Eth24 (bags60k);(302.50);32.10;110.00;(88.28);(2.7500);77.90;203 - مبيعات المتجر الكترونى موقع سلة;635 - مخزون البن الاخضر
13 مارس 2025;Payable Credit Note;7206;امر تحميص مستودع البن الاخضر;Natural Sidomo Gr.l BULE HORA (1kg)Eth24 (bags60k);(2,343.30);32.10;32.10;(2,343.30);(73.0000);0.00;635 - مخزون البن الاخضر;635 - مخزون البن الاخضر
14 مارس 2025;Receivable Invoice;INV-3366;مقهى اناقة البن لتقديم المشروبات;Natural Sidomo Gr.l BULE HORA Eth24 (bags60k);(2,880.00);32.10;48.00;(1,926.00);(60.0000);15.90;201 - مبيعات القهوة الخضراء;635 - مخزون البن الاخضر
27 مارس 2025;Payable Credit Note;7108;امر تحميص مستودع البن الاخضر;Natural Sidomo Gr.l BULE HORA (1kg)Eth24 (bags60k);(240.75);32.10;32.10;(240.75);(7.5000);0.00;635 - مخزون البن الاخضر;635 - مخزون البن الاخضر
30 مارس 2025;Adjustment;Quantity Decrease;;جرد 29/3/2025 لمخزون الأخضر;(184.58);32.10;0.00;(184.58);(5.7500);0.00;;635 - مخزون البن الاخضر
05 أبريل 2025;Receivable Invoice;INV-3480;مقهى اناقة البن لتقديم المشروبات;Natural Sidomo Gr.l BULE HORA Eth24 (bags60k);(8,640.00);32.10;48.00;(5,778.00);(180.0000);15.90;201 - مبيعات القهوة الخضراء;635 - مخزون البن الاخضر
10 أبريل 2025;Receivable Invoice;INV-3522;مقهى اناقة البن لتقديم المشروبات;Natural Sidomo Gr.l BULE HORA Eth24 (bags60k);(8,640.00);32.10;48.00;(5,778.00);(180.0000);15.90;201 - مبيعات القهوة الخضراء;635 - مخزون البن الاخضر
17 أبريل 2025;Payable Credit Note;7210;امر تحميص مستودع البن الاخضر;Natural Sidomo Gr.l BULE HORA (1kg)Eth24 (bags60k);(1,155.60);32.10;32.10;(1,155.60);(36.0000);0.00;635 - مخزون البن الاخضر;635 - مخزون البن الاخضر
20 أبريل 2025;Receivable Invoice;INV-3570;مقهى اناقة البن لتقديم المشروبات;Natural Sidomo Gr.l BULE HORA Eth24 (bags60k);(11,520.00);32.10;48.00;(7,704.00);(240.0000);15.90;201 - مبيعات القهوة الخضراء;635 - مخزون البن الاخضر
29 أبريل 2025;Receivable Invoice;INV-3616;مقهى اناقة البن لتقديم المشروبات;Natural Sidomo Gr.l BULE HORA Eth24 (bags60k);(11,520.00);32.10;48.00;(7,704.00);(240.0000);15.90;201 - مبيعات القهوة الخضراء;635 - مخزون البن الاخضر
07 مايو 2025;Receivable Invoice;INV-3662;مقهى اناقة البن لتقديم المشروبات;Natural Sidomo Gr.l BULE HORA Eth24 (bags60k);(14,400.00);32.10;48.00;(9,630.00);(300.0000);15.90;201 - مبيعات القهوة الخضراء;635 - مخزون البن الاخضر
14 مايو 2025;Receivable Invoice;INV-3700;مقهى اناقة البن لتقديم المشروبات;Natural Sidomo Gr.l BULE HORA Eth24 (bags60k)  5خياش;(14,400.00);32.10;48.00;(9,630.00);(300.0000);15.90;201 - مبيعات القهوة الخضراء;635 - مخزون البن الاخضر
19 مايو 2025;Payable Credit Note;7213;امر تحميص مستودع البن الاخضر;Natural Sidomo Gr.l BULE HORA (1kg)Eth24 (bags60k);(3,113.70);32.10;32.10;(3,113.70);(97.0000);0.00;635 - مخزون البن الاخضر;635 - مخزون البن الاخضر
19 مايو 2025;Payable Credit Note;7213;امر تحميص مستودع البن الاخضر;Natural Sidomo Gr.l BULE HORA (1kg)Eth24 (bags60k) قهوة سعودية;(240.75);32.10;32.10;(240.75);(7.5000);0.00;635 - مخزون البن الاخضر;635 - مخزون البن الاخضر
20 مايو 2025;Receivable Invoice;INV-3744;مقهى اناقة البن لتقديم المشروبات;"Natural Sidomo Gr.l BULE HORA Eth24 (bags60k)
5خياش";(14,400.00);32.10;48.00;(9,630.00);(300.0000);15.90;201 - مبيعات القهوة الخضراء;635 - مخزون البن الاخضر
27 مايو 2025;Receivable Invoice;INV-3779;مقهى اناقة البن لتقديم المشروبات;"Natural Sidomo Gr.l BULE HORA Eth24 (bags60k)

(5خياش)";(14,400.00);32.10;48.00;(9,630.00);(300.0000);15.90;201 - مبيعات القهوة الخضراء;635 - مخزون البن الاخضر
09 يونيو 2025;Receivable Invoice;INV-3856;مقهى اناقة البن لتقديم المشروبات;Natural Sidomo Gr.l BULE HORA Eth24 (bags60k);(8,640.00);32.10;48.00;(5,778.00);(180.0000);15.90;201 - مبيعات القهوة الخضراء;635 - مخزون البن الاخضر
12 يونيو 2025;Payable Credit Note;7216;امر تحميص مستودع البن الاخضر;Natural Sidomo Gr.l BULE HORA (1kg)Eth24 (bags60k) قهوة سعودية;(240.75);32.10;32.10;(240.75);(7.5000);0.00;635 - مخزون البن الاخضر;635 - مخزون البن الاخضر
12 يونيو 2025;Payable Credit Note;7216;امر تحميص مستودع البن الاخضر;Natural Sidomo Gr.l BULE HORA (1kg)Eth24 (bags60k);(770.40);32.10;32.10;(770.40);(24.0000);0.00;635 - مخزون البن الاخضر;635 - مخزون البن الاخضر
18 يونيو 2025;Payable Credit Note;7217;امر تحميص مستودع البن الاخضر;Natural Sidomo Gr.l BULE HORA (1kg)Eth24 (bags60k);(9,790.50);32.10;32.10;(9,790.50);(305.0000);0.00;635 - مخزون البن الاخضر;635 - مخزون البن الاخضر
26 يونيو 2025;Adjustment;Quantity Decrease;;جرد 25/6;(385.20);32.10;0.00;(385.20);(12.0000);0.00;;635 - مخزون البن الاخضر
29 يونيو 2025;Receivable Invoice;INV-3962;مقهى اناقة البن لتقديم المشروبات;"Natural Sidomo Gr.l BULE HORA Eth24 (bags60k)

(5خياش)";(14,400.00);32.10;48.00;(9,630.00);(300.0000);15.90;201 - مبيعات القهوة الخضراء;635 - مخزون البن الاخضر
07 يوليو 2025;Receivable Invoice;INV-4019;مقهى اناقة البن لتقديم المشروبات;"Natural Sidomo Gr.l BULE HORA Eth24 (bags60k)

(5خياش)";(14,400.00);32.10;48.00;(9,630.00);(300.0000);15.90;201 - مبيعات القهوة الخضراء;635 - مخزون البن الاخضر
13 يوليو 2025;Receivable Invoice;INV-4051;مقهى اناقة البن لتقديم المشروبات;"Natural Sidomo Gr.l BULE HORA Eth24 (bags60k)

(6خياش)";(17,280.00);32.10;48.00;(11,556.00);(360.0000);15.90;201 - مبيعات القهوة الخضراء;635 - مخزون البن الاخضر
03 أغسطس 2025;Receivable Invoice;INV-4166;مؤسسة المحصول الانيق للتجارة;Natural Sidomo Gr.l BULE HORA Eth24 (bags60k) عدد6اخياش;(17,280.00);32.10;48.00;(11,556.00);(360.0000);15.90;201 - مبيعات القهوة الخضراء;635 - مخزون البن الاخضر
05 أغسطس 2025;Payable Credit Note;7219;امر تحميص مستودع البن الاخضر;Natural Sidomo Gr.l BULE HORA (1kg)Eth24 (bags60k);(9,244.80);32.10;32.10;(9,244.80);(288.0000);0.00;635 - مخزون البن الاخضر;635 - مخزون البن الاخضر
18 أغسطس 2025;Payable Credit Note;7221;امر تحميص مستودع البن الاخضر;Natural Sidomo Gr.l BULE HORA (1kg)Eth24 (bags60k);(7,383.00);32.10;32.10;(7,383.00);(230.0000);0.00;635 - مخزون البن الاخضر;635 - مخزون البن الاخضر
04 سبتمبر 2025;Payable Credit Note;7222;امر تحميص مستودع البن الاخضر;Natural Sidomo Gr.l BULE HORA (1kg)Eth24 (bags60k);(770.40);32.10;32.10;(770.40);(24.0000);0.00;635 - مخزون البن الاخضر;635 - مخزون البن الاخضر
14 سبتمبر 2025;Payable Credit Note;7223;امر تحميص مستودع البن الاخضر;Natural Sidomo Gr.l BULE HORA (1kg)Eth24 (bags60k);(240.75);32.10;32.10;(240.75);(7.5000);0.00;635 - مخزون البن الاخضر;635 - مخزون البن الاخضر
14 سبتمبر 2025;Payable Credit Note;7223;امر تحميص مستودع البن الاخضر;Natural Sidomo Gr.l BULE HORA (1kg)Eth24 (bags60k);(1,155.60);32.10;32.10;(1,155.60);(36.0000);0.00;635 - مخزون البن الاخضر;635 - مخزون البن الاخضر
16 سبتمبر 2025;Payable Credit Note;7224;امر تحميص مستودع البن الاخضر;Natural Sidomo Gr.l BULE HORA (1kg)Eth24 (bags60k);(8,602.80);32.10;32.10;(8,602.80);(268.0000);0.00;635 - مخزون البن الاخضر;635 - مخزون البن الاخضر
30 سبتمبر 2025;Adjustment;Bulk Adjustment;;جرد 30/9 للبن الاخضر;690.15;32.10;0.00;690.15;21.5000;0.00;;635 - مخزون البن الاخضر
16 أكتوبر 2025;Payable Credit Note;7226;امر تحميص مستودع البن الاخضر;Natural Sidomo Gr.l BULE HORA (1kg)Eth24 (bags60k);(8,667.00);32.10;32.10;(8,667.00);(270.0000);0.00;635 - مخزون البن الاخضر;635 - مخزون البن الاخضر
16 أكتوبر 2025;Payable Credit Note;7226;امر تحميص مستودع البن الاخضر;Natural Sidomo Gr.l BULE HORA (1kg)Eth24 (bags60k) قهوة سعودية;(240.75);32.10;32.10;(240.75);(7.5000);0.00;635 - مخزون البن الاخضر;635 - مخزون البن الاخضر
31 ديسمبر 2025;Adjustment;Quantity Increase;;جرد 31/12;99.51;32.10;0.00;99.51;3.1000;0.00;;635 - مخزون البن الاخضر
Total GB0147-  سيدامو بلو هورا اخضر - Natural Sidomo Gr.l BULE HORA Eth24 (bags60k);;;;;(242,134.47);;;(180,864.24);(5,634.4000);316.40;;
Closing Balance;;;;;0.00;0.00;0.00;308.16;9.6000;0.00;;
;;;;;;;;;;;;
GB0148- اوراقا اخضر - Natural Guji Gr.l Uraga Eth24 (bags60k);;;;;;;;;;;;
Opening Balance;;;;;0.00;0.00;0.00;267,540.00;7,644.0000;0.00;;
15 يناير 2025;Payable Credit Note;7200;امر تحميص مستودع البن الاخضر;Natural Guji Gr.l Uraga(1Kg) Eth24 (bags60k);(2,555.00);35.00;35.00;(2,555.00);(73.0000);0.00;635 - مخزون البن الاخضر;635 - مخزون البن الاخضر
28 يناير 2025;Payable Credit Note;7202;امر تحميص مستودع البن الاخضر;Natural Guji Gr.l Uraga(1Kg) Eth24 (bags60k);(1,260.00);35.00;35.00;(1,260.00);(36.0000);0.00;635 - مخزون البن الاخضر;635 - مخزون البن الاخضر
12 فبراير 2025;Payable Credit Note;7203;امر تحميص مستودع البن الاخضر;Natural Guji Gr.l Uraga(1Kg) Eth24 (bags60k);(2,555.00);35.00;35.00;(2,555.00);(73.0000);0.00;635 - مخزون البن الاخضر;635 - مخزون البن الاخضر
17 فبراير 2025;Receivable Invoice;INV-3214;مؤسسة صالح عبدالله صالح الصغير;Natural Guji Gr.l Uraga Eth24 (bags60k);(3,180.00);35.00;53.00;(2,100.00);(60.0000);18.00;201 - مبيعات القهوة الخضراء;635 - مخزون البن الاخضر
01 مارس 2025;Receivable Invoice;INV-3283;مؤسسة محمد سليمان لتقديم الوجبات;Natural Guji Gr.l Uraga Eth24 (bags60k);(3,180.00);35.00;53.00;(2,100.00);(60.0000);18.00;201 - مبيعات القهوة الخضراء;635 - مخزون البن الاخضر
01 مارس 2025;Receivable Invoice;INV-3267;مقهى مذاق لذيذ لتقديم المشروبات;Natural Guji Gr.l Uraga Eth24 (bags60k);(9,540.00);35.00;53.00;(6,300.00);(180.0000);18.00;201 - مبيعات القهوة الخضراء;635 - مخزون البن الاخضر
08 مارس 2025;Receivable Invoice;INV-3324;نادر الحربى;Natural Guji Gr.l Uraga Eth24 (bags60k);(6,000.00);35.00;50.00;(4,200.00);(120.0000);15.00;201 - مبيعات القهوة الخضراء;635 - مخزون البن الاخضر
13 مارس 2025;Payable Credit Note;7206;امر تحميص مستودع البن الاخضر;Natural Guji Gr.l Uraga(1Kg) Eth24 (bags60k);(4,690.00);35.00;35.00;(4,690.00);(134.0000);0.00;635 - مخزون البن الاخضر;635 - مخزون البن الاخضر
17 أبريل 2025;Payable Credit Note;7210;امر تحميص مستودع البن الاخضر;Natural Guji Gr.l Uraga(1Kg) Eth24 (bags60k);(4,270.00);35.00;35.00;(4,270.00);(122.0000);0.00;635 - مخزون البن الاخضر;635 - مخزون البن الاخضر
19 أبريل 2025;Receivable Invoice;INV-3564;مؤسسة صالح عبدالله صالح الصغير;Natural Guji Gr.l Uraga Eth24 (bags60k);(3,180.00);35.00;53.00;(2,100.00);(60.0000);18.00;201 - مبيعات القهوة الخضراء;635 - مخزون البن الاخضر
19 أبريل 2025;Receivable Invoice;INV-3562;نادر الحربى;Natural Guji Gr.l Uraga Eth24 (bags60k);(3,000.00);35.00;50.00;(2,100.00);(60.0000);15.00;201 - مبيعات القهوة الخضراء;635 - مخزون البن الاخضر
24 أبريل 2025;Receivable Invoice;INV-3589;مقهى لدن اربعين لتقديم المشروبات;Natural Guji Gr.l Uraga Eth24 (bags60k);(3,180.00);35.00;53.00;(2,100.00);(60.0000);18.00;201 - مبيعات القهوة الخضراء;635 - مخزون البن الاخضر
18 مايو 2025;Receivable Invoice;INV-3722;مقهى لدن اربعين لتقديم المشروبات;Natural Guji Gr.l Uraga Eth24 (bags60k);(3,180.00);35.00;53.00;(2,100.00);(60.0000);18.00;201 - مبيعات القهوة الخضراء;635 - مخزون البن الاخضر
19 مايو 2025;Payable Credit Note;7214;امر تحميص مستودع البن الاخضر;Natural Guji Gr.l Uraga(1Kg) Eth24 (bags60k);(6,405.00);35.00;35.00;(6,405.00);(183.0000);0.00;635 - مخزون البن الاخضر;635 - مخزون البن الاخضر
26 مايو 2025;Receivable Invoice;INV-3778;نادر الحربى;"Natural Guji Gr.l Uraga Eth24 (bags60k)
2خيشه";(6,360.00);35.00;53.00;(4,200.00);(120.0000);18.00;201 - مبيعات القهوة الخضراء;635 - مخزون البن الاخضر
01 يونيو 2025;Receivable Invoice;INV-3811;مؤسسة محمد سليمان لتقديم الوجبات;Natural Guji Gr.l Uraga Eth24 (bags60k);(3,180.00);35.00;53.00;(2,100.00);(60.0000);18.00;201 - مبيعات القهوة الخضراء;635 - مخزون البن الاخضر
02 يونيو 2025;Receivable Invoice;INV-3823;مقهى لدن اربعين لتقديم المشروبات;Natural Guji Gr.l Uraga Eth24 (bags60k);(3,180.00);35.00;53.00;(2,100.00);(60.0000);18.00;201 - مبيعات القهوة الخضراء;635 - مخزون البن الاخضر
12 يونيو 2025;Payable Credit Note;7216;امر تحميص مستودع البن الاخضر;Natural Guji Gr.l Uraga(1Kg) Eth24 (bags60k);(4,270.00);35.00;35.00;(4,270.00);(122.0000);0.00;635 - مخزون البن الاخضر;635 - مخزون البن الاخضر
22 يونيو 2025;Receivable Invoice;INV-3922;مقهى لدن اربعين لتقديم المشروبات;Natural Guji Gr.l Uraga Eth24 (bags60k);(3,180.00);35.00;53.00;(2,100.00);(60.0000);18.00;201 - مبيعات القهوة الخضراء;635 - مخزون البن الاخضر
24 يونيو 2025;Payable Credit Note;7218;امر تحميص مستودع البن الاخضر;Natural Guji Gr.l Uraga(1Kg) Eth24 (bags60k);(1,260.00);35.00;35.00;(1,260.00);(36.0000);0.00;635 - مخزون البن الاخضر;635 - مخزون البن الاخضر
26 يونيو 2025;Adjustment;Quantity Decrease;;جرد 25/6;(105.00);35.00;0.00;(105.00);(3.0000);0.00;;635 - مخزون البن الاخضر
20 يوليو 2025;Receivable Invoice;INV-4080;شركة المجال الحديثة لخدمات الاعاشة;Natural Guji Gr.l Uraga Eth24 (bags60k);(6,360.00);35.00;53.00;(4,200.00);(120.0000);18.00;201 - مبيعات القهوة الخضراء;635 - مخزون البن الاخضر
24 يوليو 2025;Receivable Invoice;INV-4103;مؤسسة المحصول الانيق للتجارة;Natural Guji Gr.l Uraga Eth24 (bags60k) عدد 2 اخياش;(6,360.00);35.00;53.00;(4,200.00);(120.0000);18.00;201 - مبيعات القهوة الخضراء;635 - مخزون البن الاخضر
04 أغسطس 2025;Receivable Invoice;INV-4167;نادر الحربى;Natural Guji Gr.l Uraga Eth24 (bags60k);(6,360.00);35.00;53.00;(4,200.00);(120.0000);18.00;201 - مبيعات القهوة الخضراء;635 - مخزون البن الاخضر
05 أغسطس 2025;Payable Credit Note;7219;امر تحميص مستودع البن الاخضر;Natural Guji Gr.l Uraga(1Kg) Eth24 (bags60k);(7,140.00);35.00;35.00;(7,140.00);(204.0000);0.00;635 - مخزون البن الاخضر;635 - مخزون البن الاخضر
07 أغسطس 2025;Payable Credit Note;7220;امر تحميص مستودع البن الاخضر;Natural Guji Gr.l Uraga(1Kg) Eth24 (bags60k);(13,020.00);35.00;35.00;(13,020.00);(372.0000);0.00;635 - مخزون البن الاخضر;635 - مخزون البن الاخضر
14 أغسطس 2025;Receivable Invoice;INV-4236;مؤسسة المحصول الانيق للتجارة;Natural Guji Gr.l Uraga Eth24 (bags60k) عدد 3اخياش;(9,063.00);35.00;50.35;(6,300.00);(180.0000);15.35;201 - مبيعات القهوة الخضراء;635 - مخزون البن الاخضر
18 أغسطس 2025;Payable Credit Note;7221;امر تحميص مستودع البن الاخضر;Natural Guji Gr.l Uraga(1Kg) Eth24 (bags60k);(5,110.00);35.00;35.00;(5,110.00);(146.0000);0.00;635 - مخزون البن الاخضر;635 - مخزون البن الاخضر
20 أغسطس 2025;Receivable Invoice;INV-4261;مؤسسة المحصول الانيق للتجارة;Natural Guji Gr.l Uraga Eth24 (bags60k);(30,210.00);35.00;50.35;(21,000.00);(600.0000);15.35;201 - مبيعات القهوة الخضراء;635 - مخزون البن الاخضر
04 سبتمبر 2025;Payable Credit Note;7222;امر تحميص مستودع البن الاخضر;Natural Guji Gr.l Uraga(1Kg) Eth24 (bags60k);(3,815.00);35.00;35.00;(3,815.00);(109.0000);0.00;635 - مخزون البن الاخضر;635 - مخزون البن الاخضر
04 سبتمبر 2025;Receivable Invoice;INV-4367;شركة المجال الحديثة لخدمات الاعاشة;Natural Guji Gr.l Uraga Eth24 (bags60k);(3,180.00);35.00;53.00;(2,100.00);(60.0000);18.00;201 - مبيعات القهوة الخضراء;635 - مخزون البن الاخضر
14 سبتمبر 2025;Payable Credit Note;7223;امر تحميص مستودع البن الاخضر;Natural Guji Gr.l Uraga(1Kg) Eth24 (bags60k);(8,540.00);35.00;35.00;(8,540.00);(244.0000);0.00;635 - مخزون البن الاخضر;635 - مخزون البن الاخضر
14 سبتمبر 2025;Receivable Invoice;INV-4396;نادر الحربى;Natural Guji Gr.l Uraga Eth24 (bags60k);(6,360.00);35.00;53.00;(4,200.00);(120.0000);18.00;201 - مبيعات القهوة الخضراء;635 - مخزون البن الاخضر
16 سبتمبر 2025;Payable Credit Note;7224;امر تحميص مستودع البن الاخضر;Natural Guji Gr.l Uraga(1Kg) Eth24 (bags60k);(4,270.00);35.00;35.00;(4,270.00);(122.0000);0.00;635 - مخزون البن الاخضر;635 - مخزون البن الاخضر
16 سبتمبر 2025;Receivable Invoice;INV-4408;شركة المجال الحديثة لخدمات الاعاشة;Natural Guji Gr.l Uraga Eth24 (bags60k);(3,180.00);35.00;53.00;(2,100.00);(60.0000);18.00;201 - مبيعات القهوة الخضراء;635 - مخزون البن الاخضر
23 سبتمبر 2025;Receivable Invoice;INV-4446;مقهى اناقة البن لتقديم المشروبات;Natural Guji Gr.l Uraga Eth24 (bags60k);(9,540.00);35.00;53.00;(6,300.00);(180.0000);18.00;201 - مبيعات القهوة الخضراء;635 - مخزون البن الاخضر
30 سبتمبر 2025;Adjustment;Bulk Adjustment;;جرد 30/9 للبن الاخضر;(1,855.00);35.00;0.00;(1,855.00);(53.0000);0.00;;635 - مخزون البن الاخضر
01 أكتوبر 2025;Receivable Invoice;INV-4484;مقهى اناقة البن لتقديم المشروبات;Natural Guji Gr.l Uraga Eth24 (bags60k);(9,540.00);35.00;53.00;(6,300.00);(180.0000);18.00;201 - مبيعات القهوة الخضراء;635 - مخزون البن الاخضر
11 أكتوبر 2025;Receivable Invoice;INV-4536;مقهى اناقة البن لتقديم المشروبات;Natural Guji Gr.l Uraga Eth24 (bags60k);(9,540.00);35.00;53.00;(6,300.00);(180.0000);18.00;201 - مبيعات القهوة الخضراء;635 - مخزون البن الاخضر
16 أكتوبر 2025;Payable Credit Note;7226;امر تحميص مستودع البن الاخضر;Natural Guji Gr.l Uraga(1Kg) Eth24 (bags60k);(12,810.00);35.00;35.00;(12,810.00);(366.0000);0.00;635 - مخزون البن الاخضر;635 - مخزون البن الاخضر
20 أكتوبر 2025;Receivable Invoice;INV-4586;مؤسسة المحصول الانيق للتجارة;Natural Guji Gr.l Uraga Eth24 (bags60k);(9,063.00);35.00;50.35;(6,300.00);(180.0000);15.35;201 - مبيعات القهوة الخضراء;635 - مخزون البن الاخضر
04 نوفمبر 2025;Receivable Invoice;INV-4666;مقهى اناقة البن لتقديم المشروبات;Natural Guji Gr.l Uraga Eth24 (bags60k);(9,540.00);35.00;53.00;(6,300.00);(180.0000);18.00;201 - مبيعات القهوة الخضراء;635 - مخزون البن الاخضر
13 نوفمبر 2025;Payable Credit Note;7228;امر تحميص مستودع البن الاخضر;Natural Guji Gr.l Uraga(1Kg) Eth24 (bags60k);(2,555.00);35.00;35.00;(2,555.00);(73.0000);0.00;635 - مخزون البن الاخضر;635 - مخزون البن الاخضر
14 نوفمبر 2025;Receivable Invoice;INV-4726;نادر الحربى;Natural Guji Gr.l Uraga Eth24 (bags60k);(6,360.00);35.00;53.00;(4,200.00);(120.0000);18.00;201 - مبيعات القهوة الخضراء;635 - مخزون البن الاخضر
18 نوفمبر 2025;Receivable Invoice;INV-4738;مقهى اناقة البن لتقديم المشروبات;Natural Guji Gr.l Uraga Eth24 (bags60k);(15,105.00);35.00;50.35;(10,500.00);(300.0000);15.35;201 - مبيعات القهوة الخضراء;635 - مخزون البن الاخضر
21 نوفمبر 2025;Payable Credit Note;7229;امر تحميص مستودع البن الاخضر;Natural Guji Gr.l Uraga(1Kg) Eth24 (bags60k);(4,270.00);35.00;35.00;(4,270.00);(122.0000);0.00;635 - مخزون البن الاخضر;635 - مخزون البن الاخضر
27 نوفمبر 2025;Payable Credit Note;7230;امر تحميص مستودع البن الاخضر;Natural Guji Gr.l Uraga(1Kg) Eth24 (bags60k);(8,540.00);35.00;35.00;(8,540.00);(244.0000);0.00;635 - مخزون البن الاخضر;635 - مخزون البن الاخضر
27 نوفمبر 2025;Receivable Invoice;INV-4803;مقهى اناقة البن لتقديم المشروبات;Natural Guji Gr.l Uraga Eth24 (bags60k);(12,084.00);35.00;50.35;(8,400.00);(240.0000);15.35;201 - مبيعات القهوة الخضراء;635 - مخزون البن الاخضر
04 ديسمبر 2025;Payable Credit Note;MP 7231;امر تحميص مستودع البن الاخضر;Natural Guji Gr.l Uraga(1Kg) Eth24 (bags60k);(5,985.00);35.00;35.00;(5,985.00);(171.0000);0.00;635 - مخزون البن الاخضر;635 - مخزون البن الاخضر
04 ديسمبر 2025;Payable Credit Note;MP 7231;امر تحميص مستودع البن الاخضر;Natural Guji Gr.l Uraga(1Kg) Eth24 (bags60k) قهوة سعودية;(262.50);35.00;35.00;(262.50);(7.5000);0.00;635 - مخزون البن الاخضر;635 - مخزون البن الاخضر
07 ديسمبر 2025;Receivable Invoice;INV-4857;مقهى اناقة البن لتقديم المشروبات;Natural Guji Gr.l Uraga Eth24 (bags60k);(31,482.00);35.00;47.70;(23,100.00);(660.0000);12.70;201 - مبيعات القهوة الخضراء;635 - مخزون البن الاخضر
10 ديسمبر 2025;Payable Credit Note;7232;امر تحميص مستودع البن الاخضر;Natural Guji Gr.l Uraga(1Kg) Eth24 (bags60k);(1,715.00);35.00;35.00;(1,715.00);(49.0000);0.00;635 - مخزون البن الاخضر;635 - مخزون البن الاخضر
31 ديسمبر 2025;Adjustment;Quantity Decrease;;جرد 31/12;(472.50);35.00;0.00;(472.50);(13.5000);0.00;;635 - مخزون البن الاخضر
Total GB0148- اوراقا اخضر - Natural Guji Gr.l Uraga Eth24 (bags60k);;;;;(341,397.00);;;(267,330.00);(7,638.0000);497.45;;
Closing Balance;;;;;0.00;0.00;0.00;210.00;6.0000;0.00;;
;;;;;;;;;;;;
GB0149-اوراقا سوبر نتشرول اخضر - Super Natural Guji Gr.l Uraga Eth24 (carton16k);;;;;;;;;;;;
Opening Balance;;;;;0.00;0.00;0.00;2,615.20;40.0000;0.00;;
15 يناير 2025;Payable Credit Note;7201;امر تحميص مستودع البن الاخضر;Super Natural Guji Gr.l Uraga (1Kg) Eth24(carton16k);(1,046.08);65.38;65.38;(1,046.08);(16.0000);0.00;635 - مخزون البن الاخضر;635 - مخزون البن الاخضر
28 يناير 2025;Payable Credit Note;7202;امر تحميص مستودع البن الاخضر;Super Natural Guji Gr.l Uraga (1Kg) Eth24(carton16k);(523.04);65.38;65.38;(523.04);(8.0000);0.00;635 - مخزون البن الاخضر;635 - مخزون البن الاخضر
13 مارس 2025;Payable Credit Note;7207;امر تحميص مستودع البن الاخضر;Super Natural Guji Gr.l Uraga (1Kg) Eth24(carton16k);(1,046.08);65.38;65.38;(1,046.08);(16.0000);0.00;635 - مخزون البن الاخضر;635 - مخزون البن الاخضر
30 سبتمبر 2025;Adjustment;Bulk Adjustment;;جرد 30/9 للبن الاخضر;0.00;0.00;0.00;0.00;0.0000;0.00;;635 - مخزون البن الاخضر
Total GB0149-اوراقا سوبر نتشرول اخضر - Super Natural Guji Gr.l Uraga Eth24 (carton16k);;;;;(2,615.20);;;(2,615.20);(40.0000);0.00;;
Closing Balance;;;;;0.00;0.00;0.00;0.00;0.0000;0.00;;
;;;;;;;;;;;;
GB0150-شاكيسو اخضر - Natural Guji Gr.l SHAKISSO Eth24 (bags60k);;;;;;;;;;;;
Opening Balance;;;;;0.00;0.00;0.00;5,328.60;166.0000;0.00;;
15 يناير 2025;Payable Credit Note;7200;امر تحميص مستودع البن الاخضر;Natural Guji Gr.l SHAKISSO(1Kg) Eth24 (bags60k);(1,219.80);32.10;32.10;(1,219.80);(38.0000);0.00;635 - مخزون البن الاخضر;635 - مخزون البن الاخضر
12 فبراير 2025;Payable Credit Note;7204;امر تحميص مستودع البن الاخضر;Natural Guji Gr.l SHAKISSO(1Kg) Eth24 (bags60k);(1,219.80);32.10;32.10;(1,219.80);(38.0000);0.00;635 - مخزون البن الاخضر;635 - مخزون البن الاخضر
13 مارس 2025;Payable Credit Note;7207;امر تحميص مستودع البن الاخضر;Natural Guji Gr.l SHAKISSO(1Kg) Eth24 (bags60k);(963.00);32.10;32.10;(963.00);(30.0000);0.00;635 - مخزون البن الاخضر;635 - مخزون البن الاخضر
30 مارس 2025;Adjustment;Quantity Decrease;;"جرد 29/3/2025
";(96.30);32.10;0.00;(96.30);(3.0000);0.00;;635 - مخزون البن الاخضر
19 مايو 2025;Payable Credit Note;7213;امر تحميص مستودع البن الاخضر;Natural Guji Gr.l SHAKISSO(1Kg) Eth24 (bags60k);(963.00);32.10;32.10;(963.00);(30.0000);0.00;635 - مخزون البن الاخضر;635 - مخزون البن الاخضر
24 يونيو 2025;Payable Credit Note;7218;امر تحميص مستودع البن الاخضر;Natural Guji Gr.l SHAKISSO(1Kg) Eth24 (bags60k);(802.50);32.10;32.10;(802.50);(25.0000);0.00;635 - مخزون البن الاخضر;635 - مخزون البن الاخضر
30 سبتمبر 2025;Adjustment;Bulk Adjustment;;جرد 30/9 للبن الاخضر;(64.20);32.10;0.00;(64.20);(2.0000);0.00;;635 - مخزون البن الاخضر
Total GB0150-شاكيسو اخضر - Natural Guji Gr.l SHAKISSO Eth24 (bags60k);;;;;(5,328.60);;;(5,328.60);(166.0000);0.00;;
Closing Balance;;;;;0.00;0.00;0.00;0.00;0.0000;0.00;;
;;;;;;;;;;;;
GB0151 -اريكا اخضر - Natural Gr.lARICHA WUBACHI Eth24(bags60k);;;;;;;;;;;;
Opening Balance;;;;;0.00;0.00;0.00;1,677.39;51.0000;0.00;;
24 يونيو 2025;Payable Credit Note;7218;امر تحميص مستودع البن الاخضر;Natural Yirgocheffe Gr.lARICHA WUBACHI (1Kg)Eth24(bags60k);(1,578.72);32.89;32.89;(1,578.72);(48.0000);0.00;635 - مخزون البن الاخضر;635 - مخزون البن الاخضر
30 سبتمبر 2025;Adjustment;Bulk Adjustment;;جرد 30/9 للبن الاخضر;(98.67);32.89;0.00;(98.67);(3.0000);0.00;;635 - مخزون البن الاخضر
Total GB0151 -اريكا اخضر - Natural Gr.lARICHA WUBACHI Eth24(bags60k);;;;;(1,677.39);;;(1,677.39);(51.0000);0.00;;
Closing Balance;;;;;0.00;0.00;0.00;0.00;0.0000;0.00;;
;;;;;;;;;;;;
GB0245- نانسيبو سيدامو اخضر - Ethoupia - Sidamo Nansebo (1kg) E122;;;;;;;;;;;;
Opening Balance;;;;;0.00;0.00;0.00;0.00;0.0000;0.00;;
30 سبتمبر 2025;Adjustment;Bulk Adjustment;;جرد 30/9 للبن الاخضر;0.00;0.00;0.00;0.00;0.0000;0.00;;635 - مخزون البن الاخضر
Total GB0245- نانسيبو سيدامو اخضر - Ethoupia - Sidamo Nansebo (1kg) E122;;;;;0.00;;;0.00;0.0000;0.00;;
Closing Balance;;;;;0.00;0.00;0.00;0.00;0.0000;0.00;;
;;;;;;;;;;;;
GB0246- قونقا اخضر - Ethoupia Natural Konga (1Kg) E222;;;;;;;;;;;;
Opening Balance;;;;;0.00;0.00;0.00;0.00;0.0000;0.00;;
30 سبتمبر 2025;Adjustment;Bulk Adjustment;;جرد 30/9 للبن الاخضر;0.00;0.00;0.00;0.00;0.0000;0.00;;635 - مخزون البن الاخضر
Total GB0246- قونقا اخضر - Ethoupia Natural Konga (1Kg) E222;;;;;0.00;;;0.00;0.0000;0.00;;
Closing Balance;;;;;0.00;0.00;0.00;0.00;0.0000;0.00;;
;;;;;;;;;;;;
GB0247- اديدو اخضر - Ethoupia Natural Yirgocheffe Idido(1Kg) E322;;;;;;;;;;;;
Opening Balance;;;;;0.00;0.00;0.00;0.00;0.0000;0.00;;
30 سبتمبر 2025;Adjustment;Bulk Adjustment;;جرد 30/9 للبن الاخضر;0.00;0.00;0.00;0.00;0.0000;0.00;;635 - مخزون البن الاخضر
Total GB0247- اديدو اخضر - Ethoupia Natural Yirgocheffe Idido(1Kg) E322;;;;;0.00;;;0.00;0.0000;0.00;;
Closing Balance;;;;;0.00;0.00;0.00;0.00;0.0000;0.00;;
;;;;;;;;;;;;
GB0248- كوكى اخضر - Ethoupia Natural Koke (1Kg)Shalaye E422;;;;;;;;;;;;
Opening Balance;;;;;0.00;0.00;0.00;0.00;0.0000;0.00;;
30 سبتمبر 2025;Adjustment;Bulk Adjustment;;جرد 30/9 للبن الاخضر;0.00;0.00;0.00;0.00;0.0000;0.00;;635 - مخزون البن الاخضر
Total GB0248- كوكى اخضر - Ethoupia Natural Koke (1Kg)Shalaye E422;;;;;0.00;;;0.00;0.0000;0.00;;
Closing Balance;;;;;0.00;0.00;0.00;0.00;0.0000;0.00;;
;;;;;;;;;;;;
GB0249- قونقا معالجة خاصة اخضر - Ethoupia Super Natural Konga(1Kg) Amederoro E622;;;;;;;;;;;;
Opening Balance;;;;;0.00;0.00;0.00;0.00;0.0000;0.00;;
30 سبتمبر 2025;Adjustment;Bulk Adjustment;;جرد 30/9 للبن الاخضر;0.00;0.00;0.00;0.00;0.0000;0.00;;635 - مخزون البن الاخضر
Total GB0249- قونقا معالجة خاصة اخضر - Ethoupia Super Natural Konga(1Kg) Amederoro E622;;;;;0.00;;;0.00;0.0000;0.00;;
Closing Balance;;;;;0.00;0.00;0.00;0.00;0.0000;0.00;;
;;;;;;;;;;;;
GB0250- كوكى معالجة خاصة اخضر - Super Natural Yirpcheffee Koke 22;;;;;;;;;;;;
Opening Balance;;;;;0.00;0.00;0.00;0.00;0.0000;0.00;;
30 سبتمبر 2025;Adjustment;Bulk Adjustment;;جرد 30/9 للبن الاخضر;0.00;0.00;0.00;0.00;0.0000;0.00;;635 - مخزون البن الاخضر
Total GB0250- كوكى معالجة خاصة اخضر - Super Natural Yirpcheffee Koke 22;;;;;0.00;;;0.00;0.0000;0.00;;
Closing Balance;;;;;0.00;0.00;0.00;0.00;0.0000;0.00;;
;;;;;;;;;;;;
GB035- نيكارجوا كاتيموراخضر - Nicaragua catimore natural(1Kg)NIC122;;;;;;;;;;;;
Opening Balance;;;;;0.00;0.00;0.00;29,336.28;906.0000;0.00;;
15 يناير 2025;Payable Credit Note;7201;امر تحميص مستودع البن الاخضر;Nicaragua catimore natural(1Kg)NIC122;(4,727.48);32.38;32.38;(4,727.48);(146.0000);0.00;635 - مخزون البن الاخضر;635 - مخزون البن الاخضر
28 يناير 2025;Payable Credit Note;7202;امر تحميص مستودع البن الاخضر;Nicaragua catimore natural(1Kg)NIC122;(1,198.06);32.38;32.38;(1,198.06);(37.0000);0.00;635 - مخزون البن الاخضر;635 - مخزون البن الاخضر
12 فبراير 2025;Payable Credit Note;7203;امر تحميص مستودع البن الاخضر;Nicaragua catimore natural(1Kg)NIC122;(1,198.06);32.38;32.38;(1,198.06);(37.0000);0.00;635 - مخزون البن الاخضر;635 - مخزون البن الاخضر
13 مارس 2025;Payable Credit Note;7206;امر تحميص مستودع البن الاخضر;Nicaragua catimore natural(1Kg)NIC122;(6,735.04);32.38;32.38;(6,735.04);(208.0000);0.00;635 - مخزون البن الاخضر;635 - مخزون البن الاخضر
30 مارس 2025;Adjustment;Quantity Increase;;جرد 23/3;64.76;32.38;0.00;64.76;2.0000;0.00;;635 - مخزون البن الاخضر
17 أبريل 2025;Payable Credit Note;7210;امر تحميص مستودع البن الاخضر;Nicaragua catimore natural(1Kg)NIC122;(7,479.78);32.38;32.38;(7,479.78);(231.0000);0.00;635 - مخزون البن الاخضر;635 - مخزون البن الاخضر
19 مايو 2025;Payable Credit Note;7213;امر تحميص مستودع البن الاخضر;Nicaragua catimore natural(1Kg)NIC122;(8,046.43);32.38;32.38;(8,046.43);(248.5000);0.00;635 - مخزون البن الاخضر;635 - مخزون البن الاخضر
30 سبتمبر 2025;Adjustment;Bulk Adjustment;;جرد 30/9 للبن الاخضر;(16.19);32.39;0.00;(16.19);(0.5000);0.00;;635 - مخزون البن الاخضر
Total GB035- نيكارجوا كاتيموراخضر - Nicaragua catimore natural(1Kg)NIC122;;;;;(29,336.28);;;(29,336.28);(906.0000);0.00;;
Closing Balance;;;;;0.00;0.00;0.00;0.00;0.0000;0.00;;
;;;;;;;;;;;;
GB036- نيكارجوا ماركاليزا اخضر - Nicaragua marcellez anaerobic(1Kg)NIC322;;;;;;;;;;;;
Opening Balance;;;;;0.00;0.00;0.00;0.00;0.0000;0.00;;
30 سبتمبر 2025;Adjustment;Bulk Adjustment;;جرد 30/9 للبن الاخضر;0.00;0.00;0.00;0.00;0.0000;0.00;;635 - مخزون البن الاخضر
Total GB036- نيكارجوا ماركاليزا اخضر - Nicaragua marcellez anaerobic(1Kg)NIC322;;;;;0.00;;;0.00;0.0000;0.00;;
Closing Balance;;;;;0.00;0.00;0.00;0.00;0.0000;0.00;;
;;;;;;;;;;;;
GB037-نيكارجوا كاتوراخضر - Nicaragur caturra honey(1Kg)NIC222;;;;;;;;;;;;
Opening Balance;;;;;0.00;0.00;0.00;24,640.52;781.0000;0.00;;
15 يناير 2025;Payable Credit Note;7201;امر تحميص مستودع البن الاخضر;Nicaragur caturra honey(1Kg)NIC222;(1,514.40);31.55;31.55;(1,514.40);(48.0000);0.00;635 - مخزون البن الاخضر;635 - مخزون البن الاخضر
28 يناير 2025;Payable Credit Note;7202;امر تحميص مستودع البن الاخضر;Nicaragur caturra honey(1Kg)NIC222;(757.20);31.55;31.55;(757.20);(24.0000);0.00;635 - مخزون البن الاخضر;635 - مخزون البن الاخضر
12 فبراير 2025;Payable Credit Note;7204;امر تحميص مستودع البن الاخضر;Nicaragur caturra honey(1Kg)NIC222;(1,924.55);31.55;31.55;(1,924.55);(61.0000);0.00;635 - مخزون البن الاخضر;635 - مخزون البن الاخضر
13 مارس 2025;Payable Credit Note;7206;امر تحميص مستودع البن الاخضر;Nicaragur caturra honey(1Kg)NIC222;(11,925.90);31.55;31.55;(11,925.90);(378.0000);0.00;635 - مخزون البن الاخضر;635 - مخزون البن الاخضر
30 مارس 2025;Adjustment;Quantity Increase;;جرد 30/3;220.85;31.55;0.00;220.85;7.0000;0.00;;635 - مخزون البن الاخضر
10 أبريل 2025;Payable Credit Note;7209;امر تحميص مستودع البن الاخضر;Nicaragur caturra honey(1Kg)NIC222;(8,720.78);31.54;31.54;(8,720.78);(276.5000);0.00;635 - مخزون البن الاخضر;635 - مخزون البن الاخضر
30 سبتمبر 2025;Adjustment;Bulk Adjustment;;جرد 30/9 للبن الاخضر;(18.54);37.09;0.00;(18.54);(0.5000);0.00;;635 - مخزون البن الاخضر
Total GB037-نيكارجوا كاتوراخضر - Nicaragur caturra honey(1Kg)NIC222;;;;;(24,640.52);;;(24,640.52);(781.0000);0.00;;
Closing Balance;;;;;0.00;0.00;0.00;0.00;0.0000;0.00;;
;;;;;;;;;;;;
GB0377- توليما كولمبى اخضر - Colombia Tolima Natural Microlot (1Kg) CO825;;;;;;;;;;;;
Opening Balance;;;;;0.00;0.00;0.00;0.00;0.0000;0.00;;
01 أغسطس 2025;Payable Invoice;طلبيه الكولومبى;INVERSORA ARCILAZA S A;ColombiaTolima (1Kg) CO825(bags70k);777,110.36;38.95;0.00;777,110.36;19,950.0000;0.00;;635 - مخزون البن الاخضر
07 أغسطس 2025;Payable Credit Note;7220;امر تحميص مستودع البن الاخضر;ColombiaTolima (1Kg) CO825(bags70k);(7,335.00);40.75;40.75;(7,335.00);(180.0000);0.00;635 - مخزون البن الاخضر;635 - مخزون البن الاخضر
18 أغسطس 2025;Payable Credit Note;7221;امر تحميص مستودع البن الاخضر;ColombiaTolima (1Kg) CO825(bags70k);(1,956.00);40.75;40.75;(1,956.00);(48.0000);0.00;635 - مخزون البن الاخضر;635 - مخزون البن الاخضر
19 أغسطس 2025;Receivable Invoice;INV-4254;مؤسسة المحصول الانيق للتجارة;ColombiaTolima(1Kg) CO825-(bags70k);(3,790.50);38.93;54.15;(2,725.25);(70.0000);15.22;201 - مبيعات القهوة الخضراء;635 - مخزون البن الاخضر
20 أغسطس 2025;Receivable Invoice;INV-4261;مؤسسة المحصول الانيق للتجارة;ColombiaTolima(1Kg) CO825-(bags70k);(37,905.00);38.93;54.15;(27,252.49);(700.0000);15.22;201 - مبيعات القهوة الخضراء;635 - مخزون البن الاخضر
21 أغسطس 2025;Receivable Invoice;INV-4277;مؤسسة آي بي كوفي;ColombiaTolima(1Kg) CO825-(bags70k);(3,990.00);38.93;57.00;(2,725.25);(70.0000);18.07;201 - مبيعات القهوة الخضراء;635 - مخزون البن الاخضر
28 أغسطس 2025;Receivable Invoice;INV-4301;شركة طول لتقديم المشروبات;ColombiaTolima(1Kg) CO825-(bags70k);(7,980.00);38.93;57.00;(5,450.50);(140.0000);18.07;201 - مبيعات القهوة الخضراء;635 - مخزون البن الاخضر
03 سبتمبر 2025;Receivable Invoice;INV-4339;مؤسسة الكوب الامثل لتقديم المشروبات;ColombiaTolima(1Kg) CO825-(bags70k);(3,990.00);38.93;57.00;(2,725.25);(70.0000);18.07;201 - مبيعات القهوة الخضراء;635 - مخزون البن الاخضر
04 سبتمبر 2025;Payable Credit Note;7222;امر تحميص مستودع البن الاخضر;ColombiaTolima (1Kg) CO825(bags70k);(1,467.00);40.75;40.75;(1,467.00);(36.0000);0.00;635 - مخزون البن الاخضر;635 - مخزون البن الاخضر
14 سبتمبر 2025;Payable Credit Note;7223;امر تحميص مستودع البن الاخضر;ColombiaTolima (1Kg) CO825(bags70k);(10,309.75);40.75;40.75;(10,309.75);(253.0000);0.00;635 - مخزون البن الاخضر;635 - مخزون البن الاخضر
16 سبتمبر 2025;Payable Credit Note;7224;امر تحميص مستودع البن الاخضر;ColombiaTolima (1Kg) CO825(bags70k);(305.63);40.75;40.75;(305.63);(7.5000);0.00;635 - مخزون البن الاخضر;635 - مخزون البن الاخضر
17 سبتمبر 2025;Receivable Invoice;INV-4415;مقهي دنان القهوة لتقديم المشروبات;ColombiaTolima(1Kg) CO825-(bags70k);(3,990.00);38.90;57.00;(2,723.20);(70.0000);18.10;201 - مبيعات القهوة الخضراء;635 - مخزون البن الاخضر
25 سبتمبر 2025;Receivable Invoice;INV-4452;شركة طول لتقديم المشروبات;ColombiaTolima(1Kg) CO825-(bags70k);(7,980.00);38.90;57.00;(5,446.39);(140.0000);18.10;201 - مبيعات القهوة الخضراء;635 - مخزون البن الاخضر
30 سبتمبر 2025;Adjustment;Quantity Decrease;;جرد 30/9;(7,110.88);40.75;0.00;(7,110.88);(174.5000);0.00;;635 - مخزون البن الاخضر
30 سبتمبر 2025;Adjustment;Revaluation;;تكلفة الكولومبى بعد اضافة العمليات علية;33,555.46;0.00;0.00;33,555.46;0.0000;0.00;;635 - مخزون البن الاخضر
16 أكتوبر 2025;Payable Credit Note;7226;امر تحميص مستودع البن الاخضر;ColombiaTolima (1Kg) CO825(bags70k);(1,956.00);40.75;40.75;(1,956.00);(48.0000);0.00;635 - مخزون البن الاخضر;635 - مخزون البن الاخضر
20 أكتوبر 2025;Receivable Invoice;INV-4586;مؤسسة المحصول الانيق للتجارة;ColombiaTolima(1Kg) CO825-(bags70k);(3,790.50);40.75;54.15;(2,852.50);(70.0000);13.40;201 - مبيعات القهوة الخضراء;635 - مخزون البن الاخضر
09 نوفمبر 2025;Receivable Invoice;INV-4693;مقهى لدن اربعين لتقديم المشروبات;ColombiaTolima(1Kg) CO825-(bags70k);(3,990.00);40.75;57.00;(2,852.50);(70.0000);16.25;201 - مبيعات القهوة الخضراء;635 - مخزون البن الاخضر
13 نوفمبر 2025;Payable Credit Note;7228;امر تحميص مستودع البن الاخضر;ColombiaTolima (1Kg) CO825(bags70k);(1,956.00);40.75;40.75;(1,956.00);(48.0000);0.00;635 - مخزون البن الاخضر;635 - مخزون البن الاخضر
27 نوفمبر 2025;Payable Credit Note;7230;امر تحميص مستودع البن الاخضر;ColombiaTolima (1Kg) CO825(bags70k);(3,463.75);40.75;40.75;(3,463.75);(85.0000);0.00;635 - مخزون البن الاخضر;635 - مخزون البن الاخضر
27 نوفمبر 2025;Receivable Invoice;INV-4803;مقهى اناقة البن لتقديم المشروبات;ColombiaTolima(1Kg) CO825-(bags70k);(7,581.00);40.75;54.15;(5,705.00);(140.0000);13.40;201 - مبيعات القهوة الخضراء;635 - مخزون البن الاخضر
30 نوفمبر 2025;Receivable Invoice;INV-4812;مقهى لدن اربعين لتقديم المشروبات;ColombiaTolima(1Kg) CO825-(bags70k);(3,790.50);40.75;54.15;(2,852.50);(70.0000);13.40;201 - مبيعات القهوة الخضراء;635 - مخزون البن الاخضر
04 ديسمبر 2025;Payable Credit Note;MP 7231;امر تحميص مستودع البن الاخضر;ColombiaTolima (1Kg) CO825(bags70k);(4,971.50);40.75;40.75;(4,971.50);(122.0000);0.00;635 - مخزون البن الاخضر;635 - مخزون البن الاخضر
10 ديسمبر 2025;Payable Credit Note;7232;امر تحميص مستودع البن الاخضر;ColombiaTolima (1Kg) CO825(bags70k);(305.63);40.75;40.75;(305.63);(7.5000);0.00;635 - مخزون البن الاخضر;635 - مخزون البن الاخضر
18 ديسمبر 2025;Payable Credit Note;7233;امر تحميص مستودع البن الاخضر;ColombiaTolima (1Kg) CO825(bags70k);(4,482.50);40.75;40.75;(4,482.50);(110.0000);0.00;635 - مخزون البن الاخضر;635 - مخزون البن الاخضر
19 ديسمبر 2025;Receivable Invoice;INV-4922;شركة طول لتقديم المشروبات;ColombiaTolima(1Kg) CO825-(bags70k);(15,960.00);40.75;57.00;(11,410.00);(280.0000);16.25;201 - مبيعات القهوة الخضراء;635 - مخزون البن الاخضر
24 ديسمبر 2025;Payable Credit Note;7234;امر تحميص مستودع البن الاخضر;ColombiaTolima (1Kg) CO825(bags70k);(7,375.75);40.75;40.75;(7,375.75);(181.0000);0.00;635 - مخزون البن الاخضر;635 - مخزون البن الاخضر
25 ديسمبر 2025;Receivable Invoice;INV-4948;نادر الحربى;ColombiaTolima(1Kg) CO825-(bags70k);(3,990.00);40.75;57.00;(2,852.50);(70.0000);16.25;201 - مبيعات القهوة الخضراء;635 - مخزون البن الاخضر
31 ديسمبر 2025;Adjustment;Quantity Increase;;جرد 31/12;366.75;40.75;0.00;366.75;9.0000;0.00;;635 - مخزون البن الاخضر
Total GB0377- توليما كولمبى اخضر - Colombia Tolima Natural Microlot (1Kg) CO825;;;;;649,309.69;;;680,463.87;16,698.5000;209.78;;
Closing Balance;;;;;0.00;0.00;0.00;680,463.87;16,698.5000;0.00;;
;;;;;;;;;;;;
GB0426- اوراجا جوموروااخضر - Ethiopian Oraga Gomorua coffee;;;;;;;;;;;;
Opening Balance;;;;;0.00;0.00;0.00;0.00;0.0000;0.00;;
30 سبتمبر 2025;Adjustment;Bulk Adjustment;;جرد 30/9 للبن الاخضر;0.00;0.00;0.00;0.00;0.0000;0.00;;635 - مخزون البن الاخضر
Total GB0426- اوراجا جوموروااخضر - Ethiopian Oraga Gomorua coffee;;;;;0.00;;;0.00;0.0000;0.00;;
Closing Balance;;;;;0.00;0.00;0.00;0.00;0.0000;0.00;;
;;;;;;;;;;;;
GB0428- اثيبوبى نانسبواخضر - Ethiopia Nancybo Coffee 2021;;;;;;;;;;;;
Opening Balance;;;;;0.00;0.00;0.00;0.00;0.0000;0.00;;
30 سبتمبر 2025;Adjustment;Bulk Adjustment;;جرد 30/9 للبن الاخضر;0.00;0.00;0.00;0.00;0.0000;0.00;;635 - مخزون البن الاخضر
Total GB0428- اثيبوبى نانسبواخضر - Ethiopia Nancybo Coffee 2021;;;;;0.00;;;0.00;0.0000;0.00;;
Closing Balance;;;;;0.00;0.00;0.00;0.00;0.0000;0.00;;
;;;;;;;;;;;;
GB0429-قهوة اثيوبى اريكا اخضر - Ethiopian ARICKA coffee 2019;;;;;;;;;;;;
Opening Balance;;;;;0.00;0.00;0.00;0.00;0.0000;0.00;;
30 سبتمبر 2025;Adjustment;Bulk Adjustment;;جرد 30/9 للبن الاخضر;0.00;0.00;0.00;0.00;0.0000;0.00;;635 - مخزون البن الاخضر
Total GB0429-قهوة اثيوبى اريكا اخضر - Ethiopian ARICKA coffee 2019;;;;;0.00;;;0.00;0.0000;0.00;;
Closing Balance;;;;;0.00;0.00;0.00;0.00;0.0000;0.00;;
;;;;;;;;;;;;
GB0432-  سوبر كواكى اخضر - Ethiopian coffee Super Kwaki 2020 16k carton;;;;;;;;;;;;
Opening Balance;;;;;0.00;0.00;0.00;0.00;0.0000;0.00;;
30 سبتمبر 2025;Adjustment;Bulk Adjustment;;جرد 30/9 للبن الاخضر;0.00;0.00;0.00;0.00;0.0000;0.00;;635 - مخزون البن الاخضر
Total GB0432-  سوبر كواكى اخضر - Ethiopian coffee Super Kwaki 2020 16k carton;;;;;0.00;;;0.00;0.0000;0.00;;
Closing Balance;;;;;0.00;0.00;0.00;0.00;0.0000;0.00;;
;;;;;;;;;;;;
GB0433- اميدرورو اخضر - Ethiopian Amedroro Coffee 20 (bag16kg);;;;;;;;;;;;
Opening Balance;;;;;0.00;0.00;0.00;14,753.70;194.0000;0.00;;
28 يناير 2025;Payable Credit Note;7202;امر تحميص مستودع البن الاخضر;Ethiopian Amedroro Coffee 20 (bag16kg);(2,433.60);76.05;76.05;(2,433.60);(32.0000);0.00;635 - مخزون البن الاخضر;635 - مخزون البن الاخضر
13 مارس 2025;Payable Credit Note;7207;امر تحميص مستودع البن الاخضر;Ethiopian Amedroro Coffee 20 (bag16kg);(4,867.20);76.05;76.05;(4,867.20);(64.0000);0.00;635 - مخزون البن الاخضر;635 - مخزون البن الاخضر
12 يونيو 2025;Payable Credit Note;7216;امر تحميص مستودع البن الاخضر;Ethiopian Amedroro Coffee 20 (bag16kg);(1,216.80);76.05;76.05;(1,216.80);(16.0000);0.00;635 - مخزون البن الاخضر;635 - مخزون البن الاخضر
05 أغسطس 2025;Payable Credit Note;7219;امر تحميص مستودع البن الاخضر;Ethiopian Amedroro Coffee 20 (bag16kg);(1,216.80);76.05;76.05;(1,216.80);(16.0000);0.00;635 - مخزون البن الاخضر;635 - مخزون البن الاخضر
07 أغسطس 2025;Payable Credit Note;7220;امر تحميص مستودع البن الاخضر;Ethiopian Amedroro Coffee 20 (bag16kg);(2,319.53);76.05;76.05;(2,319.53);(30.5000);0.00;635 - مخزون البن الاخضر;635 - مخزون البن الاخضر
30 سبتمبر 2025;Adjustment;Bulk Adjustment;;جرد 30/9 للبن الاخضر;(38.02);76.05;0.00;(38.02);(0.5000);0.00;;635 - مخزون البن الاخضر
Total GB0433- اميدرورو اخضر - Ethiopian Amedroro Coffee 20 (bag16kg);;;;;(12,091.95);;;(12,091.95);(159.0000);0.00;;
Closing Balance;;;;;0.00;0.00;0.00;2,661.74;35.0000;0.00;;
;;;;;;;;;;;;
GB0434- انروبيك كواكى اخضر - Ethiopian coffee erobic kwaki 20;;;;;;;;;;;;
Opening Balance;;;;;0.00;0.00;0.00;0.00;0.0000;0.00;;
30 سبتمبر 2025;Adjustment;Bulk Adjustment;;جرد 30/9 للبن الاخضر;0.00;0.00;0.00;0.00;0.0000;0.00;;635 - مخزون البن الاخضر
Total GB0434- انروبيك كواكى اخضر - Ethiopian coffee erobic kwaki 20;;;;;0.00;;;0.00;0.0000;0.00;;
Closing Balance;;;;;0.00;0.00;0.00;0.00;0.0000;0.00;;
;;;;;;;;;;;;
GB0465- كولمبى توليما مجففة - Colmbie Microlot San Juan Tolima Natura-Co24;;;;;;;;;;;;
Opening Balance;;;;;0.00;0.00;0.00;44,213.85;1,213.0000;0.00;;
15 يناير 2025;Payable Credit Note;7200;امر تحميص مستودع البن الاخضر;Colmbie Microlot San Juan Tolima Natura-Co24(bags70k);(2,223.45);36.45;36.45;(2,223.45);(61.0000);0.00;635 - مخزون البن الاخضر;635 - مخزون البن الاخضر
12 فبراير 2025;Payable Credit Note;7204;امر تحميص مستودع البن الاخضر;Colmbie Microlot San Juan Tolima Natura-Co24(bags70k);(820.13);36.45;36.45;(820.13);(22.5000);0.00;635 - مخزون البن الاخضر;635 - مخزون البن الاخضر
26 فبراير 2025;Payable Credit Note;7205;امر تحميص مستودع البن الاخضر;Colmbie Microlot San Juan Tolima Natura-Co24(bags70k);(4,446.90);36.45;36.45;(4,446.90);(122.0000);0.00;635 - مخزون البن الاخضر;635 - مخزون البن الاخضر
13 مارس 2025;Payable Credit Note;7206;امر تحميص مستودع البن الاخضر;Colmbie Microlot San Juan Tolima Natura-Co24(bags70k);(4,155.30);36.45;36.45;(4,155.30);(114.0000);0.00;635 - مخزون البن الاخضر;635 - مخزون البن الاخضر
30 مارس 2025;Adjustment;Quantity Increase;;جرد 29/3;54.68;36.45;0.00;54.68;1.5000;0.00;;635 - مخزون البن الاخضر
10 أبريل 2025;Payable Credit Note;7209;امر تحميص مستودع البن الاخضر;Colmbie Microlot San Juan Tolima Natura-Co24(bags70k);(4,483.35);36.45;36.45;(4,483.35);(123.0000);0.00;635 - مخزون البن الاخضر;635 - مخزون البن الاخضر
17 أبريل 2025;Payable Credit Note;7210;امر تحميص مستودع البن الاخضر;Colmbie Microlot San Juan Tolima Natura-Co24(bags70k);(4,118.85);36.45;36.45;(4,118.85);(113.0000);0.00;635 - مخزون البن الاخضر;635 - مخزون البن الاخضر
19 مايو 2025;Payable Credit Note;7213;امر تحميص مستودع البن الاخضر;Colmbie Microlot San Juan Tolima Natura-Co24(bags70k);(6,670.35);36.45;36.45;(6,670.35);(183.0000);0.00;635 - مخزون البن الاخضر;635 - مخزون البن الاخضر
04 يونيو 2025;Payable Credit Note;7215;امر تحميص مستودع البن الاخضر;Colmbie Microlot San Juan Tolima Natura-Co24(bags70k);(1,129.95);36.45;36.45;(1,129.95);(31.0000);0.00;635 - مخزون البن الاخضر;635 - مخزون البن الاخضر
12 يونيو 2025;Payable Credit Note;7216;امر تحميص مستودع البن الاخضر;Colmbie Microlot San Juan Tolima Natura-Co24(bags70k);(4,446.90);36.45;36.45;(4,446.90);(122.0000);0.00;635 - مخزون البن الاخضر;635 - مخزون البن الاخضر
18 يونيو 2025;Payable Credit Note;7217;امر تحميص مستودع البن الاخضر;Colmbie Microlot San Juan Tolima Natura-Co24(bags70k);(2,223.45);36.45;36.45;(2,223.45);(61.0000);0.00;635 - مخزون البن الاخضر;635 - مخزون البن الاخضر
26 يونيو 2025;Adjustment;Quantity Decrease;;جرد 25/6;(145.80);36.45;0.00;(145.80);(4.0000);0.00;;635 - مخزون البن الاخضر
05 أغسطس 2025;Payable Credit Note;7219;امر تحميص مستودع البن الاخضر;Colmbie Microlot San Juan Tolima Natura-Co24(bags70k);(9,367.65);36.45;36.45;(9,367.65);(257.0000);0.00;635 - مخزون البن الاخضر;635 - مخزون البن الاخضر
30 سبتمبر 2025;Adjustment;Bulk Adjustment;;جرد 30/9 للبن الاخضر;(36.45);36.45;0.00;(36.45);(1.0000);0.00;;635 - مخزون البن الاخضر
Total GB0465- كولمبى توليما مجففة - Colmbie Microlot San Juan Tolima Natura-Co24;;;;;(44,213.85);;;(44,213.85);(1,213.0000);0.00;;
Closing Balance;;;;;0.00;0.00;0.00;0.00;0.0000;0.00;;
;;;;;;;;;;;;
GB0617- قاراقاري قوتيتي اخضر - Natural Yirgocheffe Garagari Gutity Eth25(bags60k);;;;;;;;;;;;
Opening Balance;;;;;0.00;0.00;0.00;0.00;0.0000;0.00;;
04 نوفمبر 2025;Payable Invoice;طلبية البن الاخضر الاثيوبى 2025;MESAB GENERAL TRADING FZC;Natural Yirgocheffe Garagari Gutity Eth25(bags60k);923,400.00;34.20;0.00;923,400.00;27,000.0000;0.00;;635 - مخزون البن الاخضر
05 نوفمبر 2025;Payable Credit Note;7227;امر تحميص مستودع البن الاخضر;Natural Yirgocheffe Garagari Gutity Eth25(bags60k);(422.40);35.20;35.20;(422.40);(12.0000);0.00;635 - مخزون البن الاخضر;635 - مخزون البن الاخضر
21 نوفمبر 2025;Payable Credit Note;7229;امر تحميص مستودع البن الاخضر;Natural Yirgocheffe Garagari Gutity Eth25(bags60k);(7,708.80);35.20;35.20;(7,708.80);(219.0000);0.00;635 - مخزون البن الاخضر;635 - مخزون البن الاخضر
27 نوفمبر 2025;Payable Credit Note;7230;امر تحميص مستودع البن الاخضر;Natural Yirgocheffe Garagari Gutity Eth25(bags60k);(4,716.80);35.20;35.20;(4,716.80);(134.0000);0.00;635 - مخزون البن الاخضر;635 - مخزون البن الاخضر
04 ديسمبر 2025;Payable Credit Note;MP 7231;امر تحميص مستودع البن الاخضر;Natural Yirgocheffe Garagari Gutity Eth25(bags60k);(9,011.20);35.20;35.20;(9,011.20);(256.0000);0.00;635 - مخزون البن الاخضر;635 - مخزون البن الاخضر
08 ديسمبر 2025;Receivable Invoice;INV-4851;مؤسسة الكوب الامثل لتقديم المشروبات;Natural Yirgocheffe Garagari Gutity Eth25(bags60k);(3,021.00);34.18;50.35;(2,050.59);(60.0000);16.17;201 - مبيعات القهوة الخضراء;635 - مخزون البن الاخضر
10 ديسمبر 2025;Payable Credit Note;7232;امر تحميص مستودع البن الاخضر;Natural Yirgocheffe Garagari Gutity Eth25(bags60k);(844.80);35.20;35.20;(844.80);(24.0000);0.00;635 - مخزون البن الاخضر;635 - مخزون البن الاخضر
18 ديسمبر 2025;Payable Credit Note;7233;امر تحميص مستودع البن الاخضر;Natural Yirgocheffe Garagari Gutity Eth25(bags60k);(14,608.00);35.20;35.20;(14,608.00);(415.0000);0.00;635 - مخزون البن الاخضر;635 - مخزون البن الاخضر
23 ديسمبر 2025;Receivable Invoice;INV-4936;نادر الحربى;Natural Yirgocheffe Garagari Gutity Eth25(bags60k);(3,021.00);34.16;50.35;(2,049.55);(60.0000);16.19;201 - مبيعات القهوة الخضراء;635 - مخزون البن الاخضر
24 ديسمبر 2025;Payable Credit Note;7234;امر تحميص مستودع البن الاخضر;Natural Yirgocheffe Garagari Gutity Eth25(bags60k);(8,588.80);35.20;35.20;(8,588.80);(244.0000);0.00;635 - مخزون البن الاخضر;635 - مخزون البن الاخضر
25 ديسمبر 2025;Receivable Invoice;INV-4948;نادر الحربى;Natural Yirgocheffe Garagari Gutity Eth25(bags60k);(3,021.00);34.16;50.35;(2,049.55);(60.0000);16.19;201 - مبيعات القهوة الخضراء;635 - مخزون البن الاخضر
31 ديسمبر 2025;Receivable Invoice;INV-5022;مقهى مذاق لذيذ لتقديم المشروبات;Natural Yirgocheffe Garagari Gutity Eth25(bags60k);(3,180.00);35.20;53.00;(2,112.00);(60.0000);17.80;201 - مبيعات القهوة الخضراء;635 - مخزون البن الاخضر
31 ديسمبر 2025;Adjustment;Revaluation;;تعديل السعر;26,813.68;0.00;0.00;26,813.68;0.0000;0.00;;635 - مخزون البن الاخضر
31 ديسمبر 2025;Adjustment;Quantity Decrease;;جرد 31/12;(422.40);35.20;0.00;(422.40);(12.0000);0.00;;635 - مخزون البن الاخضر
Total GB0617- قاراقاري قوتيتي اخضر - Natural Yirgocheffe Garagari Gutity Eth25(bags60k);;;;;891,647.48;;;895,628.80;25,444.0000;66.36;;
Closing Balance;;;;;0.00;0.00;0.00;895,628.80;25,444.0000;0.00;;
;;;;;;;;;;;;
GB0619-اريكا ووبنشي اخضر - Natural Yirgocheffe Aricha Wubanchi Eth25(bags60k);;;;;;;;;;;;
Opening Balance;;;;;0.00;0.00;0.00;0.00;0.0000;0.00;;
04 نوفمبر 2025;Payable Invoice;طلبية البن الاخضر الاثيوبى 2025;MESAB GENERAL TRADING FZC;Natural Yirgocheffe Aricha Wubanchi Eth25(bags60k);342,684.00;34.20;0.00;342,684.00;10,020.0000;0.00;;635 - مخزون البن الاخضر
05 نوفمبر 2025;Payable Credit Note;7227;امر تحميص مستودع البن الاخضر;Natural Yirgocheffe Aricha Wubanchi Eth25(bags60k);(422.40);35.20;35.20;(422.40);(12.0000);0.00;635 - مخزون البن الاخضر;635 - مخزون البن الاخضر
10 ديسمبر 2025;Payable Credit Note;7232;امر تحميص مستودع البن الاخضر;Natural Yirgocheffe Aricha Wubanchi Eth25(bags60k);(844.80);35.20;35.20;(844.80);(24.0000);0.00;635 - مخزون البن الاخضر;635 - مخزون البن الاخضر
18 ديسمبر 2025;Payable Credit Note;7233;امر تحميص مستودع البن الاخضر;Natural Yirgocheffe Aricha Wubanchi Eth25(bags60k);(8,588.80);35.20;35.20;(8,588.80);(244.0000);0.00;635 - مخزون البن الاخضر;635 - مخزون البن الاخضر
24 ديسمبر 2025;Payable Credit Note;7234;امر تحميص مستودع البن الاخضر;Natural Yirgocheffe Aricha Wubanchi Eth25(bags60k);(4,716.80);35.20;35.20;(4,716.80);(134.0000);0.00;635 - مخزون البن الاخضر;635 - مخزون البن الاخضر
31 ديسمبر 2025;Receivable Invoice;INV-5022;مقهى مذاق لذيذ لتقديم المشروبات;Natural Yirgocheffe Aricha Wubanchi Eth25(bags60k);(3,180.00);35.20;53.00;(2,112.00);(60.0000);17.80;201 - مبيعات القهوة الخضراء;635 - مخزون البن الاخضر
31 ديسمبر 2025;Adjustment;Revaluation;;تعديل السعر;10,020.00;0.00;0.00;10,020.00;0.0000;0.00;;635 - مخزون البن الاخضر
31 ديسمبر 2025;Adjustment;Quantity Increase;;جرد 31/12;2,076.80;35.20;0.00;2,076.80;59.0000;0.00;;635 - مخزون البن الاخضر
Total GB0619-اريكا ووبنشي اخضر - Natural Yirgocheffe Aricha Wubanchi Eth25(bags60k);;;;;337,028.00;;;338,096.00;9,605.0000;17.80;;
Closing Balance;;;;;0.00;0.00;0.00;338,096.00;9,605.0000;0.00;;
;;;;;;;;;;;;
GB0620- قوجي ووبنشي اخضر - Natural Yirgocheffe Guji Wubanchi Eth25(bags60k);;;;;;;;;;;;
Opening Balance;;;;;0.00;0.00;0.00;0.00;0.0000;0.00;;
04 نوفمبر 2025;Payable Invoice;طلبية البن الاخضر الاثيوبى 2025;MESAB GENERAL TRADING FZC;Natural Yirgocheffe Guji Wubanchi Eth25(bags60k);97,594.20;49.29;0.00;97,594.20;1,980.0000;0.00;;635 - مخزون البن الاخضر
05 نوفمبر 2025;Payable Credit Note;7227;امر تحميص مستودع البن الاخضر;Natural Yirgocheffe Guji Wubanchi Eth25(bags60k);(376.80);50.24;50.24;(376.80);(7.5000);0.00;635 - مخزون البن الاخضر;635 - مخزون البن الاخضر
04 ديسمبر 2025;Payable Credit Note;MP 7231;امر تحميص مستودع البن الاخضر;Natural Yirgocheffe Guji Wubanchi Eth25(bags60k);(2,260.80);50.24;50.24;(2,260.80);(45.0000);0.00;635 - مخزون البن الاخضر;635 - مخزون البن الاخضر
18 ديسمبر 2025;Payable Credit Note;7233;امر تحميص مستودع البن الاخضر;Natural Yirgocheffe Guji Wubanchi Eth25(bags60k);(1,909.12);50.24;50.24;(1,909.12);(38.0000);0.00;635 - مخزون البن الاخضر;635 - مخزون البن الاخضر
30 ديسمبر 2025;Receivable Invoice;INV-4980;شركة موطن البن للتجارة;Natural Yirgocheffe Guji Wubanchi Eth25(bags60k);(20,925.00);49.24;69.75;(14,773.35);(300.0000);20.51;201 - مبيعات القهوة الخضراء;635 - مخزون البن الاخضر
31 ديسمبر 2025;Adjustment;Quantity Decrease;;جرد 31/12;(3,089.76);50.24;0.00;(3,089.76);(61.5000);0.00;;635 - مخزون البن الاخضر
31 ديسمبر 2025;Adjustment;Revaluation;;تعديل السعر;1,582.35;0.00;0.00;1,582.35;0.0000;0.00;;635 - مخزون البن الاخضر
Total GB0620- قوجي ووبنشي اخضر - Natural Yirgocheffe Guji Wubanchi Eth25(bags60k);;;;;70,615.07;;;76,766.72;1,528.0000;20.51;;
Closing Balance;;;;;0.00;0.00;0.00;76,766.72;1,528.0000;0.00;;
;;;;;;;;;;;;
GB0659- توليما كولمبي اخضر - ColombiaTolima(1Kg) CO121;;;;;;;;;;;;
Opening Balance;;;;;0.00;0.00;0.00;0.00;0.0000;0.00;;
30 سبتمبر 2025;Adjustment;Bulk Adjustment;;جرد 30/9 للبن الاخضر;0.00;0.00;0.00;0.00;0.0000;0.00;;635 - مخزون البن الاخضر
Total GB0659- توليما كولمبي اخضر - ColombiaTolima(1Kg) CO121;;;;;0.00;;;0.00;0.0000;0.00;;
Closing Balance;;;;;0.00;0.00;0.00;0.00;0.0000;0.00;;
;;;;;;;;;;;;
GB1007-قهوة اربيكا هندي اخضر - Indian Arabica coffee 20;;;;;;;;;;;;
Opening Balance;;;;;0.00;0.00;0.00;910.00;50.0000;0.00;;
30 سبتمبر 2025;Adjustment;Bulk Adjustment;;جرد 30/9 للبن الاخضر;0.00;0.00;0.00;0.00;0.0000;0.00;;635 - مخزون البن الاخضر
Total GB1007-قهوة اربيكا هندي اخضر - Indian Arabica coffee 20;;;;;0.00;;;0.00;0.0000;0.00;;
Closing Balance;;;;;0.00;0.00;0.00;910.00;50.0000;0.00;;
;;;;;;;;;;;;
GB12022- مكسيكى مجففه اخضر - Mexico Arabica Natural(1Kg) MX122;;;;;;;;;;;;
Opening Balance;;;;;0.00;0.00;0.00;0.00;0.0000;0.00;;
30 سبتمبر 2025;Adjustment;Bulk Adjustment;;جرد 30/9 للبن الاخضر;0.00;0.00;0.00;0.00;0.0000;0.00;;635 - مخزون البن الاخضر
Total GB12022- مكسيكى مجففه اخضر - Mexico Arabica Natural(1Kg) MX122;;;;;0.00;;;0.00;0.0000;0.00;;
Closing Balance;;;;;0.00;0.00;0.00;0.00;0.0000;0.00;;
;;;;;;;;;;;;
GB12023- مكسيكى مجففه اخضر - Mexico Arabica Natural(1Kg) MX123;;;;;;;;;;;;
Opening Balance;;;;;0.00;0.00;0.00;163.85;5.0000;0.00;;
17 أبريل 2025;Payable Credit Note;7211;امر تحميص مستودع البن الاخضر;Mexico Arabica Natural(1Kg) MX123;(147.47);32.77;32.77;(147.47);(4.5000);0.00;635 - مخزون البن الاخضر;635 - مخزون البن الاخضر
30 سبتمبر 2025;Adjustment;Bulk Adjustment;;جرد 30/9 للبن الاخضر;(16.38);32.76;0.00;(16.38);(0.5000);0.00;;635 - مخزون البن الاخضر
Total GB12023- مكسيكى مجففه اخضر - Mexico Arabica Natural(1Kg) MX123;;;;;(163.85);;;(163.85);(5.0000);0.00;;
Closing Balance;;;;;0.00;0.00;0.00;0.00;0.0000;0.00;;
;;;;;;;;;;;;
GB12025-مكسيكي مجففة اخضر - Mexico Arabica Natural (1Kg) MX125 bags30;;;;;;;;;;;;
Opening Balance;;;;;0.00;0.00;0.00;0.00;0.0000;0.00;;
02 نوفمبر 2025;Payable Invoice;طلبيه البن الاخضر المكسيكى 2025;JUS AND CO SA DE CV;Mexico Arabica Natural(1Kg) MX123 bags30;294,096.00;44.56;0.00;294,096.00;6,600.0000;0.00;;635 - مخزون البن الاخضر
05 نوفمبر 2025;Payable Credit Note;7227;امر تحميص مستودع البن الاخضر;Mexico Arabica Natural(1Kg) MX123 bags30;(339.68);45.29;45.29;(339.68);(7.5000);0.00;635 - مخزون البن الاخضر;635 - مخزون البن الاخضر
18 نوفمبر 2025;Receivable Invoice;INV-4738;مقهى اناقة البن لتقديم المشروبات;Mexico Arabica Natural(1Kg) MX125 bags30;(2,040.00);44.56;68.00;(1,336.78);(30.0000);23.44;201 - مبيعات القهوة الخضراء;635 - مخزون البن الاخضر
10 ديسمبر 2025;Payable Credit Note;7232;امر تحميص مستودع البن الاخضر;Mexico Arabica Natural(1Kg) MX123 bags30;(679.35);45.29;45.29;(679.35);(15.0000);0.00;635 - مخزون البن الاخضر;635 - مخزون البن الاخضر
31 ديسمبر 2025;Adjustment;Quantity Increase;;جرد 31/12;1,313.41;45.29;0.00;1,313.41;29.0000;0.00;;635 - مخزون البن الاخضر
31 ديسمبر 2025;Adjustment;Revaluation;;تعديل السعر;4,796.08;0.00;0.00;4,796.08;0.0000;0.00;;635 - مخزون البن الاخضر
Total GB12025-مكسيكي مجففة اخضر - Mexico Arabica Natural (1Kg) MX125 bags30;;;;;297,146.46;;;297,849.69;6,576.5000;23.44;;
Closing Balance;;;;;0.00;0.00;0.00;297,849.69;6,576.5000;0.00;;
;;;;;;;;;;;;
GB1352- برازيلى اخضر - Brazil natural (1Kg) BRZ122;;;;;;;;;;;;
Opening Balance;;;;;0.00;0.00;0.00;0.00;0.0000;0.00;;
30 سبتمبر 2025;Adjustment;Bulk Adjustment;;جرد 30/9 للبن الاخضر;0.00;0.00;0.00;0.00;0.0000;0.00;;635 - مخزون البن الاخضر
Total GB1352- برازيلى اخضر - Brazil natural (1Kg) BRZ122;;;;;0.00;;;0.00;0.0000;0.00;;
Closing Balance;;;;;0.00;0.00;0.00;0.00;0.0000;0.00;;
;;;;;;;;;;;;
GB1703- كوستريكا طبيعية اخضر - Costa Rica Natural (1Kg) C321;;;;;;;;;;;;
Opening Balance;;;;;0.00;0.00;0.00;8,793.05;242.5000;0.00;;
15 يناير 2025;Payable Credit Note;7200;امر تحميص مستودع البن الاخضر;Costa Rica Natural (1Kg) C321;(1,377.88);36.26;36.26;(1,377.88);(38.0000);0.00;635 - مخزون البن الاخضر;635 - مخزون البن الاخضر
12 فبراير 2025;Payable Credit Note;7203;امر تحميص مستودع البن الاخضر;Costa Rica Natural (1Kg) C321;(1,377.88);36.26;36.26;(1,377.88);(38.0000);0.00;635 - مخزون البن الاخضر;635 - مخزون البن الاخضر
26 فبراير 2025;Payable Credit Note;7205;امر تحميص مستودع البن الاخضر;Costa Rica Natural (1Kg) C321;(543.90);36.26;36.26;(543.90);(15.0000);0.00;635 - مخزون البن الاخضر;635 - مخزون البن الاخضر
13 مارس 2025;Payable Credit Note;7207;امر تحميص مستودع البن الاخضر;Costa Rica Natural (1Kg) C321;(2,755.76);36.26;36.26;(2,755.76);(76.0000);0.00;635 - مخزون البن الاخضر;635 - مخزون البن الاخضر
17 أبريل 2025;Payable Credit Note;7211;امر تحميص مستودع البن الاخضر;Costa Rica Natural (1Kg) C321;(2,719.50);36.26;36.26;(2,719.50);(75.0000);0.00;635 - مخزون البن الاخضر;635 - مخزون البن الاخضر
30 سبتمبر 2025;Adjustment;Bulk Adjustment;;جرد 30/9 للبن الاخضر;(18.13);36.26;0.00;(18.13);(0.5000);0.00;;635 - مخزون البن الاخضر
Total GB1703- كوستريكا طبيعية اخضر - Costa Rica Natural (1Kg) C321;;;;;(8,793.05);;;(8,793.05);(242.5000);0.00;;
Closing Balance;;;;;0.00;0.00;0.00;0.00;0.0000;0.00;;
;;;;;;;;;;;;
"GB17301-كوستاريكا نارانجو اخضر - Costa Rica ""Naranjo""C123 (69Kg)";;;;;;;;;;;;
Opening Balance;;;;;0.00;0.00;0.00;272,412.00;8,280.0000;0.00;;
07 يناير 2025;Receivable Invoice;INV-2986;مقهى اناقة البن لتقديم المشروبات;"Costa Rica ""Naranjo""(1Kg)C123  (bags69k)";(11,385.00);32.90;55.00;(6,810.30);(207.0000);22.10;201 - مبيعات القهوة الخضراء;635 - مخزون البن الاخضر
15 يناير 2025;Receivable Invoice;INV-3026;شركة موطن البن للتجارة;"Costa Rica ""Naranjo""(69Kg)  (bags2)";(7,210.50);32.90;52.25;(4,540.20);(138.0000);19.35;201 - مبيعات القهوة الخضراء;635 - مخزون البن الاخضر
15 يناير 2025;Payable Credit Note;7201;امر تحميص مستودع البن الاخضر;"Costa Rica ""Naranjo""C123 (bags69k)";(1,579.20);32.90;32.90;(1,579.20);(48.0000);0.00;635 - مخزون البن الاخضر;635 - مخزون البن الاخضر
28 يناير 2025;Payable Credit Note;7202;امر تحميص مستودع البن الاخضر;"Costa Rica ""Naranjo""C123 (bags69k)";(2,006.90);32.90;32.90;(2,006.90);(61.0000);0.00;635 - مخزون البن الاخضر;635 - مخزون البن الاخضر
28 يناير 2025;Receivable Invoice;INV-3099;شركة موطن البن للتجارة;"Costa Rica ""Naranjo""(69Kg)  (bags2)";(7,210.50);32.90;52.25;(4,540.20);(138.0000);19.35;201 - مبيعات القهوة الخضراء;635 - مخزون البن الاخضر
12 فبراير 2025;Payable Credit Note;7203;امر تحميص مستودع البن الاخضر;"Costa Rica ""Naranjo""C123 (bags69k)";(4,013.80);32.90;32.90;(4,013.80);(122.0000);0.00;635 - مخزون البن الاخضر;635 - مخزون البن الاخضر
14 فبراير 2025;Receivable Invoice;INV-3206;شركة موطن البن للتجارة;"Costa Rica ""Naranjo""(69Kg)  (bags2)";(7,210.50);32.90;52.25;(4,540.20);(138.0000);19.35;201 - مبيعات القهوة الخضراء;635 - مخزون البن الاخضر
20 فبراير 2025;Receivable Invoice;INV-3231;مقهى اناقة البن لتقديم المشروبات;"Costa Rica ""Naranjo""(1Kg)C123  (bags69k)";(11,385.00);32.90;55.00;(6,810.30);(207.0000);22.10;201 - مبيعات القهوة الخضراء;635 - مخزون البن الاخضر
20 فبراير 2025;Receivable Invoice;INV-3230;شركة موطن البن للتجارة;"Costa Rica ""Naranjo""(69Kg)  (bags2)";(7,210.50);32.90;52.25;(4,540.20);(138.0000);19.35;201 - مبيعات القهوة الخضراء;635 - مخزون البن الاخضر
26 فبراير 2025;Payable Credit Note;7205;امر تحميص مستودع البن الاخضر;"Costa Rica ""Naranjo""C123 (bags69k)";(4,013.80);32.90;32.90;(4,013.80);(122.0000);0.00;635 - مخزون البن الاخضر;635 - مخزون البن الاخضر
02 مارس 2025;Receivable Invoice;INV-3292;شركة موطن البن للتجارة;"Costa Rica ""Naranjo""(69Kg)  (bags2)";(7,210.50);32.90;52.25;(4,540.20);(138.0000);19.35;201 - مبيعات القهوة الخضراء;635 - مخزون البن الاخضر
08 مارس 2025;Receivable Invoice;INV-3324;نادر الحربى;"Costa Rica ""Naranjo""(1Kg)(bags69k)";(3,795.00);32.90;55.00;(2,270.10);(69.0000);22.10;201 - مبيعات القهوة الخضراء;635 - مخزون البن الاخضر
10 مارس 2025;Receivable Invoice;INV-3335;شركة موطن البن للتجارة;"Costa Rica ""Naranjo""(69Kg)  (bags2)";(7,210.50);32.90;52.25;(4,540.20);(138.0000);19.35;201 - مبيعات القهوة الخضراء;635 - مخزون البن الاخضر
13 مارس 2025;Receivable Invoice;INV-3343;مؤسسة دنيا التوريد التجارية;"Costa Rica ""Naranjo""(1Kg)  (bags69k)";(11,385.00);32.90;55.00;(6,810.30);(207.0000);22.10;201 - مبيعات القهوة الخضراء;635 - مخزون البن الاخضر
13 مارس 2025;Payable Credit Note;7207;امر تحميص مستودع البن الاخضر;"Costa Rica ""Naranjo""C123 (bags69k)";(5,560.10);32.90;32.90;(5,560.10);(169.0000);0.00;635 - مخزون البن الاخضر;635 - مخزون البن الاخضر
30 مارس 2025;Adjustment;Quantity Decrease;;"جرد 29/3/2025
";(230.30);32.90;0.00;(230.30);(7.0000);0.00;;635 - مخزون البن الاخضر
03 أبريل 2025;Receivable Invoice;INV-3464;شركة موطن البن للتجارة;"Costa Rica ""Naranjo""(69Kg)  (bags2)";(7,210.50);32.90;52.25;(4,540.20);(138.0000);19.35;201 - مبيعات القهوة الخضراء;635 - مخزون البن الاخضر
10 أبريل 2025;Payable Credit Note;7209;امر تحميص مستودع البن الاخضر;"Costa Rica ""Naranjo""C123 (bags69k)";(5,593.00);32.90;32.90;(5,593.00);(170.0000);0.00;635 - مخزون البن الاخضر;635 - مخزون البن الاخضر
15 أبريل 2025;Receivable Invoice;INV-3535;مقهى اناقة البن لتقديم المشروبات;"Costa Rica ""Naranjo""(1Kg)C123  (bags69k)";(11,385.00);32.90;55.00;(6,810.30);(207.0000);22.10;201 - مبيعات القهوة الخضراء;635 - مخزون البن الاخضر
17 أبريل 2025;Payable Credit Note;7210;امر تحميص مستودع البن الاخضر;"Costa Rica ""Naranjo""C123 (bags69k)";(3,191.30);32.90;32.90;(3,191.30);(97.0000);0.00;635 - مخزون البن الاخضر;635 - مخزون البن الاخضر
19 أبريل 2025;Receivable Invoice;INV-3563;شركة موطن البن للتجارة;"Costa Rica ""Naranjo""(1Kg)C123  (bags69k)";(7,210.50);32.90;52.25;(4,540.20);(138.0000);19.35;201 - مبيعات القهوة الخضراء;635 - مخزون البن الاخضر
19 أبريل 2025;Receivable Invoice;INV-3562;نادر الحربى;"Costa Rica ""Naranjo""(1Kg)C123  (bags69k)";(3,795.00);32.90;55.00;(2,270.10);(69.0000);22.10;201 - مبيعات القهوة الخضراء;635 - مخزون البن الاخضر
21 أبريل 2025;Receivable Invoice;INV-3571;مؤسسة محمد سليمان لتقديم الوجبات;"Costa Rica ""Naranjo""(1Kg)C123  (bags69k)";(3,795.00);32.90;55.00;(2,270.10);(69.0000);22.10;201 - مبيعات القهوة الخضراء;635 - مخزون البن الاخضر
03 مايو 2025;Receivable Invoice;INV-3645;شركة موطن البن للتجارة;"Costa Rica ""Naranjo""(1Kg)C123  (bags69k)";(7,210.50);32.90;52.25;(4,540.20);(138.0000);19.35;201 - مبيعات القهوة الخضراء;635 - مخزون البن الاخضر
04 مايو 2025;Receivable Invoice;INV-3651;مقهى مذاق لذيذ لتقديم المشروبات;"Costa Rica ""Naranjo""(1Kg)C123  (bags69k)";(11,385.00);32.90;55.00;(6,810.30);(207.0000);22.10;201 - مبيعات القهوة الخضراء;635 - مخزون البن الاخضر
12 مايو 2025;Receivable Invoice;INV-3694;شركة موطن البن للتجارة;"Costa Rica ""Naranjo""(1Kg)C123  (bags69k)";(7,210.50);32.90;52.25;(4,540.20);(138.0000);19.35;201 - مبيعات القهوة الخضراء;635 - مخزون البن الاخضر
14 مايو 2025;Receivable Invoice;INV-3700;مقهى اناقة البن لتقديم المشروبات;"Costa Rica ""Naranjo""(1Kg)C123  (bags69k) 3خياش";(11,385.00);32.90;55.00;(6,810.30);(207.0000);22.10;201 - مبيعات القهوة الخضراء;635 - مخزون البن الاخضر
19 مايو 2025;Payable Credit Note;7213;امر تحميص مستودع البن الاخضر;"Costa Rica ""Naranjo""C123 (bags69k)";(4,803.40);32.90;32.90;(4,803.40);(146.0000);0.00;635 - مخزون البن الاخضر;635 - مخزون البن الاخضر
24 مايو 2025;Receivable Invoice;INV-3767;شركة موطن البن للتجارة;"Costa Rica ""Naranjo""(1Kg)C123  (bags69k)";(7,210.50);32.90;52.25;(4,540.20);(138.0000);19.35;201 - مبيعات القهوة الخضراء;635 - مخزون البن الاخضر
26 مايو 2025;Receivable Invoice;INV-3780;مقهى اناقة البن لتقديم المشروبات;"Costa Rica ""Naranjo""(1Kg)C123  (bags69k)

4خياش";(15,180.00);32.90;55.00;(9,080.40);(276.0000);22.10;201 - مبيعات القهوة الخضراء;635 - مخزون البن الاخضر
26 مايو 2025;Receivable Invoice;INV-3778;نادر الحربى;"Costa Rica ""Naranjo""(1Kg)C123  (bags69k)
1خيشه";(3,795.00);32.90;55.00;(2,270.10);(69.0000);22.10;201 - مبيعات القهوة الخضراء;635 - مخزون البن الاخضر
09 يونيو 2025;Receivable Invoice;INV-3856;مقهى اناقة البن لتقديم المشروبات;"Costa Rica ""Naranjo""(1Kg)C123  (bags69k)";(11,385.00);32.90;55.00;(6,810.30);(207.0000);22.10;201 - مبيعات القهوة الخضراء;635 - مخزون البن الاخضر
11 يونيو 2025;Receivable Invoice;INV-3867;شركة موطن البن للتجارة;"Costa Rica ""Naranjo""(1Kg)C123  (bags69k)";(7,210.50);32.90;52.25;(4,540.20);(138.0000);19.35;201 - مبيعات القهوة الخضراء;635 - مخزون البن الاخضر
24 يونيو 2025;Payable Credit Note;7218;امر تحميص مستودع البن الاخضر;"Costa Rica ""Naranjo""C123 (bags69k)";(10,034.50);32.90;32.90;(10,034.50);(305.0000);0.00;635 - مخزون البن الاخضر;635 - مخزون البن الاخضر
26 يونيو 2025;Adjustment;Quantity Decrease;;جرد 25/6;(345.45);32.90;0.00;(345.45);(10.5000);0.00;;635 - مخزون البن الاخضر
29 يونيو 2025;Receivable Invoice;INV-3961;شركة موطن البن للتجارة;"Costa Rica ""Naranjo""(1Kg)C123  (bags69k)";(7,210.50);32.90;52.25;(4,540.20);(138.0000);19.35;201 - مبيعات القهوة الخضراء;635 - مخزون البن الاخضر
02 يوليو 2025;Receivable Invoice;INV-3985;شركة موطن البن للتجارة;"Costa Rica ""Naranjo""(1Kg)C123  (bags69k)";(7,210.50);32.90;52.25;(4,540.20);(138.0000);19.35;201 - مبيعات القهوة الخضراء;635 - مخزون البن الاخضر
06 يوليو 2025;Receivable Invoice;INV-4007;مؤسسة محمد سليمان لتقديم الوجبات;"Costa Rica ""Naranjo""(1Kg)C123  (bags69k)";(7,590.00);32.90;55.00;(4,540.20);(138.0000);22.10;201 - مبيعات القهوة الخضراء;635 - مخزون البن الاخضر
14 يوليو 2025;Receivable Invoice;INV-3920;شركة موطن البن للتجارة;"Costa Rica ""Naranjo""(1Kg)C123  (bags69k)";(7,210.50);32.90;52.25;(4,540.20);(138.0000);19.35;201 - مبيعات القهوة الخضراء;635 - مخزون البن الاخضر
24 يوليو 2025;Receivable Invoice;INV-4103;مؤسسة المحصول الانيق للتجارة;"Costa Rica ""Naranjo""(1Kg)C123  (bags69k) عدد 3 اخياش";(11,385.00);32.90;55.00;(6,810.30);(207.0000);22.10;201 - مبيعات القهوة الخضراء;635 - مخزون البن الاخضر
04 أغسطس 2025;Receivable Invoice;INV-4167;نادر الحربى;"Costa Rica ""Naranjo""(1Kg)C123  (bags69k)";(3,795.00);32.90;55.00;(2,270.10);(69.0000);22.10;201 - مبيعات القهوة الخضراء;635 - مخزون البن الاخضر
05 أغسطس 2025;Payable Credit Note;7219;امر تحميص مستودع البن الاخضر;"Costa Rica ""Naranjo""C123 (bags69k)";(8,290.80);32.90;32.90;(8,290.80);(252.0000);0.00;635 - مخزون البن الاخضر;635 - مخزون البن الاخضر
07 أغسطس 2025;Payable Credit Note;7220;امر تحميص مستودع البن الاخضر;"Costa Rica ""Naranjo""C123 (bags69k)";(7,501.20);32.90;32.90;(7,501.20);(228.0000);0.00;635 - مخزون البن الاخضر;635 - مخزون البن الاخضر
14 أغسطس 2025;Receivable Invoice;INV-4236;مؤسسة المحصول الانيق للتجارة;"Costa Rica ""Naranjo""(1Kg)C123  (bags69k) عدد 3 اخياش";(10,815.75);32.90;52.25;(6,810.30);(207.0000);19.35;201 - مبيعات القهوة الخضراء;635 - مخزون البن الاخضر
18 أغسطس 2025;Payable Credit Note;7221;امر تحميص مستودع البن الاخضر;"Costa Rica ""Naranjo""C123 (bags69k)";(10,034.50);32.90;32.90;(10,034.50);(305.0000);0.00;635 - مخزون البن الاخضر;635 - مخزون البن الاخضر
20 أغسطس 2025;Receivable Invoice;INV-4261;مؤسسة المحصول الانيق للتجارة;"Costa Rica ""Naranjo""(1Kg)C123  (bags69k)";(18,026.25);32.90;52.25;(11,350.50);(345.0000);19.35;201 - مبيعات القهوة الخضراء;635 - مخزون البن الاخضر
04 سبتمبر 2025;Receivable Invoice;INV-4367;شركة المجال الحديثة لخدمات الاعاشة;"Costa Rica ""Naranjo""(1Kg)C123  (bags69k)";(3,795.00);32.90;55.00;(2,270.10);(69.0000);22.10;201 - مبيعات القهوة الخضراء;635 - مخزون البن الاخضر
14 سبتمبر 2025;Payable Credit Note;7223;امر تحميص مستودع البن الاخضر;"Costa Rica ""Naranjo""C123 (bags69k)";(13,160.00);32.90;32.90;(13,160.00);(400.0000);0.00;635 - مخزون البن الاخضر;635 - مخزون البن الاخضر
16 سبتمبر 2025;Payable Credit Note;7224;امر تحميص مستودع البن الاخضر;"Costa Rica ""Naranjo""C123 (bags69k)";(2,006.90);32.90;32.90;(2,006.90);(61.0000);0.00;635 - مخزون البن الاخضر;635 - مخزون البن الاخضر
30 سبتمبر 2025;Adjustment;Bulk Adjustment;;جرد 30/9 للبن الاخضر;(378.35);32.90;0.00;(378.35);(11.5000);0.00;;635 - مخزون البن الاخضر
16 أكتوبر 2025;Payable Credit Note;7226;امر تحميص مستودع البن الاخضر;"Costa Rica ""Naranjo""C123 (bags69k)";(16,022.30);32.90;32.90;(16,022.30);(487.0000);0.00;635 - مخزون البن الاخضر;635 - مخزون البن الاخضر
20 أكتوبر 2025;Receivable Invoice;INV-4586;مؤسسة المحصول الانيق للتجارة;"Costa Rica ""Naranjo""(1Kg)C123  (bags69k)";(3,605.25);32.90;52.25;(2,270.10);(69.0000);19.35;201 - مبيعات القهوة الخضراء;635 - مخزون البن الاخضر
13 نوفمبر 2025;Payable Credit Note;7228;امر تحميص مستودع البن الاخضر;"Costa Rica ""Naranjo""C123 (bags69k)";(3,224.20);32.90;32.90;(3,224.20);(98.0000);0.00;635 - مخزون البن الاخضر;635 - مخزون البن الاخضر
31 ديسمبر 2025;Adjustment;Quantity Decrease;;جرد31/12;(164.50);32.90;0.00;(164.50);(5.0000);0.00;;635 - مخزون البن الاخضر
"Total GB17301-كوستاريكا نارانجو اخضر - Costa Rica ""Naranjo""C123 (69Kg)";;;;;(379,379.25);;;(272,412.00);(8,280.0000);701.90;;
Closing Balance;;;;;0.00;0.00;0.00;0.00;0.0000;0.00;;
;;;;;;;;;;;;
"GB17302- كوستركا توبوسي اخضر - Costa Rica ""Tobosi""(1Kg)C221";;;;;;;;;;;;
Opening Balance;;;;;0.00;0.00;0.00;0.00;0.0000;0.00;;
30 سبتمبر 2025;Adjustment;Bulk Adjustment;;جرد 30/9 للبن الاخضر;0.00;0.00;0.00;0.00;0.0000;0.00;;635 - مخزون البن الاخضر
"Total GB17302- كوستركا توبوسي اخضر - Costa Rica ""Tobosi""(1Kg)C221";;;;;0.00;;;0.00;0.0000;0.00;;
Closing Balance;;;;;0.00;0.00;0.00;0.00;0.0000;0.00;;
;;;;;;;;;;;;
GB2023- كاتورا عسلية اخضر - Mexico Catura Red Hony MX223-(bags30k);;;;;;;;;;;;
Opening Balance;;;;;0.00;0.00;0.00;1,791.72;54.0000;0.00;;
17 أبريل 2025;Payable Credit Note;7211;امر تحميص مستودع البن الاخضر;Mexico Catura Red Hony MX223-(bags30k);(1,791.72);33.18;33.18;(1,791.72);(54.0000);0.00;635 - مخزون البن الاخضر;635 - مخزون البن الاخضر
30 سبتمبر 2025;Adjustment;Bulk Adjustment;;جرد 30/9 للبن الاخضر;0.00;0.00;0.00;0.00;0.0000;0.00;;635 - مخزون البن الاخضر
Total GB2023- كاتورا عسلية اخضر - Mexico Catura Red Hony MX223-(bags30k);;;;;(1,791.72);;;(1,791.72);(54.0000);0.00;;
Closing Balance;;;;;0.00;0.00;0.00;0.00;0.0000;0.00;;
;;;;;;;;;;;;
GB22022- باتشي مجففه اخضر - Mexico Pache Natural(1Kg)MX422-23-89;;;;;;;;;;;;
Opening Balance;;;;;0.00;0.00;0.00;0.00;0.0000;0.00;;
30 سبتمبر 2025;Adjustment;Bulk Adjustment;;جرد 30/9 للبن الاخضر;0.00;0.00;0.00;0.00;0.0000;0.00;;635 - مخزون البن الاخضر
Total GB22022- باتشي مجففه اخضر - Mexico Pache Natural(1Kg)MX422-23-89;;;;;0.00;;;0.00;0.0000;0.00;;
Closing Balance;;;;;0.00;0.00;0.00;0.00;0.0000;0.00;;
;;;;;;;;;;;;
GB22023- باتشي مجففه اخضر - Mexico Pache Natural(1Kg)MX423(bags30k);;;;;;;;;;;;
Opening Balance;;;;;0.00;0.00;0.00;30,294.87;837.5000;0.00;;
15 يناير 2025;Payable Credit Note;7200;امر تحميص مستودع البن الاخضر;Mexico Pache Natural(1Kg)MX423(bags30k);(2,206.55);36.17;36.17;(2,206.55);(61.0000);0.00;635 - مخزون البن الاخضر;635 - مخزون البن الاخضر
28 يناير 2025;Payable Credit Note;7202;امر تحميص مستودع البن الاخضر;Mexico Pache Natural(1Kg)MX423(bags30k);(1,374.57);36.17;36.17;(1,374.57);(38.0000);0.00;635 - مخزون البن الاخضر;635 - مخزون البن الاخضر
13 مارس 2025;Payable Credit Note;7206;امر تحميص مستودع البن الاخضر;Mexico Pache Natural(1Kg)MX423(bags30k);(4,123.72);36.17;36.17;(4,123.72);(114.0000);0.00;635 - مخزون البن الاخضر;635 - مخزون البن الاخضر
15 مارس 2025;Receivable Invoice;INV-3369;مقهي حنان محسن حسين الكويليت لتقديم المشروبات;Mexico Pache Natural(1Kg)MX23(bags30k);(5,073.00);36.17;84.55;(2,170.38);(60.0000);48.38;201 - مبيعات القهوة الخضراء;635 - مخزون البن الاخضر
15 مارس 2025;Receivable Invoice;INV-3368;مؤسسة صحف البن لتقديم المشروبات;Mexico Pache Natural(1Kg)MX23(bags30k);(5,073.00);36.17;84.55;(2,170.38);(60.0000);48.38;201 - مبيعات القهوة الخضراء;635 - مخزون البن الاخضر
23 مارس 2025;Receivable Invoice;INV-3406;قوافل البن التجارية;Mexico Pache Natural(1Kg)MX23(bags30k);(16,020.00);36.17;89.00;(6,511.14);(180.0000);52.83;201 - مبيعات القهوة الخضراء;635 - مخزون البن الاخضر
30 مارس 2025;Adjustment;Quantity Decrease;;"جرد 29/3/2025
";(958.58);36.17;0.00;(958.58);(26.5000);0.00;;635 - مخزون البن الاخضر
06 أبريل 2025;Receivable Invoice;INV-3481;قوافل البن التجارية;Mexico Pache Natural(1Kg)MX23(bags30k);(8,010.00);36.17;89.00;(3,255.57);(90.0000);52.83;201 - مبيعات القهوة الخضراء;635 - مخزون البن الاخضر
07 أبريل 2025;Receivable Invoice;INV-3488;مقهي حنان محسن حسين الكويليت لتقديم المشروبات;Mexico Pache Natural(1Kg)MX23(bags30k);(7,609.50);36.17;84.55;(3,255.57);(90.0000);48.38;201 - مبيعات القهوة الخضراء;635 - مخزون البن الاخضر
07 أبريل 2025;Receivable Invoice;INV-3487;مؤسسة صحف البن لتقديم المشروبات;Mexico Pache Natural(1Kg)MX23(bags30k);(7,609.50);36.17;84.55;(3,255.57);(90.0000);48.38;201 - مبيعات القهوة الخضراء;635 - مخزون البن الاخضر
12 يونيو 2025;Payable Credit Note;7216;امر تحميص مستودع البن الاخضر;Mexico Pache Natural(1Kg)MX423(bags30k);(994.76);36.17;36.17;(994.76);(27.5000);0.00;635 - مخزون البن الاخضر;635 - مخزون البن الاخضر
30 سبتمبر 2025;Adjustment;Bulk Adjustment;;جرد 30/9 للبن الاخضر;(18.08);36.17;0.00;(18.08);(0.5000);0.00;;635 - مخزون البن الاخضر
Total GB22023- باتشي مجففه اخضر - Mexico Pache Natural(1Kg)MX423(bags30k);;;;;(59,071.27);;;(30,294.87);(837.5000);299.16;;
Closing Balance;;;;;0.00;0.00;0.00;0.00;0.0000;0.00;;
;;;;;;;;;;;;
GB22025-مكسيكى باتشى مجفف اخضر - Mexico Pache Anaerobic Natural(1Kg)MX25(bags30k);;;;;;;;;;;;
Opening Balance;;;;;0.00;0.00;0.00;0.00;0.0000;0.00;;
02 نوفمبر 2025;Payable Invoice;طلبيه البن الاخضر المكسيكى 2025;JUS AND CO SA DE CV;Mexico Pache Anaerobic Natural(1Kg)MX25(bags30k);143,610.00;47.87;0.00;143,610.00;3,000.0000;0.00;;635 - مخزون البن الاخضر
05 نوفمبر 2025;Payable Credit Note;7227;امر تحميص مستودع البن الاخضر;Mexico Pache Anaerobic Natural(1Kg)MX25(bags30k);(364.50);48.60;48.60;(364.50);(7.5000);0.00;635 - مخزون البن الاخضر;635 - مخزون البن الاخضر
27 نوفمبر 2025;Payable Credit Note;7230;امر تحميص مستودع البن الاخضر;Mexico Pache Anaerobic Natural(1Kg)MX25(bags30k);(729.00);48.60;48.60;(729.00);(15.0000);0.00;635 - مخزون البن الاخضر;635 - مخزون البن الاخضر
10 ديسمبر 2025;Payable Credit Note;7232;امر تحميص مستودع البن الاخضر;Mexico Pache Anaerobic Natural(1Kg)MX25(bags30k);(2,964.60);48.60;48.60;(2,964.60);(61.0000);0.00;635 - مخزون البن الاخضر;635 - مخزون البن الاخضر
31 ديسمبر 2025;Adjustment;Quantity Decrease;;جرد 31/12;(1,530.90);48.60;0.00;(1,530.90);(31.5000);0.00;;635 - مخزون البن الاخضر
31 ديسمبر 2025;Adjustment;Revaluation;;تعديل السعر;2,190.00;0.00;0.00;2,190.00;0.0000;0.00;;635 - مخزون البن الاخضر
Total GB22025-مكسيكى باتشى مجفف اخضر - Mexico Pache Anaerobic Natural(1Kg)MX25(bags30k);;;;;140,211.00;;;140,211.00;2,885.0000;0.00;;
Closing Balance;;;;;0.00;0.00;0.00;140,211.00;2,885.0000;0.00;;
;;;;;;;;;;;;
GB24402-بنما مجففه كاتواى اخضر - Panama Arabica Natural Cataway(bag31.82) P23;;;;;;;;;;;;
Opening Balance;;;;;0.00;0.00;0.00;24,513.00;622.4900;0.00;;
15 يناير 2025;Payable Credit Note;7201;امر تحميص مستودع البن الاخضر;Panama Arabica Natural Cataway(bag31.82) P23;(5,275.58);39.37;39.37;(5,275.58);(134.0000);0.00;635 - مخزون البن الاخضر;635 - مخزون البن الاخضر
28 يناير 2025;Payable Credit Note;7202;امر تحميص مستودع البن الاخضر;Panama Arabica Natural Cataway(bag31.82) P23;(2,401.57);39.37;39.37;(2,401.57);(61.0000);0.00;635 - مخزون البن الاخضر;635 - مخزون البن الاخضر
12 فبراير 2025;Payable Credit Note;7203;امر تحميص مستودع البن الاخضر;Panama Arabica Natural Cataway(bag31.82) P23;(2,874.01);39.37;39.37;(2,874.01);(73.0000);0.00;635 - مخزون البن الاخضر;635 - مخزون البن الاخضر
13 مارس 2025;Payable Credit Note;7207;امر تحميص مستودع البن الاخضر;Panama Arabica Natural Cataway(bag31.82) P23;(6,299.20);39.37;39.37;(6,299.20);(160.0000);0.00;635 - مخزون البن الاخضر;635 - مخزون البن الاخضر
30 مارس 2025;Adjustment;Quantity Decrease;;جرد 30/3;(58.70);39.40;0.00;(58.70);(1.4900);0.00;;635 - مخزون البن الاخضر
17 أبريل 2025;Payable Credit Note;7210;امر تحميص مستودع البن الاخضر;Panama Arabica Natural Cataway(bag31.82) P23;(7,578.73);39.37;39.37;(7,578.73);(192.5000);0.00;635 - مخزون البن الاخضر;635 - مخزون البن الاخضر
30 سبتمبر 2025;Adjustment;Bulk Adjustment;;جرد 30/9 للبن الاخضر;(25.21);50.41;0.00;(25.21);(0.5000);0.00;;635 - مخزون البن الاخضر
Total GB24402-بنما مجففه كاتواى اخضر - Panama Arabica Natural Cataway(bag31.82) P23;;;;;(24,513.00);;;(24,513.00);(622.4900);0.00;;
Closing Balance;;;;;0.00;0.00;0.00;0.00;0.0000;0.00;;
;;;;;;;;;;;;
GB2701- برونداى مجففه اخضر - Burundi Natural (KG) (bags30k)-B23;;;;;;;;;;;;
Opening Balance;;;;;0.00;0.00;0.00;199,425.06;6,760.0000;0.00;;
15 يناير 2025;Payable Credit Note;7201;امر تحميص مستودع البن الاخضر;Burundi Natural (KG) (bags30k)-B23;(6,106.50);29.50;29.50;(6,106.50);(207.0000);0.00;635 - مخزون البن الاخضر;635 - مخزون البن الاخضر
28 يناير 2025;Payable Credit Note;7202;امر تحميص مستودع البن الاخضر;Burundi Natural (KG) (bags30k)-B23;(7,227.50);29.50;29.50;(7,227.50);(245.0000);0.00;635 - مخزون البن الاخضر;635 - مخزون البن الاخضر
12 فبراير 2025;Payable Credit Note;7204;امر تحميص مستودع البن الاخضر;Burundi Natural (KG) (bags30k)-B23;(855.50);29.50;29.50;(855.50);(29.0000);0.00;635 - مخزون البن الاخضر;635 - مخزون البن الاخضر
12 فبراير 2025;Payable Credit Note;7203;امر تحميص مستودع البن الاخضر;Burundi Natural (KG) (bags30k)-B23;(7,198.00);29.50;29.50;(7,198.00);(244.0000);0.00;635 - مخزون البن الاخضر;635 - مخزون البن الاخضر
23 فبراير 2025;Receivable Invoice;INV-3246;مؤسسة خطوات التحميص للتجارة;Burundi Natural (KG) (bags30k)-B23;(5,040.00);29.50;42.00;(3,540.10);(120.0000);12.50;201 - مبيعات القهوة الخضراء;635 - مخزون البن الاخضر
26 فبراير 2025;Payable Credit Note;7205;امر تحميص مستودع البن الاخضر;Burundi Natural (KG) (bags30k)-B23;(1,799.50);29.50;29.50;(1,799.50);(61.0000);0.00;635 - مخزون البن الاخضر;635 - مخزون البن الاخضر
06 مارس 2025;Payable Credit Note;MP 2385;سند صرف قهوه محموصه فرع واو;Burundi Natural (KG) (bags30k)-B23;(147.50);29.50;29.50;(147.50);(5.0000);0.00;635 - مخزون البن الاخضر;635 - مخزون البن الاخضر
13 مارس 2025;Payable Credit Note;7206;امر تحميص مستودع البن الاخضر;Burundi Natural (KG) (bags30k)-B23;(10,767.50);29.50;29.50;(10,767.50);(365.0000);0.00;635 - مخزون البن الاخضر;635 - مخزون البن الاخضر
13 مارس 2025;Payable Credit Note;7207;امر تحميص مستودع البن الاخضر;Burundi Natural (KG) (bags30k)-B23;(1,416.00);29.50;29.50;(1,416.00);(48.0000);0.00;635 - مخزون البن الاخضر;635 - مخزون البن الاخضر
30 مارس 2025;Adjustment;Quantity Decrease;;"جرد 29/3/2025
";(59.00);29.50;0.00;(59.00);(2.0000);0.00;;635 - مخزون البن الاخضر
10 أبريل 2025;Payable Credit Note;7209;امر تحميص مستودع البن الاخضر;Burundi Natural (KG) (bags30k)-B23;(11,505.00);29.50;29.50;(11,505.00);(390.0000);0.00;635 - مخزون البن الاخضر;635 - مخزون البن الاخضر
17 أبريل 2025;Payable Credit Note;7211;امر تحميص مستودع البن الاخضر;Burundi Natural (KG) (bags30k)-B23;(1,416.00);29.50;29.50;(1,416.00);(48.0000);0.00;635 - مخزون البن الاخضر;635 - مخزون البن الاخضر
22 أبريل 2025;Payable Credit Note;7212;امر تحميص مستودع البن الاخضر;Burundi Natural (KG) (bags30k)-B23;(4,690.50);29.50;29.50;(4,690.50);(159.0000);0.00;635 - مخزون البن الاخضر;635 - مخزون البن الاخضر
28 أبريل 2025;Receivable Invoice;INV-3617;مؤسسة خطوات التحميص للتجارة;Burundi Natural (KG) (bags30k)-B23;(2,520.00);29.50;42.00;(1,770.06);(60.0000);12.50;201 - مبيعات القهوة الخضراء;635 - مخزون البن الاخضر
19 مايو 2025;Payable Credit Note;7214;امر تحميص مستودع البن الاخضر;Burundi Natural (KG) (bags30k)-B23;(1,132.80);29.50;29.50;(1,132.80);(38.4000);0.00;635 - مخزون البن الاخضر;635 - مخزون البن الاخضر
19 مايو 2025;Payable Credit Note;7213;امر تحميص مستودع البن الاخضر;Burundi Natural (KG) (bags30k)-B23;(8,260.00);29.50;29.50;(8,260.00);(280.0000);0.00;635 - مخزون البن الاخضر;635 - مخزون البن الاخضر
26 مايو 2025;Receivable Invoice;INV-3778;نادر الحربى;"Burundi Natural (KG) (bags30k)-B23
1خيشه";(1,260.00);29.50;42.00;(885.03);(30.0000);12.50;201 - مبيعات القهوة الخضراء;635 - مخزون البن الاخضر
04 يونيو 2025;Payable Credit Note;7215;امر تحميص مستودع البن الاخضر;Burundi Natural (KG) (bags30k)-B23;(1,799.50);29.50;29.50;(1,799.50);(61.0000);0.00;635 - مخزون البن الاخضر;635 - مخزون البن الاخضر
12 يونيو 2025;Payable Credit Note;7216;امر تحميص مستودع البن الاخضر;Burundi Natural (KG) (bags30k)-B23;(10,059.50);29.50;29.50;(10,059.50);(341.0000);0.00;635 - مخزون البن الاخضر;635 - مخزون البن الاخضر
24 يونيو 2025;Payable Credit Note;7218;امر تحميص مستودع البن الاخضر;Burundi Natural (KG) (bags30k)-B23;(3,599.00);29.50;29.50;(3,599.00);(122.0000);0.00;635 - مخزون البن الاخضر;635 - مخزون البن الاخضر
24 يونيو 2025;Payable Credit Note;7218;امر تحميص مستودع البن الاخضر;Burundi Natural (KG) (bags30k)-B23;(1,711.00);29.50;29.50;(1,711.00);(58.0000);0.00;635 - مخزون البن الاخضر;635 - مخزون البن الاخضر
26 يونيو 2025;Adjustment;Quantity Decrease;;جرد 25/6;(1,817.28);29.50;0.00;(1,817.28);(61.6000);0.00;;635 - مخزون البن الاخضر
10 يوليو 2025;Receivable Invoice;INV-4040;مؤسسة خطوات التحميص للتجارة;Burundi Natural (KG) (bags30k)-B23;(5,040.00);29.50;42.00;(3,540.15);(120.0000);12.50;201 - مبيعات القهوة الخضراء;635 - مخزون البن الاخضر
05 أغسطس 2025;Payable Credit Note;7219;امر تحميص مستودع البن الاخضر;Burundi Natural (KG) (bags30k)-B23;(10,620.00);29.50;29.50;(10,620.00);(360.0000);0.00;635 - مخزون البن الاخضر;635 - مخزون البن الاخضر
07 أغسطس 2025;Payable Credit Note;7220;امر تحميص مستودع البن الاخضر;Burundi Natural (KG) (bags30k)-B23;(1,681.50);29.50;29.50;(1,681.50);(57.0000);0.00;635 - مخزون البن الاخضر;635 - مخزون البن الاخضر
18 أغسطس 2025;Payable Credit Note;7221;امر تحميص مستودع البن الاخضر;Burundi Natural (KG) (bags30k)-B23;(11,210.00);29.50;29.50;(11,210.00);(380.0000);0.00;635 - مخزون البن الاخضر;635 - مخزون البن الاخضر
14 سبتمبر 2025;Payable Credit Note;7223;امر تحميص مستودع البن الاخضر;Burundi Natural (KG) (bags30k)-B23;(354.00);29.50;29.50;(354.00);(12.0000);0.00;635 - مخزون البن الاخضر;635 - مخزون البن الاخضر
14 سبتمبر 2025;Payable Credit Note;7223;امر تحميص مستودع البن الاخضر;Burundi Natural (KG) (bags30k)-B23;(141.60);29.50;29.50;(141.60);(4.8000);0.00;635 - مخزون البن الاخضر;635 - مخزون البن الاخضر
16 سبتمبر 2025;Payable Credit Note;7224;امر تحميص مستودع البن الاخضر;Burundi Natural (KG) (bags30k)-B23;(9,351.50);29.50;29.50;(9,351.50);(317.0000);0.00;635 - مخزون البن الاخضر;635 - مخزون البن الاخضر
16 سبتمبر 2025;Payable Credit Note;7224;امر تحميص مستودع البن الاخضر;Burundi Natural (KG) (bags30k)-B23;(708.00);29.50;29.50;(708.00);(24.0000);0.00;635 - مخزون البن الاخضر;635 - مخزون البن الاخضر
30 سبتمبر 2025;Adjustment;Bulk Adjustment;;جرد 30/9 للبن الاخضر;(448.43);29.50;0.00;(448.43);(15.2000);0.00;;635 - مخزون البن الاخضر
16 أكتوبر 2025;Payable Credit Note;7226;امر تحميص مستودع البن الاخضر;Burundi Natural (KG) (bags30k)-B23;(12,242.50);29.50;29.50;(12,242.50);(415.0000);0.00;635 - مخزون البن الاخضر;635 - مخزون البن الاخضر
16 أكتوبر 2025;Payable Credit Note;7226;امر تحميص مستودع البن الاخضر;Burundi Natural (KG) (bags30k)-B23;(1,416.00);29.50;29.50;(1,416.00);(48.0000);0.00;635 - مخزون البن الاخضر;635 - مخزون البن الاخضر
21 نوفمبر 2025;Payable Credit Note;7229;امر تحميص مستودع البن الاخضر;Burundi Natural (KG) (bags30k)-B23;(1,799.50);29.50;29.50;(1,799.50);(61.0000);0.00;635 - مخزون البن الاخضر;635 - مخزون البن الاخضر
21 نوفمبر 2025;Payable Credit Note;7229;امر تحميص مستودع البن الاخضر;Burundi Natural (KG) (bags30k)-B23;(424.80);29.50;29.50;(424.80);(14.4000);0.00;635 - مخزون البن الاخضر;635 - مخزون البن الاخضر
27 نوفمبر 2025;Payable Credit Note;7230;امر تحميص مستودع البن الاخضر;Burundi Natural (KG) (bags30k)-B23;(3,599.00);29.50;29.50;(3,599.00);(122.0000);0.00;635 - مخزون البن الاخضر;635 - مخزون البن الاخضر
04 ديسمبر 2025;Payable Credit Note;MP 7231;امر تحميص مستودع البن الاخضر;Burundi Natural (KG) (bags30k)-B23;(6,844.00);29.50;29.50;(6,844.00);(232.0000);0.00;635 - مخزون البن الاخضر;635 - مخزون البن الاخضر
10 ديسمبر 2025;Payable Credit Note;7232;امر تحميص مستودع البن الاخضر;Burundi Natural (KG) (bags30k)-B23;(6,136.00);29.50;29.50;(6,136.00);(208.0000);0.00;635 - مخزون البن الاخضر;635 - مخزون البن الاخضر
12 ديسمبر 2025;Payable Credit Note;MP 2859;سند صرف قهوه محموصه فرع الصحافة;Burundi Natural (KG) (bags30k)-B23;(147.50);29.50;29.50;(147.50);(5.0000);0.00;635 - مخزون البن الاخضر;635 - مخزون البن الاخضر
14 ديسمبر 2025;Payable Credit Note;MP 2865;سند صرف قهوه محموصه فرع الصحافة;Burundi Natural (KG) (bags30k)-B23;(590.00);29.50;29.50;(590.00);(20.0000);0.00;635 - مخزون البن الاخضر;635 - مخزون البن الاخضر
18 ديسمبر 2025;Payable Credit Note;7233;امر تحميص مستودع البن الاخضر;Burundi Natural (KG) (bags30k)-B23;(3,599.00);29.50;29.50;(3,599.00);(122.0000);0.00;635 - مخزون البن الاخضر;635 - مخزون البن الاخضر
24 ديسمبر 2025;Payable Credit Note;7234;امر تحميص مستودع البن الاخضر;Burundi Natural (KG) (bags30k)-B23;(3,982.50);29.50;29.50;(3,982.50);(135.0000);0.00;635 - مخزون البن الاخضر;635 - مخزون البن الاخضر
31 ديسمبر 2025;Adjustment;Quantity Increase;;جرد 31/12;442.50;29.50;0.00;442.50;15.0000;0.00;;635 - مخزون البن الاخضر
Total GB2701- برونداى مجففه اخضر - Burundi Natural (KG) (bags30k)-B23;;;;;(170,280.91);;;(166,156.25);(5,632.4000);50.00;;
Closing Balance;;;;;0.00;0.00;0.00;33,268.80;1,127.6000;0.00;;
;;;;;;;;;;;;
GB29244- بنما مجففه كاتورااخضر - Panama Arabica Natural Caturra(bags31.82k)Pa23;;;;;;;;;;;;
Opening Balance;;;;;0.00;0.00;0.00;1,255.54;31.8200;0.00;;
30 مارس 2025;Adjustment;Quantity Decrease;;جرد 29/3;(1,255.54);39.46;0.00;(1,255.54);(31.8200);0.00;;635 - مخزون البن الاخضر
30 سبتمبر 2025;Adjustment;Bulk Adjustment;;جرد 30/9 للبن الاخضر;0.00;0.00;0.00;0.00;0.0000;0.00;;635 - مخزون البن الاخضر
Total GB29244- بنما مجففه كاتورااخضر - Panama Arabica Natural Caturra(bags31.82k)Pa23;;;;;(1,255.54);;;(1,255.54);(31.8200);0.00;;
Closing Balance;;;;;0.00;0.00;0.00;0.00;0.0000;0.00;;
;;;;;;;;;;;;
GB32022-كاتورا مجففه اخضر - Mexico Caturra Natural(1Kg)MX5-23;;;;;;;;;;;;
Opening Balance;;;;;0.00;0.00;0.00;43,917.44;1,238.5000;0.00;;
15 يناير 2025;Payable Credit Note;7201;امر تحميص مستودع البن الاخضر;Mexico Caturra Natural(1Kg)MX5-23;(532.50);35.50;35.50;(532.50);(15.0000);0.00;635 - مخزون البن الاخضر;635 - مخزون البن الاخضر
28 يناير 2025;Payable Credit Note;7202;امر تحميص مستودع البن الاخضر;Mexico Caturra Natural(1Kg)MX5-23;(1,349.00);35.50;35.50;(1,349.00);(38.0000);0.00;635 - مخزون البن الاخضر;635 - مخزون البن الاخضر
12 فبراير 2025;Payable Credit Note;7204;امر تحميص مستودع البن الاخضر;Mexico Caturra Natural(1Kg)MX5-23;(2,946.50);35.50;35.50;(2,946.50);(83.0000);0.00;635 - مخزون البن الاخضر;635 - مخزون البن الاخضر
13 مارس 2025;Payable Credit Note;7206;امر تحميص مستودع البن الاخضر;Mexico Caturra Natural(1Kg)MX5-23;(3,550.00);35.50;35.50;(3,550.00);(100.0000);0.00;635 - مخزون البن الاخضر;635 - مخزون البن الاخضر
30 مارس 2025;Adjustment;Quantity Increase;;جرد 31/3;17.72;35.45;0.00;17.72;0.5000;0.00;;635 - مخزون البن الاخضر
10 أبريل 2025;Payable Credit Note;7209;امر تحميص مستودع البن الاخضر;Mexico Caturra Natural(1Kg)MX5-23;(3,230.50);35.50;35.50;(3,230.50);(91.0000);0.00;635 - مخزون البن الاخضر;635 - مخزون البن الاخضر
17 أبريل 2025;Payable Credit Note;7210;امر تحميص مستودع البن الاخضر;Mexico Caturra Natural(1Kg)MX5-23;(2,165.50);35.50;35.50;(2,165.50);(61.0000);0.00;635 - مخزون البن الاخضر;635 - مخزون البن الاخضر
19 مايو 2025;Payable Credit Note;7214;امر تحميص مستودع البن الاخضر;Mexico Caturra Natural(1Kg)MX5-23;(1,881.50);35.50;35.50;(1,881.50);(53.0000);0.00;635 - مخزون البن الاخضر;635 - مخزون البن الاخضر
04 يونيو 2025;Payable Credit Note;7215;امر تحميص مستودع البن الاخضر;Mexico Caturra Natural(1Kg)MX5-23;(1,100.50);35.50;35.50;(1,100.50);(31.0000);0.00;635 - مخزون البن الاخضر;635 - مخزون البن الاخضر
18 يونيو 2025;Payable Credit Note;7217;امر تحميص مستودع البن الاخضر;Mexico Caturra Natural(1Kg)MX5-23;(6,496.50);35.50;35.50;(6,496.50);(183.0000);0.00;635 - مخزون البن الاخضر;635 - مخزون البن الاخضر
26 يونيو 2025;Adjustment;Quantity Decrease;;جرد 25/6;(106.25);35.42;0.00;(106.25);(3.0000);0.00;;635 - مخزون البن الاخضر
05 أغسطس 2025;Payable Credit Note;7219;امر تحميص مستودع البن الاخضر;Mexico Caturra Natural(1Kg)MX5-23;(9,052.50);35.50;35.50;(9,052.50);(255.0000);0.00;635 - مخزون البن الاخضر;635 - مخزون البن الاخضر
07 أغسطس 2025;Payable Credit Note;7220;امر تحميص مستودع البن الاخضر;Mexico Caturra Natural(1Kg)MX5-23;(6,390.00);35.50;35.50;(6,390.00);(180.0000);0.00;635 - مخزون البن الاخضر;635 - مخزون البن الاخضر
18 أغسطس 2025;Payable Credit Note;7221;امر تحميص مستودع البن الاخضر;Mexico Caturra Natural(1Kg)MX5-23;(1,278.00);35.50;35.50;(1,278.00);(36.0000);0.00;635 - مخزون البن الاخضر;635 - مخزون البن الاخضر
14 سبتمبر 2025;Payable Credit Note;7223;امر تحميص مستودع البن الاخضر;Mexico Caturra Natural(1Kg)MX5-23;(426.00);35.50;35.50;(426.00);(12.0000);0.00;635 - مخزون البن الاخضر;635 - مخزون البن الاخضر
16 سبتمبر 2025;Payable Credit Note;7224;امر تحميص مستودع البن الاخضر;Mexico Caturra Natural(1Kg)MX5-23;(852.00);35.50;35.50;(852.00);(24.0000);0.00;635 - مخزون البن الاخضر;635 - مخزون البن الاخضر
30 سبتمبر 2025;Adjustment;Bulk Adjustment;;جرد 30/9 للبن الاخضر;(243.86);34.84;0.00;(243.86);(7.0000);0.00;;635 - مخزون البن الاخضر
13 نوفمبر 2025;Payable Credit Note;7228;امر تحميص مستودع البن الاخضر;Mexico Caturra Natural(1Kg)MX5-23;(1,313.50);35.50;35.50;(1,313.50);(37.0000);0.00;635 - مخزون البن الاخضر;635 - مخزون البن الاخضر
21 نوفمبر 2025;Payable Credit Note;7229;امر تحميص مستودع البن الاخضر;Mexico Caturra Natural(1Kg)MX5-23;(887.50);35.50;35.50;(887.50);(25.0000);0.00;635 - مخزون البن الاخضر;635 - مخزون البن الاخضر
31 ديسمبر 2025;Adjustment;Revaluation;;تعديل;44.44;0.00;0.00;44.44;0.0000;0.00;;635 - مخزون البن الاخضر
Total GB32022-كاتورا مجففه اخضر - Mexico Caturra Natural(1Kg)MX5-23;;;;;(43,739.94);;;(43,739.94);(1,233.5000);0.00;;
Closing Balance;;;;;0.00;0.00;0.00;177.50;5.0000;0.00;;
;;;;;;;;;;;;
GB32023- قيشا ميكسيكى اخضر - Mexico Geisha Natural (1Kg)MX223-(bags30k);;;;;;;;;;;;
Opening Balance;;;;;0.00;0.00;0.00;18,622.83;453.0000;0.00;;
15 يناير 2025;Payable Credit Note;7200;امر تحميص مستودع البن الاخضر;Mexico Geisha Natural (1Kg)MX223-(bags30k);(1,562.18);41.11;41.11;(1,562.18);(38.0000);0.00;635 - مخزون البن الاخضر;635 - مخزون البن الاخضر
28 يناير 2025;Payable Credit Note;7202;امر تحميص مستودع البن الاخضر;Mexico Geisha Natural (1Kg)MX223-(bags30k);(1,562.18);41.11;41.11;(1,562.18);(38.0000);0.00;635 - مخزون البن الاخضر;635 - مخزون البن الاخضر
12 فبراير 2025;Payable Credit Note;7203;امر تحميص مستودع البن الاخضر;Mexico Geisha Natural (1Kg)MX223-(bags30k);(924.98);41.11;41.11;(924.98);(22.5000);0.00;635 - مخزون البن الاخضر;635 - مخزون البن الاخضر
13 مارس 2025;Payable Credit Note;7207;امر تحميص مستودع البن الاخضر;Mexico Geisha Natural (1Kg)MX223-(bags30k);(3,124.36);41.11;41.11;(3,124.36);(76.0000);0.00;635 - مخزون البن الاخضر;635 - مخزون البن الاخضر
27 مارس 2025;Payable Credit Note;7108;امر تحميص مستودع البن الاخضر;Mexico Geisha Natural (1Kg)MX223-(bags30k);(308.33);41.11;41.11;(308.33);(7.5000);0.00;635 - مخزون البن الاخضر;635 - مخزون البن الاخضر
30 مارس 2025;Adjustment;Quantity Decrease;;"جرد 29/3/2025
";(82.22);41.11;0.00;(82.22);(2.0000);0.00;;635 - مخزون البن الاخضر
10 أبريل 2025;Payable Credit Note;7209;امر تحميص مستودع البن الاخضر;Mexico Geisha Natural (1Kg)MX223-(bags30k);(2,178.83);41.11;41.11;(2,178.83);(53.0000);0.00;635 - مخزون البن الاخضر;635 - مخزون البن الاخضر
17 أبريل 2025;Payable Credit Note;7210;امر تحميص مستودع البن الاخضر;Mexico Geisha Natural (1Kg)MX223-(bags30k);(2,507.71);41.11;41.11;(2,507.71);(61.0000);0.00;635 - مخزون البن الاخضر;635 - مخزون البن الاخضر
19 مايو 2025;Payable Credit Note;7214;امر تحميص مستودع البن الاخضر;Mexico Geisha Natural (1Kg)MX223-(bags30k);(1,562.18);41.11;41.11;(1,562.18);(38.0000);0.00;635 - مخزون البن الاخضر;635 - مخزون البن الاخضر
12 يونيو 2025;Payable Credit Note;7216;امر تحميص مستودع البن الاخضر;Mexico Geisha Natural (1Kg)MX223-(bags30k);(1,562.18);41.11;41.11;(1,562.18);(38.0000);0.00;635 - مخزون البن الاخضر;635 - مخزون البن الاخضر
18 يونيو 2025;Payable Credit Note;7217;امر تحميص مستودع البن الاخضر;Mexico Geisha Natural (1Kg)MX223-(bags30k);(1,891.06);41.11;41.11;(1,891.06);(46.0000);0.00;635 - مخزون البن الاخضر;635 - مخزون البن الاخضر
26 يونيو 2025;Adjustment;Quantity Decrease;;جرد 25/6;(123.33);41.11;0.00;(123.33);(3.0000);0.00;;635 - مخزون البن الاخضر
07 أغسطس 2025;Payable Credit Note;7220;امر تحميص مستودع البن الاخضر;Mexico Geisha Natural (1Kg)MX223-(bags30k);(1,192.19);41.11;41.11;(1,192.19);(29.0000);0.00;635 - مخزون البن الاخضر;635 - مخزون البن الاخضر
30 سبتمبر 2025;Adjustment;Bulk Adjustment;;جرد 30/9 للبن الاخضر;(41.10);41.10;0.00;(41.10);(1.0000);0.00;;635 - مخزون البن الاخضر
Total GB32023- قيشا ميكسيكى اخضر - Mexico Geisha Natural (1Kg)MX223-(bags30k);;;;;(18,622.82);;;(18,622.82);(453.0000);0.00;;
Closing Balance;;;;;0.00;0.00;0.00;0.00;0.0000;0.00;;
;;;;;;;;;;;;
GB32025-مكسيكى كاتورمجففة اخضر - Mexico Caturra Anaerobic Natural(1Kg)MX25;;;;;;;;;;;;
Opening Balance;;;;;0.00;0.00;0.00;0.00;0.0000;0.00;;
02 نوفمبر 2025;Payable Invoice;طلبيه البن الاخضر المكسيكى 2025;JUS AND CO SA DE CV;Mexico Caturra Anaerobic Natural(1Kg)MX25 bag30;112,920.00;47.05;0.00;112,920.00;2,400.0000;0.00;;635 - مخزون البن الاخضر
05 نوفمبر 2025;Payable Credit Note;7227;امر تحميص مستودع البن الاخضر;Mexico Caturra Anaerobic Natural(1Kg)MX25 bag30;(358.28);47.77;47.77;(358.28);(7.5000);0.00;635 - مخزون البن الاخضر;635 - مخزون البن الاخضر
21 نوفمبر 2025;Payable Credit Note;7229;امر تحميص مستودع البن الاخضر;Mexico Caturra Anaerobic Natural(1Kg)MX25 bag30;(358.28);47.77;47.77;(358.28);(7.5000);0.00;635 - مخزون البن الاخضر;635 - مخزون البن الاخضر
10 ديسمبر 2025;Payable Credit Note;7232;امر تحميص مستودع البن الاخضر;Mexico Caturra Anaerobic Natural(1Kg)MX25 bag30;(716.55);47.77;47.77;(716.55);(15.0000);0.00;635 - مخزون البن الاخضر;635 - مخزون البن الاخضر
18 ديسمبر 2025;Payable Credit Note;7233;امر تحميص مستودع البن الاخضر;Mexico Caturra Anaerobic Natural(1Kg)MX25 bag30;(2,197.42);47.77;47.77;(2,197.42);(46.0000);0.00;635 - مخزون البن الاخضر;635 - مخزون البن الاخضر
31 ديسمبر 2025;Adjustment;Quantity Decrease;;جرد 31/12;(2,913.97);47.77;0.00;(2,913.97);(61.0000);0.00;;635 - مخزون البن الاخضر
31 ديسمبر 2025;Adjustment;Revaluation;;تعديل السعر;1,728.01;0.00;0.00;1,728.01;0.0000;0.00;;635 - مخزون البن الاخضر
Total GB32025-مكسيكى كاتورمجففة اخضر - Mexico Caturra Anaerobic Natural(1Kg)MX25;;;;;108,103.51;;;108,103.51;2,263.0000;0.00;;
Closing Balance;;;;;0.00;0.00;0.00;108,103.51;2,263.0000;0.00;;
;;;;;;;;;;;;
GB42022- ارابيكا عسلية اخضر - Mexico Arabica honey(1Kg)MX222;;;;;;;;;;;;
Opening Balance;;;;;0.00;0.00;0.00;209.17;5.5000;0.00;;
17 أبريل 2025;Payable Credit Note;7211;امر تحميص مستودع البن الاخضر;Mexico Arabica honey(1Kg)MX222;(190.15);38.03;38.03;(190.15);(5.0000);0.00;635 - مخزون البن الاخضر;635 - مخزون البن الاخضر
30 سبتمبر 2025;Adjustment;Bulk Adjustment;;جرد 30/9 للبن الاخضر;(19.02);38.03;0.00;(19.02);(0.5000);0.00;;635 - مخزون البن الاخضر
Total GB42022- ارابيكا عسلية اخضر - Mexico Arabica honey(1Kg)MX222;;;;;(209.17);;;(209.17);(5.5000);0.00;;
Closing Balance;;;;;0.00;0.00;0.00;0.00;0.0000;0.00;;
;;;;;;;;;;;;
GB42025-مكسيك باتشى مغسول اخضر - Mexico Pache Washed (1Kg)MX25(bags30k);;;;;;;;;;;;
Opening Balance;;;;;0.00;0.00;0.00;0.00;0.0000;0.00;;
02 نوفمبر 2025;Payable Invoice;طلبيه البن الاخضر المكسيكى 2025;JUS AND CO SA DE CV;Mexico Pache Washed (1Kg)MX25(bags30k);115,713.00;29.67;0.00;115,713.00;3,900.0000;0.00;;635 - مخزون البن الاخضر
05 نوفمبر 2025;Payable Credit Note;7227;امر تحميص مستودع البن الاخضر;Mexico Pache Washed (1Kg)MX25(bags30k);(228.00);30.40;30.40;(228.00);(7.5000);0.00;635 - مخزون البن الاخضر;635 - مخزون البن الاخضر
04 ديسمبر 2025;Receivable Invoice;INV-4845;شركة حرف الكاف للتجارة;Mexico Pache Washed (1Kg)MX25(bags30k);(1,380.00);29.67;46.00;(890.06);(30.0000);16.33;201 - مبيعات القهوة الخضراء;635 - مخزون البن الاخضر
31 ديسمبر 2025;Adjustment;Quantity Decrease;;جرد 31/12;(30.40);30.40;0.00;(30.40);(1.0000);0.00;;635 - مخزون البن الاخضر
31 ديسمبر 2025;Adjustment;Revaluation;;تعديل;2,825.06;0.00;0.00;2,825.06;0.0000;0.00;;635 - مخزون البن الاخضر
Total GB42025-مكسيك باتشى مغسول اخضر - Mexico Pache Washed (1Kg)MX25(bags30k);;;;;116,899.66;;;117,389.60;3,861.5000;16.33;;
Closing Balance;;;;;0.00;0.00;0.00;117,389.60;3,861.5000;0.00;;
;;;;;;;;;;;;
GB52022-مكسيكى مغسولة اخضر - Mexico Arabica Wahsed(1Kg)MX 22;;;;;;;;;;;;
Opening Balance;;;;;0.00;0.00;0.00;0.00;0.0000;0.00;;
30 سبتمبر 2025;Adjustment;Bulk Adjustment;;جرد 30/9 للبن الاخضر;0.00;0.00;0.00;0.00;0.0000;0.00;;635 - مخزون البن الاخضر
Total GB52022-مكسيكى مغسولة اخضر - Mexico Arabica Wahsed(1Kg)MX 22;;;;;0.00;;;0.00;0.0000;0.00;;
Closing Balance;;;;;0.00;0.00;0.00;0.00;0.0000;0.00;;
;;;;;;;;;;;;
GB52023-مكسيكى مغسولة اخضر - Mexico Arabica Wahsed(1Kg)MX23;;;;;;;;;;;;
Opening Balance;;;;;0.00;0.00;0.00;109,894.75;4,485.5000;0.00;;
12 فبراير 2025;Payable Credit Note;7204;امر تحميص مستودع البن الاخضر;Mexico Arabica Wahsed(1Kg)MX23(bags30k);(367.50);24.50;24.50;(367.50);(15.0000);0.00;635 - مخزون البن الاخضر;635 - مخزون البن الاخضر
13 مارس 2025;Payable Credit Note;7207;امر تحميص مستودع البن الاخضر;Mexico Arabica Wahsed(1Kg)MX23(bags30k);(588.00);24.50;24.50;(588.00);(24.0000);0.00;635 - مخزون البن الاخضر;635 - مخزون البن الاخضر
30 مارس 2025;Adjustment;Quantity Decrease;;"جرد 29/3/2025
";(12.25);24.50;0.00;(12.25);(0.5000);0.00;;635 - مخزون البن الاخضر
10 أبريل 2025;Payable Credit Note;7209;امر تحميص مستودع البن الاخضر;Mexico Arabica Wahsed(1Kg)MX23(bags30k);(294.00);24.50;24.50;(294.00);(12.0000);0.00;635 - مخزون البن الاخضر;635 - مخزون البن الاخضر
17 أبريل 2025;Payable Credit Note;7211;امر تحميص مستودع البن الاخضر;Mexico Arabica Wahsed(1Kg)MX23(bags30k);(588.00);24.50;24.50;(588.00);(24.0000);0.00;635 - مخزون البن الاخضر;635 - مخزون البن الاخضر
19 مايو 2025;Payable Credit Note;7214;امر تحميص مستودع البن الاخضر;Mexico Arabica Wahsed(1Kg)MX23(bags30k);(470.40);24.50;24.50;(470.40);(19.2000);0.00;635 - مخزون البن الاخضر;635 - مخزون البن الاخضر
12 يونيو 2025;Payable Credit Note;7216;امر تحميص مستودع البن الاخضر;Mexico Arabica Wahsed(1Kg)MX23(bags30k);(294.00);24.50;24.50;(294.00);(12.0000);0.00;635 - مخزون البن الاخضر;635 - مخزون البن الاخضر
18 يونيو 2025;Payable Credit Note;7217;امر تحميص مستودع البن الاخضر;Mexico Arabica Wahsed(1Kg)MX23(bags30k);(1,788.50);24.50;24.50;(1,788.50);(73.0000);0.00;635 - مخزون البن الاخضر;635 - مخزون البن الاخضر
24 يونيو 2025;Payable Credit Note;7218;امر تحميص مستودع البن الاخضر;Mexico Arabica Wahsed(1Kg)MX23(bags30k);(2,082.50);24.50;24.50;(2,082.50);(85.0000);0.00;635 - مخزون البن الاخضر;635 - مخزون البن الاخضر
24 يونيو 2025;Payable Credit Note;7218;امر تحميص مستودع البن الاخضر;Mexico Arabica Wahsed(1Kg)MX23(bags30k);(710.50);24.50;24.50;(710.50);(29.0000);0.00;635 - مخزون البن الاخضر;635 - مخزون البن الاخضر
26 يونيو 2025;Adjustment;Quantity Decrease;;جرد25/6;(93.10);24.50;0.00;(93.10);(3.8000);0.00;;635 - مخزون البن الاخضر
05 أغسطس 2025;Payable Credit Note;7219;امر تحميص مستودع البن الاخضر;Mexico Arabica Wahsed(1Kg)MX23(bags30k);(294.00);24.50;24.50;(294.00);(12.0000);0.00;635 - مخزون البن الاخضر;635 - مخزون البن الاخضر
07 أغسطس 2025;Payable Credit Note;7220;امر تحميص مستودع البن الاخضر;Mexico Arabica Wahsed(1Kg)MX23(bags30k);(637.00);24.50;24.50;(637.00);(26.0000);0.00;635 - مخزون البن الاخضر;635 - مخزون البن الاخضر
18 أغسطس 2025;Payable Credit Note;7221;امر تحميص مستودع البن الاخضر;Mexico Arabica Wahsed(1Kg)MX23(bags30k);(3,307.50);24.50;24.50;(3,307.50);(135.0000);0.00;635 - مخزون البن الاخضر;635 - مخزون البن الاخضر
14 سبتمبر 2025;Payable Credit Note;7223;امر تحميص مستودع البن الاخضر;Mexico Arabica Wahsed(1Kg)MX23(bags30k);(10,461.50);24.50;24.50;(10,461.50);(427.0000);0.00;635 - مخزون البن الاخضر;635 - مخزون البن الاخضر
14 سبتمبر 2025;Payable Credit Note;7223;امر تحميص مستودع البن الاخضر;Mexico Arabica Wahsed(1Kg)MX23(bags30k);(61.25);24.50;24.50;(61.25);(2.5000);0.00;635 - مخزون البن الاخضر;635 - مخزون البن الاخضر
16 سبتمبر 2025;Payable Credit Note;7224;امر تحميص مستودع البن الاخضر;Mexico Arabica Wahsed(1Kg)MX23(bags30k);(1,200.50);24.50;24.50;(1,200.50);(49.0000);0.00;635 - مخزون البن الاخضر;635 - مخزون البن الاخضر
16 سبتمبر 2025;Payable Credit Note;7224;امر تحميص مستودع البن الاخضر;Mexico Arabica Wahsed(1Kg)MX23(bags30k);(294.00);24.50;24.50;(294.00);(12.0000);0.00;635 - مخزون البن الاخضر;635 - مخزون البن الاخضر
30 سبتمبر 2025;Adjustment;Bulk Adjustment;;جرد 30/9 للبن الاخضر;(2,584.75);24.50;0.00;(2,584.75);(105.5000);0.00;;635 - مخزون البن الاخضر
16 أكتوبر 2025;Payable Credit Note;7226;امر تحميص مستودع البن الاخضر;Mexico Arabica Wahsed(1Kg)MX23(bags30k);(8,648.50);24.50;24.50;(8,648.50);(353.0000);0.00;635 - مخزون البن الاخضر;635 - مخزون البن الاخضر
16 أكتوبر 2025;Payable Credit Note;7226;امر تحميص مستودع البن الاخضر;Mexico Arabica Wahsed(1Kg)MX23(bags30k);(588.00);24.50;24.50;(588.00);(24.0000);0.00;635 - مخزون البن الاخضر;635 - مخزون البن الاخضر
21 نوفمبر 2025;Payable Credit Note;7229;امر تحميص مستودع البن الاخضر;Mexico Arabica Wahsed(1Kg)MX23(bags30k);(176.40);24.50;24.50;(176.40);(7.2000);0.00;635 - مخزون البن الاخضر;635 - مخزون البن الاخضر
10 ديسمبر 2025;Payable Credit Note;7232;امر تحميص مستودع البن الاخضر;Mexico Arabica Wahsed(1Kg)MX23(bags30k);(294.00);24.50;24.50;(294.00);(12.0000);0.00;635 - مخزون البن الاخضر;635 - مخزون البن الاخضر
18 ديسمبر 2025;Payable Credit Note;7233;امر تحميص مستودع البن الاخضر;Mexico Arabica Wahsed(1Kg)MX23(bags30k);(1,200.50);24.50;24.50;(1,200.50);(49.0000);0.00;635 - مخزون البن الاخضر;635 - مخزون البن الاخضر
24 ديسمبر 2025;Payable Credit Note;7234;امر تحميص مستودع البن الاخضر;Mexico Arabica Wahsed(1Kg)MX23(bags30k);(906.50);24.50;24.50;(906.50);(37.0000);0.00;635 - مخزون البن الاخضر;635 - مخزون البن الاخضر
31 ديسمبر 2025;Receivable Invoice;INV-4987;شركة الميسرة للتجارة;Mexico Arabica Wahsed(1Kg)MX23(bags30k);(930.00);24.50;31.00;(735.00);(30.0000);6.50;201 - مبيعات القهوة الخضراء;635 - مخزون البن الاخضر
31 ديسمبر 2025;Adjustment;Quantity Increase;;جرد 31/12;225.40;24.50;0.00;225.40;9.2000;0.00;;635 - مخزون البن الاخضر
Total GB52023-مكسيكى مغسولة اخضر - Mexico Arabica Wahsed(1Kg)MX23;;;;;(38,647.75);;;(38,452.75);(1,569.5000);6.50;;
Closing Balance;;;;;0.00;0.00;0.00;71,442.00;2,916.0000;0.00;;
;;;;;;;;;;;;
GB52025-مكسيكى بدون كافين اخضر - Mexico Decaffeinated coffee(1Kg)MX25(bags30k);;;;;;;;;;;;
Opening Balance;;;;;0.00;0.00;0.00;0.00;0.0000;0.00;;
02 نوفمبر 2025;Payable Invoice;طلبيه البن الاخضر المكسيكى 2025;JUS AND CO SA DE CV;Mexico Decaffeinated coffee(1Kg)MX25(bags30k);34,965.00;38.85;0.00;34,965.00;900.0000;0.00;;635 - مخزون البن الاخضر
05 نوفمبر 2025;Payable Credit Note;7227;امر تحميص مستودع البن الاخضر;Mexico Decaffeinated coffee(1Kg)MX25(bags30k);(296.78);39.57;39.57;(296.78);(7.5000);0.00;635 - مخزون البن الاخضر;635 - مخزون البن الاخضر
18 نوفمبر 2025;Receivable Invoice;INV-4738;مقهى اناقة البن لتقديم المشروبات;Mexico Decaffeinated coffee(1Kg)MX25(bags30k);(1,770.00);38.84;59.00;(1,165.32);(30.0000);20.16;201 - مبيعات القهوة الخضراء;635 - مخزون البن الاخضر
27 نوفمبر 2025;Payable Credit Note;7230;امر تحميص مستودع البن الاخضر;Mexico Decaffeinated coffee(1Kg)MX25(bags30k);(593.55);39.57;39.57;(593.55);(15.0000);0.00;635 - مخزون البن الاخضر;635 - مخزون البن الاخضر
18 ديسمبر 2025;Payable Credit Note;7233;امر تحميص مستودع البن الاخضر;Mexico Decaffeinated coffee(1Kg)MX25(bags30k);(296.78);39.57;39.57;(296.78);(7.5000);0.00;635 - مخزون البن الاخضر;635 - مخزون البن الاخضر
31 ديسمبر 2025;Adjustment;Quantity Decrease;;جرد 31/12;(1,187.10);39.57;0.00;(1,187.10);(30.0000);0.00;;635 - مخزون البن الاخضر
31 ديسمبر 2025;Adjustment;Revaluation;;تعديل السعر;626.23;0.00;0.00;626.23;0.0000;0.00;;635 - مخزون البن الاخضر
Total GB52025-مكسيكى بدون كافين اخضر - Mexico Decaffeinated coffee(1Kg)MX25(bags30k);;;;;31,447.02;;;32,051.70;810.0000;20.16;;
Closing Balance;;;;;0.00;0.00;0.00;32,051.70;810.0000;0.00;;
;;;;;;;;;;;;
;;;;;;;;;;;;
RB- محمصه H بلندهنوفيريا - Blend H HANOVIRA New (1Kg);;;;;;;;;;;;
Opening Balance;;;;;0.00;0.00;0.00;0.00;0.0000;0.00;;
17 أبريل 2025;Payable Invoice;7211;تحميص وارد لمستودع البن المحمص;Blend H HANOVIRA New (1Kg);2,129.34;39.43;0.00;2,129.34;54.0000;0.00;;636 - مخزون البن المحمص
17 مايو 2025;Payable Credit Note;MP 2483;سند صرف قهوه محموصه فرع حطين;Blend H HANOVIRA New (1Kg);(357.00);35.70;35.70;(357.00);(10.0000);0.00;636 - مخزون البن المحمص;636 - مخزون البن المحمص
24 مايو 2025;Payable Credit Note;MP 2497;سند صرف قهوه محموصه فرع حطين;Blend H HANOVIRA New (1Kg);(1,320.90);35.70;35.70;(1,320.90);(37.0000);0.00;636 - مخزون البن المحمص;636 - مخزون البن المحمص
24 يونيو 2025;Payable Credit Note;MP 2544;سند صرف قهوه محموصه فرع حطين;Blend H HANOVIRA New (1Kg);(214.20);35.70;35.70;(214.20);(6.0000);0.00;636 - مخزون البن المحمص;636 - مخزون البن المحمص
26 يونيو 2025;Adjustment;Quantity Decrease;;جرد 25/6;(237.24);237.24;0.00;(237.24);(1.0000);0.00;;636 - مخزون البن المحمص
Total RB- محمصه H بلندهنوفيريا - Blend H HANOVIRA New (1Kg);;;;;0.00;;;0.00;0.0000;0.00;;
Closing Balance;;;;;0.00;0.00;0.00;0.00;0.0000;0.00;;
;;;;;;;;;;;;
RB- نوفمبر بلند محمص - November Blend roasted(1Kg);;;;;;;;;;;;
Opening Balance;;;;;0.00;0.00;0.00;3,785.50;113.0000;0.00;;
01 يناير 2025;Payable Credit Note;MP 2285;سند صرف قهوه محموصه فرع الصحافة;November Blend roasted(1Kg);(167.50);33.50;33.50;(167.50);(5.0000);0.00;636 - مخزون البن المحمص;636 - مخزون البن المحمص
01 يناير 2025;Payable Credit Note;MP 2286;سند صرف قهوه محموصه فرع الصحافة;November Blend roasted(1Kg) 4 كيس;(33.50);33.50;33.50;(33.50);(1.0000);0.00;636 - مخزون البن المحمص;636 - مخزون البن المحمص
06 يناير 2025;Payable Credit Note;MP 2294;سند صرف قهوه محموصه فرع الصحافة;November Blend roasted(1Kg);(134.00);33.50;33.50;(134.00);(4.0000);0.00;636 - مخزون البن المحمص;636 - مخزون البن المحمص
06 يناير 2025;Payable Credit Note;MP 2295;سند صرف قهوه محموصه فرع التخصصي;November Blend roasted(1Kg);(502.50);33.50;33.50;(502.50);(15.0000);0.00;636 - مخزون البن المحمص;636 - مخزون البن المحمص
07 يناير 2025;Receivable Invoice;INV-2992;شركة كنافة اصيل النابلسية للحلويات والمكسرات;November Blend roasted;(2,000.00);33.50;80.00;(837.50);(25.0000);46.50;202 - مبيعات القهوة المحمصه;636 - مخزون البن المحمص
11 يناير 2025;Payable Credit Note;MP 2296;سند صرف قهوه محموصه فرع رفا;November Blend roasted(1Kg);(502.50);33.50;33.50;(502.50);(15.0000);0.00;636 - مخزون البن المحمص;636 - مخزون البن المحمص
11 يناير 2025;Payable Credit Note;MP 2298;سند صرف قهوه محموصه فرع الصحافة;November Blend roasted(1Kg);(502.50);33.50;33.50;(502.50);(15.0000);0.00;636 - مخزون البن المحمص;636 - مخزون البن المحمص
15 يناير 2025;Payable Invoice;7201;تحميص وارد لمستودع البن المحمص;November Blend roasted(1Kg);3,895.74;38.96;0.00;3,895.74;100.0000;0.00;;636 - مخزون البن المحمص
15 يناير 2025;Payable Credit Note;MP 2303;سند صرف قهوه محموصه فرع واو;November Blend roasted(1Kg);(167.50);33.50;33.50;(167.50);(5.0000);0.00;636 - مخزون البن المحمص;636 - مخزون البن المحمص
15 يناير 2025;Payable Credit Note;MP 2301;سند صرف قهوه محموصه فرع الصحافة;November Blend roasted(1Kg);(167.50);33.50;33.50;(167.50);(5.0000);0.00;636 - مخزون البن المحمص;636 - مخزون البن المحمص
15 يناير 2025;Payable Credit Note;MP 2304;سند صرف قهوه محموصه فرع رفا;November Blend roasted(1Kg);(502.50);33.50;33.50;(502.50);(15.0000);0.00;636 - مخزون البن المحمص;636 - مخزون البن المحمص
18 يناير 2025;Payable Credit Note;MP 2307;سند صرف قهوه محموصه فرع الصحافة;November Blend roasted(1Kg);(335.00);33.50;33.50;(335.00);(10.0000);0.00;636 - مخزون البن المحمص;636 - مخزون البن المحمص
19 يناير 2025;Payable Credit Note;MP 2311;سند صرف قهوه محموصه فرع واو;November Blend roasted(1Kg);(167.50);33.50;33.50;(167.50);(5.0000);0.00;636 - مخزون البن المحمص;636 - مخزون البن المحمص
25 يناير 2025;Payable Credit Note;MP 2322;سند صرف قهوه محموصه فرع الصحافة;November Blend roasted(1Kg);(335.00);33.50;33.50;(335.00);(10.0000);0.00;636 - مخزون البن المحمص;636 - مخزون البن المحمص
26 يناير 2025;Payable Credit Note;MP 2324;سند صرف قهوه محموصه فرع واو;November Blend roasted(1Kg);(335.00);33.50;33.50;(335.00);(10.0000);0.00;636 - مخزون البن المحمص;636 - مخزون البن المحمص
26 يناير 2025;Payable Credit Note;MP 2324;سند صرف قهوه محموصه فرع واو;November Blend roasted(1Kg) 1 كيس;(8.38);33.52;33.52;(8.38);(0.2500);0.00;636 - مخزون البن المحمص;636 - مخزون البن المحمص
29 يناير 2025;Payable Credit Note;MP 2328;سند صرف قهوه محموصه فرع الصحافة;November Blend roasted(1Kg) 4كيس;(33.50);33.50;33.50;(33.50);(1.0000);0.00;636 - مخزون البن المحمص;636 - مخزون البن المحمص
29 يناير 2025;Payable Credit Note;MP 2330;سند صرف قهوه محموصه فرع واو;November Blend roasted(1Kg);(167.50);33.50;33.50;(167.50);(5.0000);0.00;636 - مخزون البن المحمص;636 - مخزون البن المحمص
03 فبراير 2025;Payable Credit Note;MP 2336;سند صرف قهوه محموصه فرع الصحافة;November Blend roasted(1Kg) 4 كيس;(33.50);33.50;33.50;(33.50);(1.0000);0.00;636 - مخزون البن المحمص;636 - مخزون البن المحمص
05 فبراير 2025;Payable Credit Note;MP 2342;سند صرف قهوه محموصه فرع واو;November Blend roasted(1Kg);(167.50);33.50;33.50;(167.50);(5.0000);0.00;636 - مخزون البن المحمص;636 - مخزون البن المحمص
05 فبراير 2025;Payable Credit Note;MP 2341;سند صرف قهوه محموصه فرع رفا;November Blend roasted(1Kg);(502.50);33.50;33.50;(502.50);(15.0000);0.00;636 - مخزون البن المحمص;636 - مخزون البن المحمص
05 فبراير 2025;Payable Credit Note;MP 2340;سند صرف قهوه محموصه فرع الصحافة;November Blend roasted(1Kg);(335.00);33.50;33.50;(335.00);(10.0000);0.00;636 - مخزون البن المحمص;636 - مخزون البن المحمص
10 فبراير 2025;Payable Credit Note;MP 2345;سند صرف قهوه محموصه فرع الصحافة;November Blend roasted(1Kg);(335.00);33.50;33.50;(335.00);(10.0000);0.00;636 - مخزون البن المحمص;636 - مخزون البن المحمص
11 فبراير 2025;Payable Credit Note;MP 2347;سند صرف قهوه محموصه فرع واو;November Blend roasted(1Kg);(167.50);33.50;33.50;(167.50);(5.0000);0.00;636 - مخزون البن المحمص;636 - مخزون البن المحمص
12 فبراير 2025;Payable Invoice;7204;تحميص وارد لمستودع البن المحمص;November Blend roasted(1Kg);1,898.41;31.64;0.00;1,898.41;60.0000;0.00;;636 - مخزون البن المحمص
15 فبراير 2025;Payable Credit Note;MP 2351;سند صرف قهوه محموصه فرع التخصصي;November Blend roasted(1Kg);(335.00);33.50;33.50;(335.00);(10.0000);0.00;636 - مخزون البن المحمص;636 - مخزون البن المحمص
15 فبراير 2025;Payable Credit Note;MP 2356;سند صرف قهوه محموصه فرع واو;November Blend roasted(1Kg) 4 كيس;(33.50);33.50;33.50;(33.50);(1.0000);0.00;636 - مخزون البن المحمص;636 - مخزون البن المحمص
15 فبراير 2025;Payable Credit Note;MP 2354;سند صرف قهوه محموصه فرع الصحافة;November Blend roasted(1Kg);(335.00);33.50;33.50;(335.00);(10.0000);0.00;636 - مخزون البن المحمص;636 - مخزون البن المحمص
23 فبراير 2025;Payable Credit Note;MP 2368;سند صرف قهوه محموصه فرع حطين;November Blend roasted(1Kg);(167.50);33.50;33.50;(167.50);(5.0000);0.00;636 - مخزون البن المحمص;636 - مخزون البن المحمص
23 فبراير 2025;Payable Credit Note;MP 2367;سند صرف قهوه محموصه فرع واو;November Blend roasted(1Kg);(167.50);33.50;33.50;(167.50);(5.0000);0.00;636 - مخزون البن المحمص;636 - مخزون البن المحمص
23 فبراير 2025;Payable Credit Note;MP 2364;سند صرف قهوه محموصه فرع رفا;November Blend roasted(1Kg);(502.50);33.50;33.50;(502.50);(15.0000);0.00;636 - مخزون البن المحمص;636 - مخزون البن المحمص
25 فبراير 2025;Payable Credit Note;MP 2371;سند صرف قهوه محموصه فرع الصحافة;November Blend roasted(1Kg) 4 كيس;(33.50);33.50;33.50;(33.50);(1.0000);0.00;636 - مخزون البن المحمص;636 - مخزون البن المحمص
25 فبراير 2025;Payable Credit Note;MP 2374;سند صرف قهوه محموصه فرع واو;November Blend roasted(1Kg);(167.50);33.50;33.50;(167.50);(5.0000);0.00;636 - مخزون البن المحمص;636 - مخزون البن المحمص
25 فبراير 2025;Payable Credit Note;MP 2374;سند صرف قهوه محموصه فرع واو;November Blend roasted(1Kg) 1 كيس;(8.38);33.52;33.52;(8.38);(0.2500);0.00;636 - مخزون البن المحمص;636 - مخزون البن المحمص
26 فبراير 2025;Payable Credit Note;MP 2375;سند صرف قهوه محموصه فرع التخصصي;November Blend roasted(1Kg);(167.50);33.50;33.50;(167.50);(5.0000);0.00;636 - مخزون البن المحمص;636 - مخزون البن المحمص
28 فبراير 2025;Payable Credit Note;MP 2377;سند صرف قهوه محموصه فرع الصحافة;November Blend roasted(1Kg);(335.00);33.50;33.50;(335.00);(10.0000);0.00;636 - مخزون البن المحمص;636 - مخزون البن المحمص
28 فبراير 2025;Receivable Invoice;INV-3412;موقع سلة Salla website;November Blend roasted(25-100Kg price 80 /100-500Kg price 70Sr);(119.50);37.60;95.60;(47.00);(1.2500);58.00;203 - مبيعات المتجر الكترونى موقع سلة;636 - مخزون البن المحمص
03 مارس 2025;Payable Credit Note;MP 2383;سند صرف قهوه محموصه فرع واو;November Blend roasted(1Kg);(167.50);33.50;33.50;(167.50);(5.0000);0.00;636 - مخزون البن المحمص;636 - مخزون البن المحمص
06 مارس 2025;Payable Credit Note;MP 2385;سند صرف قهوه محموصه فرع واو;November Blend roasted(1Kg);(167.50);33.50;33.50;(167.50);(5.0000);0.00;636 - مخزون البن المحمص;636 - مخزون البن المحمص
13 مارس 2025;Payable Invoice;7207;تحميص وارد لمستودع البن المحمص;November Blend roasted(1Kg);3,121.92;31.22;0.00;3,121.92;100.0000;0.00;;636 - مخزون البن المحمص
15 مارس 2025;Payable Credit Note;MP 2397;سند صرف قهوه محموصه فرع واو;November Blend roasted(1Kg);(167.50);33.50;33.50;(167.50);(5.0000);0.00;636 - مخزون البن المحمص;636 - مخزون البن المحمص
18 مارس 2025;Payable Credit Note;MP 2398;سند صرف قهوه محموصه فرع رفا;November Blend roasted(1Kg);(335.00);33.50;33.50;(335.00);(10.0000);0.00;636 - مخزون البن المحمص;636 - مخزون البن المحمص
19 مارس 2025;Payable Credit Note;MP 2400;سند صرف قهوه محموصه فرع الصحافة;November Blend roasted(1Kg);(335.00);33.50;33.50;(335.00);(10.0000);0.00;636 - مخزون البن المحمص;636 - مخزون البن المحمص
20 مارس 2025;Payable Credit Note;MP 2401;سند صرف قهوه محموصه فرع واو;November Blend roasted(1Kg);(335.00);33.50;33.50;(335.00);(10.0000);0.00;636 - مخزون البن المحمص;636 - مخزون البن المحمص
30 مارس 2025;Adjustment;Quantity Increase;;جرد 29/3;1,063.63;33.50;0.00;1,063.63;31.7500;0.00;;636 - مخزون البن المحمص
31 مارس 2025;Receivable Invoice;INV-3605;موقع سلة Salla website;November Blend roasted(25-100Kg price 80 /100-500Kg price 70Sr);(95.63);33.25;127.51;(24.94);(0.7500);94.26;203 - مبيعات المتجر الكترونى موقع سلة;636 - مخزون البن المحمص
31 مارس 2025;Payable Credit Note;MP 2415;سند صرف قهوه محموصه فرع الصحافة;November Blend roasted(1Kg);(335.00);33.50;33.50;(335.00);(10.0000);0.00;636 - مخزون البن المحمص;636 - مخزون البن المحمص
31 مارس 2025;Payable Credit Note;MP 2416;سند صرف قهوه محموصه فرع واو;November Blend roasted(1Kg);(167.50);33.50;33.50;(167.50);(5.0000);0.00;636 - مخزون البن المحمص;636 - مخزون البن المحمص
05 أبريل 2025;Payable Credit Note;MP 2420;سند صرف قهوه محموصه فرع رفا;November Blend roasted(1Kg);(335.00);33.50;33.50;(335.00);(10.0000);0.00;636 - مخزون البن المحمص;636 - مخزون البن المحمص
05 أبريل 2025;Payable Credit Note;MP 2419;سند صرف قهوه محموصه فرع واو;November Blend roasted(1Kg);(167.50);33.50;33.50;(167.50);(5.0000);0.00;636 - مخزون البن المحمص;636 - مخزون البن المحمص
07 أبريل 2025;Payable Credit Note;MP 2422;سند صرف قهوه محموصه فرع الصحافة;November Blend roasted(1Kg);(335.00);33.50;33.50;(335.00);(10.0000);0.00;636 - مخزون البن المحمص;636 - مخزون البن المحمص
07 أبريل 2025;Payable Credit Note;MP 2424;سند صرف قهوه محموصه فرع التخصصي;November Blend roasted(1Kg);(335.00);33.50;33.50;(335.00);(10.0000);0.00;636 - مخزون البن المحمص;636 - مخزون البن المحمص
13 أبريل 2025;Payable Credit Note;MP 2427;سند صرف قهوه محموصه فرع الصحافة;November Blend roasted(1Kg);(167.50);33.50;33.50;(167.50);(5.0000);0.00;636 - مخزون البن المحمص;636 - مخزون البن المحمص
13 أبريل 2025;Payable Credit Note;MP 2431;سند صرف قهوه محموصه فرع واو;November Blend roasted(1Kg);(167.50);33.50;33.50;(167.50);(5.0000);0.00;636 - مخزون البن المحمص;636 - مخزون البن المحمص
17 أبريل 2025;Payable Invoice;7211;تحميص وارد لمستودع البن المحمص;"November Blend roasted(1Kg)
";3,121.92;31.22;0.00;3,121.92;100.0000;0.00;;636 - مخزون البن المحمص
17 أبريل 2025;Payable Credit Note;MP 2437;سند صرف قهوه محموصه فرع رفا;November Blend roasted(1Kg);(335.00);33.50;33.50;(335.00);(10.0000);0.00;636 - مخزون البن المحمص;636 - مخزون البن المحمص
17 أبريل 2025;Payable Credit Note;MP 2437;سند صرف قهوه محموصه فرع رفا;November Blend roasted(1Kg) 8 كيس;(67.00);33.50;33.50;(67.00);(2.0000);0.00;636 - مخزون البن المحمص;636 - مخزون البن المحمص
17 أبريل 2025;Payable Credit Note;MP 2438;سند صرف قهوه محموصه فرع الصحافة;November Blend roasted(1Kg);(335.00);33.50;33.50;(335.00);(10.0000);0.00;636 - مخزون البن المحمص;636 - مخزون البن المحمص
20 أبريل 2025;Payable Credit Note;MP 2442;سند صرف قهوه محموصه فرع رفا;November Blend roasted(1Kg) 8 كيس;(67.00);33.50;33.50;(67.00);(2.0000);0.00;636 - مخزون البن المحمص;636 - مخزون البن المحمص
20 أبريل 2025;Payable Credit Note;MP 2443;سند صرف قهوه محموصه فرع واو;November Blend roasted(1Kg);(167.50);33.50;33.50;(167.50);(5.0000);0.00;636 - مخزون البن المحمص;636 - مخزون البن المحمص
25 أبريل 2025;Payable Credit Note;MP 2449;سند صرف قهوه محموصه فرع التخصصي;November Blend roasted(1Kg);(335.00);33.50;33.50;(335.00);(10.0000);0.00;636 - مخزون البن المحمص;636 - مخزون البن المحمص
25 أبريل 2025;Payable Credit Note;MP 2447;سند صرف قهوه محموصه فرع الصحافة;November Blend roasted(1Kg) 4 كيس;(33.50);33.50;33.50;(33.50);(1.0000);0.00;636 - مخزون البن المحمص;636 - مخزون البن المحمص
30 أبريل 2025;Receivable Invoice;INV-3781;موقع سلة Salla website;November Blend roasted(25-100Kg price 80 /100-500Kg price 70Sr);(95.63);31.73;127.51;(23.80);(0.7500);95.78;203 - مبيعات المتجر الكترونى موقع سلة;636 - مخزون البن المحمص
03 مايو 2025;Payable Credit Note;MP 2458;سند صرف قهوه محموصه فرع رفا;November Blend roasted(1Kg);(335.00);33.50;33.50;(335.00);(10.0000);0.00;636 - مخزون البن المحمص;636 - مخزون البن المحمص
03 مايو 2025;Payable Credit Note;MP 2459;سند صرف قهوه محموصه فرع الصحافة;November Blend roasted(1Kg);(335.00);33.50;33.50;(335.00);(10.0000);0.00;636 - مخزون البن المحمص;636 - مخزون البن المحمص
07 مايو 2025;Payable Credit Note;MP 2467;سند صرف قهوه محموصه فرع واو;November Blend roasted(1Kg);(335.00);33.50;33.50;(335.00);(10.0000);0.00;636 - مخزون البن المحمص;636 - مخزون البن المحمص
11 مايو 2025;Payable Credit Note;MP 2469;سند صرف قهوه محموصه فرع التخصصي;November Blend roasted(1Kg);(335.00);33.50;33.50;(335.00);(10.0000);0.00;636 - مخزون البن المحمص;636 - مخزون البن المحمص
11 مايو 2025;Payable Credit Note;MP 2470;سند صرف قهوه محموصه فرع الصحافة;November Blend roasted(1Kg);(335.00);33.50;33.50;(335.00);(10.0000);0.00;636 - مخزون البن المحمص;636 - مخزون البن المحمص
19 مايو 2025;Payable Invoice;7214;تحميص وارد لمستودع البن المحمص;November Blend roasted(1Kg);2,497.54;31.22;0.00;2,497.54;80.0000;0.00;;636 - مخزون البن المحمص
21 مايو 2025;Payable Credit Note;MP 2490;سند صرف قهوه محموصه فرع رفا;November Blend roasted(1Kg);(335.00);33.50;33.50;(335.00);(10.0000);0.00;636 - مخزون البن المحمص;636 - مخزون البن المحمص
24 مايو 2025;Payable Credit Note;MP 2496;سند صرف قهوه محموصه فرع واو;November Blend roasted(1Kg);(167.50);33.50;33.50;(167.50);(5.0000);0.00;636 - مخزون البن المحمص;636 - مخزون البن المحمص
26 مايو 2025;Payable Credit Note;MP 2500;سند صرف قهوه محموصه فرع الصحافة;November Blend roasted(1Kg);(335.00);33.50;33.50;(335.00);(10.0000);0.00;636 - مخزون البن المحمص;636 - مخزون البن المحمص
31 مايو 2025;Receivable Invoice;INV-3944;موقع سلة Salla website;November Blend roasted(25-100Kg price 80 /100-500Kg price 70Sr);(95.63);30.67;127.51;(23.00);(0.7500);96.84;203 - مبيعات المتجر الكترونى موقع سلة;636 - مخزون البن المحمص
31 مايو 2025;Payable Credit Note;MP 2508;سند صرف قهوه محموصه فرع الصحافة;November Blend roasted(1Kg);(335.00);33.50;33.50;(335.00);(10.0000);0.00;636 - مخزون البن المحمص;636 - مخزون البن المحمص
02 يونيو 2025;Payable Credit Note;MP 2510;سند صرف قهوه محموصه فرع التخصصي;November Blend roasted(1Kg);(335.00);33.50;33.50;(335.00);(10.0000);0.00;636 - مخزون البن المحمص;636 - مخزون البن المحمص
09 يونيو 2025;Payable Credit Note;MP 2520;سند صرف قهوه محموصه فرع رفا;November Blend roasted(1Kg);(167.50);33.50;33.50;(167.50);(5.0000);0.00;636 - مخزون البن المحمص;636 - مخزون البن المحمص
12 يونيو 2025;Payable Credit Note;MP 2524;سند صرف قهوه محموصه فرع الصحافة;November Blend roasted(1Kg);(335.00);33.50;33.50;(335.00);(10.0000);0.00;636 - مخزون البن المحمص;636 - مخزون البن المحمص
15 يونيو 2025;Payable Credit Note;MP 2527;سند صرف قهوه محموصه فرع الصحافة;November Blend roasted(1Kg);(335.00);33.50;33.50;(335.00);(10.0000);0.00;636 - مخزون البن المحمص;636 - مخزون البن المحمص
16 يونيو 2025;Payable Credit Note;2534;سند صرف قهوه محموصه فرع رفا;November Blend roasted(1Kg);(335.00);33.50;33.50;(335.00);(10.0000);0.00;636 - مخزون البن المحمص;636 - مخزون البن المحمص
16 يونيو 2025;Payable Credit Note;MP 2532;سند صرف قهوه محموصه فرع التخصصي;November Blend roasted(1Kg);(67.00);33.50;33.50;(67.00);(2.0000);0.00;636 - مخزون البن المحمص;636 - مخزون البن المحمص
24 يونيو 2025;Payable Invoice;7218;تحميص وارد لمستودع البن المحمص;November Blend roasted(1Kg);3,772.32;31.44;0.00;3,772.32;120.0000;0.00;;636 - مخزون البن المحمص
24 يونيو 2025;Payable Credit Note;MP 2544.;سند صرف قهوه محموصه فرع حطين;November Blend roasted(1Kg) 18كيس;(150.75);33.50;33.50;(150.75);(4.5000);0.00;636 - مخزون البن المحمص;636 - مخزون البن المحمص
30 يونيو 2025;Payable Credit Note;MP 2554;سند صرف قهوه محموصه فرع واو;November Blend roasted(1Kg);(167.50);33.50;33.50;(167.50);(5.0000);0.00;636 - مخزون البن المحمص;636 - مخزون البن المحمص
30 يونيو 2025;Payable Credit Note;MP 2560;سند صرف قهوه محموصه فرع الصحافة;November Blend roasted(1Kg);(670.00);33.50;33.50;(670.00);(20.0000);0.00;636 - مخزون البن المحمص;636 - مخزون البن المحمص
30 يونيو 2025;Receivable Invoice;INV-4101;موقع سلة Salla website;November Blend roasted(25-100Kg price 80 /100-500Kg price 70Sr);(223.13);29.56;127.50;(51.74);(1.7500);97.94;203 - مبيعات المتجر الكترونى موقع سلة;636 - مخزون البن المحمص
07 يوليو 2025;Payable Credit Note;MP 2569;سند صرف قهوه محموصه فرع رفا;November Blend roasted(1Kg);(502.50);33.50;33.50;(502.50);(15.0000);0.00;636 - مخزون البن المحمص;636 - مخزون البن المحمص
20 يوليو 2025;Payable Credit Note;MP 2592;يوميات فرع فندق واو;November Blend roasted(1Kg);(167.50);33.50;33.50;(167.50);(5.0000);0.00;636 - مخزون البن المحمص;636 - مخزون البن المحمص
23 يوليو 2025;Payable Credit Note;MP 2596;سند صرف قهوه محموصه فرع واو;November Blend roasted(1Kg);(167.50);33.50;33.50;(167.50);(5.0000);0.00;636 - مخزون البن المحمص;636 - مخزون البن المحمص
29 يوليو 2025;Payable Credit Note;MP 2604;سند صرف قهوه محموصه فرع التخصصي;November Blend roasted(1Kg);(335.00);33.50;33.50;(335.00);(10.0000);0.00;636 - مخزون البن المحمص;636 - مخزون البن المحمص
29 يوليو 2025;Payable Credit Note;MP 2604;سند صرف قهوه محموصه فرع رفا;November Blend roasted(1Kg);(335.00);33.50;33.50;(335.00);(10.0000);0.00;636 - مخزون البن المحمص;636 - مخزون البن المحمص
29 يوليو 2025;Payable Credit Note;MP 2605;سند صرف قهوه محموصه فرع الصحافة;November Blend roasted(1Kg);(335.00);33.50;33.50;(335.00);(10.0000);0.00;636 - مخزون البن المحمص;636 - مخزون البن المحمص
29 يوليو 2025;Payable Credit Note;MP 2605;سند صرف قهوه محموصه فرع واو;November Blend roasted(1Kg);(67.00);33.50;33.50;(67.00);(2.0000);0.00;636 - مخزون البن المحمص;636 - مخزون البن المحمص
31 يوليو 2025;Receivable Invoice;INV-4243;موقع سلة Salla website;November Blend roasted(25-100Kg price 80 /100-500Kg price 70Sr);(223.13);24.83;127.50;(43.44);(1.7500);102.68;203 - مبيعات المتجر الكترونى موقع سلة;636 - مخزون البن المحمص
01 أغسطس 2025;Payable Credit Note;MP 2612;سند صرف قهوه محموصه فرع الصحافة;November Blend roasted(1Kg);(670.00);33.50;33.50;(670.00);(20.0000);0.00;636 - مخزون البن المحمص;636 - مخزون البن المحمص
07 أغسطس 2025;Payable Credit Note;MP 2619;سند صرف قهوه محموصه فرع واو;November Blend roasted(1Kg);(167.50);33.50;33.50;(167.50);(5.0000);0.00;636 - مخزون البن المحمص;636 - مخزون البن المحمص
15 أغسطس 2025;Payable Credit Note;MP 2629;سند صرف قهوه محموصه فرع التخصصي;November Blend roasted(1Kg);(268.00);33.50;33.50;(268.00);(8.0000);0.00;636 - مخزون البن المحمص;636 - مخزون البن المحمص
15 أغسطس 2025;Payable Credit Note;MP 2627;سند صرف قهوه محموصه فرع رفا;November Blend roasted(1Kg);(402.00);33.50;33.50;(402.00);(12.0000);0.00;636 - مخزون البن المحمص;636 - مخزون البن المحمص
19 أغسطس 2025;Payable Credit Note;MP 2635;سند صرف قهوه محموصه فرع واو;November Blend roasted(1Kg);(167.50);33.50;33.50;(167.50);(5.0000);0.00;636 - مخزون البن المحمص;636 - مخزون البن المحمص
19 أغسطس 2025;Payable Credit Note;MP 2635;سند صرف قهوه محموصه فرع واو;November Blend roasted(1Kg);(16.75);33.50;33.50;(16.75);(0.5000);0.00;636 - مخزون البن المحمص;636 - مخزون البن المحمص
19 أغسطس 2025;Payable Credit Note;MP 2633;سند صرف قهوه محموصه فرع حطين;November Blend roasted(1Kg);(100.50);33.50;33.50;(100.50);(3.0000);0.00;636 - مخزون البن المحمص;636 - مخزون البن المحمص
19 أغسطس 2025;Payable Credit Note;MP 2637;سند صرف قهوه محموصه فرع التخصصي;November Blend roasted(1Kg);(16.75);33.50;33.50;(16.75);(0.5000);0.00;636 - مخزون البن المحمص;636 - مخزون البن المحمص
19 أغسطس 2025;Payable Credit Note;MP 2634;سند صرف قهوه محموصه فرع رفا;November Blend roasted(1Kg);(33.50);33.50;33.50;(33.50);(1.0000);0.00;636 - مخزون البن المحمص;636 - مخزون البن المحمص
19 أغسطس 2025;Payable Credit Note;MP 2631;سند صرف قهوه محموصه فرع الصحافة;November Blend roasted(1Kg);(100.50);33.50;33.50;(100.50);(3.0000);0.00;636 - مخزون البن المحمص;636 - مخزون البن المحمص
24 أغسطس 2025;Payable Credit Note;MP 2646;سند صرف قهوه محموصه فرع الصحافة;November Blend roasted(1Kg);(33.50);33.50;33.50;(33.50);(1.0000);0.00;636 - مخزون البن المحمص;636 - مخزون البن المحمص
26 أغسطس 2025;Payable Credit Note;MP 2649;سند صرف قهوه محموصه فرع الصحافة;November Blend roasted(1Kg);(335.00);33.50;33.50;(335.00);(10.0000);0.00;636 - مخزون البن المحمص;636 - مخزون البن المحمص
26 أغسطس 2025;Adjustment;Revaluation;;اعادة تقييم;431.58;0.00;0.00;431.58;0.0000;0.00;;636 - مخزون البن المحمص
31 أغسطس 2025;Receivable Invoice;INV-4356;موقع سلة Salla website;November Blend roasted(25-100Kg price 80 /100-500Kg price 70Sr);(22.88);33.50;91.52;(8.38);(0.2500);58.02;203 - مبيعات المتجر الكترونى موقع سلة;636 - مخزون البن المحمص
04 سبتمبر 2025;Payable Credit Note;MP 2669;سند صرف قهوه محموصه فرع الصحافة;November Blend roasted(1Kg) 4 كيس;(33.50);33.50;33.50;(33.50);(1.0000);0.00;636 - مخزون البن المحمص;636 - مخزون البن المحمص
06 سبتمبر 2025;Payable Credit Note;MP 2668;سند صرف قهوه محموصه فرع التخصصي;November Blend roasted(1Kg);(16.75);33.50;33.50;(16.75);(0.5000);0.00;636 - مخزون البن المحمص;636 - مخزون البن المحمص
09 سبتمبر 2025;Payable Credit Note;MP 2676;سند صرف قهوه محموصه فرع التخصصي;November Blend roasted(1Kg);(16.75);33.50;33.50;(16.75);(0.5000);0.00;636 - مخزون البن المحمص;636 - مخزون البن المحمص
14 سبتمبر 2025;Payable Invoice;7223;تحميص وارد لمستودع البن المحمص;November Blend roasted(1Kg);314.64;29.97;0.00;314.64;10.5000;0.00;;636 - مخزون البن المحمص
14 سبتمبر 2025;Payable Credit Note;MP 2688;سند صرف قهوه محموصه فرع حطين;November Blend roasted(1Kg) 12 كيس;(100.50);33.50;33.50;(100.50);(3.0000);0.00;636 - مخزون البن المحمص;636 - مخزون البن المحمص
14 سبتمبر 2025;Payable Credit Note;MP 2682;سند صرف قهوه محموصه فرع واو;November Blend roasted(1Kg);(16.75);33.50;33.50;(16.75);(0.5000);0.00;636 - مخزون البن المحمص;636 - مخزون البن المحمص
15 سبتمبر 2025;Payable Credit Note;MP 2690;سند صرف قهوه محموصه فرع التخصصي;November Blend roasted(1Kg);(301.50);33.50;33.50;(301.50);(9.0000);0.00;636 - مخزون البن المحمص;636 - مخزون البن المحمص
16 سبتمبر 2025;Payable Invoice;7224;تحميص وارد لمستودع البن المحمص;November Blend roasted(1Kg);1,560.96;30.61;0.00;1,560.96;51.0000;0.00;;636 - مخزون البن المحمص
23 سبتمبر 2025;Payable Credit Note;MP 2701;سند صرف قهوه محموصه فرع الصحافة;November Blend roasted(1Kg);(335.00);33.50;33.50;(335.00);(10.0000);0.00;636 - مخزون البن المحمص;636 - مخزون البن المحمص
27 سبتمبر 2025;Payable Credit Note;;سند صرف قهوه محموصه فرع رفا;November Blend roasted(1Kg);(83.75);33.50;33.50;(83.75);(2.5000);0.00;636 - مخزون البن المحمص;636 - مخزون البن المحمص
28 سبتمبر 2025;Payable Credit Note;MP 2708;سند صرف قهوه محموصه فرع واو;November Blend roasted(1Kg);(100.50);33.50;33.50;(100.50);(3.0000);0.00;636 - مخزون البن المحمص;636 - مخزون البن المحمص
28 سبتمبر 2025;Payable Credit Note;MP 2707;سند صرف قهوه محموصه فرع الصحافة;November Blend roasted(1Kg);(83.75);33.50;33.50;(83.75);(2.5000);0.00;636 - مخزون البن المحمص;636 - مخزون البن المحمص
29 سبتمبر 2025;Receivable Invoice;INV-4469;موقع سلة Salla website;November Blend roasted;(498.91);28.15;117.39;(119.63);(4.2500);89.24;203 - مبيعات المتجر الكترونى موقع سلة;636 - مخزون البن المحمص
30 سبتمبر 2025;Adjustment;Bulk Adjustment;;جرد البن المحمص 30/9;3,708.48;28.15;0.00;3,708.48;131.7500;0.00;;636 - مخزون البن المحمص
05 أكتوبر 2025;Payable Credit Note;MP 2721;سند صرف قهوه محموصه فرع الصحافة;November Blend roasted(1Kg);(335.00);33.50;33.50;(335.00);(10.0000);0.00;636 - مخزون البن المحمص;636 - مخزون البن المحمص
05 أكتوبر 2025;Payable Credit Note;MP 2720;سند صرف قهوه محموصه فرع حطين;November Blend roasted(1Kg);(100.50);33.50;33.50;(100.50);(3.0000);0.00;636 - مخزون البن المحمص;636 - مخزون البن المحمص
06 أكتوبر 2025;Payable Credit Note;MP 2722;سند صرف قهوه محموصه فرع التخصصي;November Blend roasted(1Kg);(335.00);33.50;33.50;(335.00);(10.0000);0.00;636 - مخزون البن المحمص;636 - مخزون البن المحمص
07 أكتوبر 2025;Payable Credit Note;MP 2725;سند صرف قهوه محموصه فرع التخصصي;November Blend roasted(1Kg);(33.50);33.50;33.50;(33.50);(1.0000);0.00;636 - مخزون البن المحمص;636 - مخزون البن المحمص
09 أكتوبر 2025;Payable Credit Note;MP 2730;سند صرف قهوه محموصه فرع التخصصي;November Blend roasted(1Kg);(167.50);33.50;33.50;(167.50);(5.0000);0.00;636 - مخزون البن المحمص;636 - مخزون البن المحمص
09 أكتوبر 2025;Payable Credit Note;MP 2727;سند صرف قهوه محموصه فرع رفا;November Blend roasted(1Kg);(167.50);33.50;33.50;(167.50);(5.0000);0.00;636 - مخزون البن المحمص;636 - مخزون البن المحمص
12 أكتوبر 2025;Payable Credit Note;MP 2733;سند صرف قهوه محموصه فرع رفا;November Blend roasted(1Kg);(167.50);33.50;33.50;(167.50);(5.0000);0.00;636 - مخزون البن المحمص;636 - مخزون البن المحمص
14 أكتوبر 2025;Payable Credit Note;MP 2736;سند صرف قهوه محموصه فرع التخصصي;November Blend roasted(1Kg);(335.00);33.50;33.50;(335.00);(10.0000);0.00;636 - مخزون البن المحمص;636 - مخزون البن المحمص
14 أكتوبر 2025;Payable Credit Note;MP 2735;سند صرف قهوه محموصه فرع الصحافة;November Blend roasted(1Kg);(335.00);33.50;33.50;(335.00);(10.0000);0.00;636 - مخزون البن المحمص;636 - مخزون البن المحمص
15 أكتوبر 2025;Payable Credit Note;MP 2738;سند صرف قهوه محموصه فرع الصحافة;November Blend roasted(1Kg);(335.00);33.50;33.50;(335.00);(10.0000);0.00;636 - مخزون البن المحمص;636 - مخزون البن المحمص
16 أكتوبر 2025;Payable Invoice;7226;تحميص وارد لمستودع البن المحمص;November Blend roasted(1Kg);3,121.93;30.61;0.00;3,121.93;102.0000;0.00;;636 - مخزون البن المحمص
20 أكتوبر 2025;Payable Credit Note;MP 2744;سند صرف قهوه محموصه فرع التخصصي;November Blend roasted(1Kg);(201.00);33.50;33.50;(201.00);(6.0000);0.00;636 - مخزون البن المحمص;636 - مخزون البن المحمص
23 أكتوبر 2025;Payable Credit Note;MP 2749;سند صرف قهوه محموصه فرع التخصصي;November Blend roasted(1Kg);(167.50);33.50;33.50;(167.50);(5.0000);0.00;636 - مخزون البن المحمص;636 - مخزون البن المحمص
23 أكتوبر 2025;Payable Credit Note;MP 2748;سند صرف قهوه محموصه فرع الصحافة;November Blend roasted(1Kg);(335.00);33.50;33.50;(335.00);(10.0000);0.00;636 - مخزون البن المحمص;636 - مخزون البن المحمص
24 أكتوبر 2025;Payable Credit Note;MP 2750;سند صرف قهوه محموصه فرع واو;November Blend roasted(1Kg);(201.00);33.50;33.50;(201.00);(6.0000);0.00;636 - مخزون البن المحمص;636 - مخزون البن المحمص
27 أكتوبر 2025;Payable Credit Note;MP 2755;سند صرف قهوه محموصه فرع رفا;November Blend roasted(1Kg);(335.00);33.50;33.50;(335.00);(10.0000);0.00;636 - مخزون البن المحمص;636 - مخزون البن المحمص
27 أكتوبر 2025;Payable Credit Note;MP 2757;سند صرف قهوه محموصه فرع الصحافة;November Blend roasted(1Kg) 4 كيس;(33.50);33.50;33.50;(33.50);(1.0000);0.00;636 - مخزون البن المحمص;636 - مخزون البن المحمص
27 أكتوبر 2025;Payable Credit Note;MP 2754;سند صرف قهوه محموصه فرع حطين;November Blend roasted(1Kg)12 كيس;(100.50);33.50;33.50;(100.50);(3.0000);0.00;636 - مخزون البن المحمص;636 - مخزون البن المحمص
28 أكتوبر 2025;Payable Credit Note;MP 2758;سند صرف قهوه محموصه فرع التخصصي;November Blend roasted(1Kg);(335.00);33.50;33.50;(335.00);(10.0000);0.00;636 - مخزون البن المحمص;636 - مخزون البن المحمص
31 أكتوبر 2025;Payable Credit Note;MP 2762;سند صرف قهوه محموصه فرع الصحافة;November Blend roasted(1Kg);(335.00);33.50;33.50;(335.00);(10.0000);0.00;636 - مخزون البن المحمص;636 - مخزون البن المحمص
31 أكتوبر 2025;Payable Credit Note;MP 2760;سند صرف قهوه محموصه فرع التخصصي;November Blend roasted(1Kg);(335.00);33.50;33.50;(335.00);(10.0000);0.00;636 - مخزون البن المحمص;636 - مخزون البن المحمص
31 أكتوبر 2025;Receivable Invoice;INV-4744;موقع سلة Salla website;November Blend roasted;(207.96);10.71;138.64;(16.07);(1.5000);127.93;203 - مبيعات المتجر الكترونى موقع سلة;636 - مخزون البن المحمص
03 نوفمبر 2025;Payable Credit Note;MP 2772;سند صرف قهوه محموصه فرع رفا;November Blend roasted(1Kg);(134.00);33.50;33.50;(134.00);(4.0000);0.00;636 - مخزون البن المحمص;636 - مخزون البن المحمص
03 نوفمبر 2025;Payable Credit Note;MP 2766;سند صرف قهوه محموصه فرع الصحافة;November Blend roasted(1Kg);(100.50);33.50;33.50;(100.50);(3.0000);0.00;636 - مخزون البن المحمص;636 - مخزون البن المحمص
03 نوفمبر 2025;Payable Credit Note;MP 2768;سند صرف قهوه محموصه فرع التخصصي;November Blend roasted(1Kg);(33.50);33.50;33.50;(33.50);(1.0000);0.00;636 - مخزون البن المحمص;636 - مخزون البن المحمص
03 نوفمبر 2025;Payable Credit Note;MP 2767;سند صرف قهوه محموصه فرع رفا;November Blend roasted(1Kg);(33.50);33.50;33.50;(33.50);(1.0000);0.00;636 - مخزون البن المحمص;636 - مخزون البن المحمص
03 نوفمبر 2025;Payable Credit Note;MP 2765;سند صرف قهوه محموصه فرع حطين;November Blend roasted(1Kg);(100.50);33.50;33.50;(100.50);(3.0000);0.00;636 - مخزون البن المحمص;636 - مخزون البن المحمص
03 نوفمبر 2025;Payable Credit Note;MP 2769;سند صرف قهوه محموصه فرع الصحافة;November Blend roasted(1Kg);(335.00);33.50;33.50;(335.00);(10.0000);0.00;636 - مخزون البن المحمص;636 - مخزون البن المحمص
03 نوفمبر 2025;Payable Credit Note;MP 2771;سند صرف قهوه محموصه فرع التخصصي;November Blend roasted(1Kg);(335.00);33.50;33.50;(335.00);(10.0000);0.00;636 - مخزون البن المحمص;636 - مخزون البن المحمص
07 نوفمبر 2025;Payable Credit Note;MP 2778;سند صرف قهوه محموصه فرع التخصصي;November Blend roasted(1Kg);(335.00);33.50;33.50;(335.00);(10.0000);0.00;636 - مخزون البن المحمص;636 - مخزون البن المحمص
07 نوفمبر 2025;Payable Credit Note;MP 2779;سند صرف قهوه محموصه فرع حطين;November Blend roasted(1Kg);(100.50);33.50;33.50;(100.50);(3.0000);0.00;636 - مخزون البن المحمص;636 - مخزون البن المحمص
10 نوفمبر 2025;Payable Credit Note;MP 2786;سند صرف قهوه محموصه فرع واو;November Blend roasted(1Kg);(167.50);33.50;33.50;(167.50);(5.0000);0.00;636 - مخزون البن المحمص;636 - مخزون البن المحمص
11 نوفمبر 2025;Payable Credit Note;MP 2790;سند صرف قهوه محموصه فرع حطين;November Blend roasted(1Kg);(167.50);33.50;33.50;(167.50);(5.0000);0.00;636 - مخزون البن المحمص;636 - مخزون البن المحمص
11 نوفمبر 2025;Payable Credit Note;MP 2788;سند صرف قهوه محموصه فرع التخصصي;November Blend roasted(1Kg);(67.00);33.50;33.50;(67.00);(2.0000);0.00;636 - مخزون البن المحمص;636 - مخزون البن المحمص
11 نوفمبر 2025;Payable Credit Note;MP 2788;سند صرف قهوه محموصه فرع التخصصي;November Blend roasted(1Kg);(33.50);33.50;33.50;(33.50);(1.0000);0.00;636 - مخزون البن المحمص;636 - مخزون البن المحمص
12 نوفمبر 2025;Payable Credit Note;MP 2792;سند صرف قهوه محموصه فرع التخصصي;November Blend roasted(1Kg);(167.50);33.50;33.50;(167.50);(5.0000);0.00;636 - مخزون البن المحمص;636 - مخزون البن المحمص
12 نوفمبر 2025;Payable Credit Note;MP 2795;سند صرف قهوه محموصه فرع التخصصي;November Blend roasted(1Kg);(67.00);33.50;33.50;(67.00);(2.0000);0.00;636 - مخزون البن المحمص;636 - مخزون البن المحمص
16 نوفمبر 2025;Payable Credit Note;MP 2800;سند صرف قهوه محموصه فرع التخصصي;November Blend roasted(1Kg);(268.00);33.50;33.50;(268.00);(8.0000);0.00;636 - مخزون البن المحمص;636 - مخزون البن المحمص
18 نوفمبر 2025;Payable Credit Note;MP 2802;سند صرف قهوه محموصه فرع الصحافة;November Blend roasted(1Kg)12كيس;(100.50);33.50;33.50;(100.50);(3.0000);0.00;636 - مخزون البن المحمص;636 - مخزون البن المحمص
18 نوفمبر 2025;Payable Credit Note;MP 2801;سند صرف قهوه محموصه فرع حطين;November Blend roasted(1Kg);(335.00);33.50;33.50;(335.00);(10.0000);0.00;636 - مخزون البن المحمص;636 - مخزون البن المحمص
18 نوفمبر 2025;Payable Credit Note;MP 2806;سند صرف قهوه محموصه فرع التخصصي;November Blend roasted(1Kg);(335.00);33.50;33.50;(335.00);(10.0000);0.00;636 - مخزون البن المحمص;636 - مخزون البن المحمص
18 نوفمبر 2025;Payable Credit Note;MP 2808;سند صرف قهوه محموصه فرع واو;November Blend roasted(1Kg) 3 كيس;(25.13);33.51;33.51;(25.13);(0.7500);0.00;636 - مخزون البن المحمص;636 - مخزون البن المحمص
18 نوفمبر 2025;Payable Credit Note;MP 2807;سند صرف قهوه محموصه فرع رفا;November Blend roasted(1Kg);(201.00);33.50;33.50;(201.00);(6.0000);0.00;636 - مخزون البن المحمص;636 - مخزون البن المحمص
18 نوفمبر 2025;Payable Credit Note;MP 2807;سند صرف قهوه محموصه فرع رفا;November Blend roasted(1Kg) 4 كيس;(33.50);33.50;33.50;(33.50);(1.0000);0.00;636 - مخزون البن المحمص;636 - مخزون البن المحمص
21 نوفمبر 2025;Payable Invoice;7229;تحميص وارد لمستودع البن المحمص;November Blend roasted(1Kg);936.58;30.21;0.00;936.58;31.0000;0.00;;636 - مخزون البن المحمص
21 نوفمبر 2025;Payable Credit Note;MP 2811;سند صرف قهوه محموصه فرع التخصصي;November Blend roasted(1Kg);(335.00);33.50;33.50;(335.00);(10.0000);0.00;636 - مخزون البن المحمص;636 - مخزون البن المحمص
21 نوفمبر 2025;Payable Credit Note;MP 2815;سند صرف قهوه محموصه فرع رفا;November Blend roasted(1Kg);(33.50);33.50;33.50;(33.50);(1.0000);0.00;636 - مخزون البن المحمص;636 - مخزون البن المحمص
23 نوفمبر 2025;Payable Credit Note;MP 2818;سند صرف قهوه محموصه فرع التخصصي;November Blend roasted(1Kg);(167.50);33.50;33.50;(167.50);(5.0000);0.00;636 - مخزون البن المحمص;636 - مخزون البن المحمص
24 نوفمبر 2025;Payable Credit Note;MP 2819;سند صرف قهوه محموصه فرع الصحافة;November Blend roasted(1Kg) 8 كيس;(67.00);33.50;33.50;(67.00);(2.0000);0.00;636 - مخزون البن المحمص;636 - مخزون البن المحمص
25 نوفمبر 2025;Payable Credit Note;MP 2826;سند صرف قهوه محموصه فرع رفا;November Blend roasted(1Kg);(67.00);33.50;33.50;(67.00);(2.0000);0.00;636 - مخزون البن المحمص;636 - مخزون البن المحمص
25 نوفمبر 2025;Payable Credit Note;MP 2824;سند صرف قهوه محموصه فرع واو;November Blend roasted(1Kg) 3 كيس;(25.13);33.51;33.51;(25.13);(0.7500);0.00;636 - مخزون البن المحمص;636 - مخزون البن المحمص
25 نوفمبر 2025;Payable Credit Note;MP 2823;سند صرف قهوه محموصه فرع التخصصي;November Blend roasted(1Kg);(201.00);33.50;33.50;(201.00);(6.0000);0.00;636 - مخزون البن المحمص;636 - مخزون البن المحمص
27 نوفمبر 2025;Payable Credit Note;MP 2832;سند صرف قهوه محموصه فرع التخصصي;November Blend roasted(1Kg);(134.00);33.50;33.50;(134.00);(4.0000);0.00;636 - مخزون البن المحمص;636 - مخزون البن المحمص
27 نوفمبر 2025;Payable Credit Note;MP 2829;سند صرف قهوه محموصه فرع حطين;November Blend roasted(1Kg) 20 كيس;(167.50);33.50;33.50;(167.50);(5.0000);0.00;636 - مخزون البن المحمص;636 - مخزون البن المحمص
28 نوفمبر 2025;Payable Credit Note;MP 2833;سند صرف قهوه محموصه فرع رفا;November Blend roasted(1Kg);(167.50);33.50;33.50;(167.50);(5.0000);0.00;636 - مخزون البن المحمص;636 - مخزون البن المحمص
28 نوفمبر 2025;Payable Credit Note;MP 2833;سند صرف قهوه محموصه فرع رفا;November Blend roasted(1Kg);(33.50);33.50;33.50;(33.50);(1.0000);0.00;636 - مخزون البن المحمص;636 - مخزون البن المحمص
30 نوفمبر 2025;Payable Credit Note;MP 2837;سند صرف قهوه محموصه فرع التخصصي;November Blend roasted(1Kg);(201.00);33.50;33.50;(201.00);(6.0000);0.00;636 - مخزون البن المحمص;636 - مخزون البن المحمص
30 نوفمبر 2025;Receivable Invoice;INV-4868;موقع سلة Salla website;November Blend roasted;(90.22);33.50;180.44;(16.75);(0.5000);146.94;203 - مبيعات المتجر الكترونى موقع سلة;636 - مخزون البن المحمص
01 ديسمبر 2025;Adjustment;Revaluation;;اعادة تقييم;1,229.87;0.00;0.00;1,229.87;0.0000;0.00;;636 - مخزون البن المحمص
02 ديسمبر 2025;Payable Credit Note;MP 2843;سند صرف قهوه محموصه فرع رفا;November Blend roasted(1Kg)8كيس;(50.25);33.50;33.50;(50.25);(1.5000);0.00;636 - مخزون البن المحمص;636 - مخزون البن المحمص
Total RB- نوفمبر بلند محمص - November Blend roasted(1Kg);;;;;(6,245.88);;;(3,785.50);(113.0000);1,014.12;;
Closing Balance;;;;;0.00;0.00;0.00;0.00;0.0000;0.00;;
;;;;;;;;;;;;
RB002A-  رواندى طبيعية محمص - Rwandan Natural lroasted beans;;;;;;;;;;;;
Opening Balance;;;;;0.00;0.00;0.00;1,435.10;30.2000;0.00;;
01 يناير 2025;Payable Credit Note;MP 2286;سند صرف قهوه محموصه فرع الصحافة;Rwandan Natural lroasted beans 4 كيس;(47.52);47.52;47.52;(47.52);(1.0000);0.00;636 - مخزون البن المحمص;636 - مخزون البن المحمص
02 يناير 2025;Payable Credit Note;MP 2290;سند صرف قهوه محموصه فرع حطين;Rwandan Natural lroasted beans 6 كيس;(71.28);47.52;47.52;(71.28);(1.5000);0.00;636 - مخزون البن المحمص;636 - مخزون البن المحمص
25 يناير 2025;Payable Credit Note;MP 2321;سند صرف قهوه محموصه فرع التخصصي;Rwandan Natural lroasted beans 4 كيس;(47.52);47.52;47.52;(47.52);(1.0000);0.00;636 - مخزون البن المحمص;636 - مخزون البن المحمص
29 يناير 2025;Payable Credit Note;MP 2329;سند صرف قهوه محموصه فرع حطين;Rwandan Natural lroasted beans;(71.28);47.52;47.52;(71.28);(1.5000);0.00;636 - مخزون البن المحمص;636 - مخزون البن المحمص
31 يناير 2025;Receivable Invoice;INV-3179;موقع سلة Salla website;Rwandan Natural lroasted beans;(195.65);47.52;156.52;(59.40);(1.2500);109.00;203 - مبيعات المتجر الكترونى موقع سلة;636 - مخزون البن المحمص
01 فبراير 2025;Receivable Invoice;INV-3137;شركة لوازم للتجارة والتسويق;Rwandan Natural lroasted beans;(237.00);47.52;79.00;(142.56);(3.0000);31.48;202 - مبيعات القهوة المحمصه;636 - مخزون البن المحمص
13 فبراير 2025;Payable Credit Note;MP 2350;سند صرف قهوه محموصه فرع حطين;Rwandan Natural lroasted beans 12 كيس;(142.56);47.52;47.52;(142.56);(3.0000);0.00;636 - مخزون البن المحمص;636 - مخزون البن المحمص
15 فبراير 2025;Payable Credit Note;MP 2352;سند صرف قهوه محموصه فرع التخصصي;Rwandan Natural lroasted beans 4 كيس;(47.52);47.52;47.52;(47.52);(1.0000);0.00;636 - مخزون البن المحمص;636 - مخزون البن المحمص
19 فبراير 2025;Payable Credit Note;MP 2358;سند صرف قهوه محموصه فرع رفا;Rwandan Natural lroasted beans;(237.60);47.52;47.52;(237.60);(5.0000);0.00;636 - مخزون البن المحمص;636 - مخزون البن المحمص
23 فبراير 2025;Payable Credit Note;MP 2366;سند صرف قهوه محموصه فرع حطين;Rwandan Natural lroasted beans;(475.20);47.52;47.52;(475.20);(10.0000);0.00;636 - مخزون البن المحمص;636 - مخزون البن المحمص
26 فبراير 2025;Payable Invoice;7205;تحميص وارد لمستودع البن المحمص;Rwandan Natural lroasted beans;1,502.57;48.47;0.00;1,502.57;31.0000;0.00;;636 - مخزون البن المحمص
26 فبراير 2025;Payable Credit Note;MP 2375;سند صرف قهوه محموصه فرع التخصصي;Rwandan Natural lroasted beans 4 كيس;(47.52);47.52;47.52;(47.52);(1.0000);0.00;636 - مخزون البن المحمص;636 - مخزون البن المحمص
28 فبراير 2025;Receivable Invoice;INV-3412;موقع سلة Salla website;Rwandan Natural lroasted beans;(117.38);48.44;93.90;(60.55);(1.2500);45.46;203 - مبيعات المتجر الكترونى موقع سلة;636 - مخزون البن المحمص
30 مارس 2025;Adjustment;Quantity Decrease;;جرد 29/3;(130.79);48.44;0.00;(130.79);(2.7000);0.00;;636 - مخزون البن المحمص
31 مارس 2025;Receivable Invoice;INV-3605;موقع سلة Salla website;Rwandan Natural lroasted beans;(58.70);48.51;117.40;(24.26);(0.5000);68.89;203 - مبيعات المتجر الكترونى موقع سلة;636 - مخزون البن المحمص
20 أبريل 2025;Payable Credit Note;MP 2444;سند صرف قهوه محموصه فرع حطين;Rwandan Natural lroasted beans;(95.04);47.52;47.52;(95.04);(2.0000);0.00;636 - مخزون البن المحمص;636 - مخزون البن المحمص
30 أبريل 2025;Receivable Invoice;INV-3781;موقع سلة Salla website;Rwandan Natural lroasted beans;(88.05);48.76;117.40;(36.57);(0.7500);68.64;203 - مبيعات المتجر الكترونى موقع سلة;636 - مخزون البن المحمص
17 مايو 2025;Payable Credit Note;MP 2483;سند صرف قهوه محموصه فرع حطين;Rwandan Natural lroasted beans;(1,188.00);47.52;47.52;(1,188.00);(25.0000);0.00;636 - مخزون البن المحمص;636 - مخزون البن المحمص
19 مايو 2025;Payable Invoice;7213;تحميص وارد لمستودع البن المحمص;Rwandan Natural lroasted beans;487.32;46.41;0.00;487.32;10.5000;0.00;;636 - مخزون البن المحمص
31 مايو 2025;Receivable Invoice;INV-3944;موقع سلة Salla website;Rwandan Natural lroasted beans;(88.05);48.74;117.40;(36.56);(0.7500);68.66;203 - مبيعات المتجر الكترونى موقع سلة;636 - مخزون البن المحمص
01 يونيو 2025;Receivable Invoice;INV-3817;شركة لوازم للتجارة والتسويق;Rwandan Natural lroasted beans;(79.00);48.76;79.00;(48.76);(1.0000);30.24;202 - مبيعات القهوة المحمصه;636 - مخزون البن المحمص
24 يونيو 2025;Payable Invoice;7218;تحميص وارد لمستودع البن المحمص;Rwandan Natural lroasted beans;974.64;48.73;0.00;974.64;20.0000;0.00;;636 - مخزون البن المحمص
26 يونيو 2025;Adjustment;Quantity Decrease;;جرد 25/6;(121.85);48.74;0.00;(121.85);(2.5000);0.00;;636 - مخزون البن المحمص
30 يونيو 2025;Receivable Invoice;INV-4101;موقع سلة Salla website;Rwandan Natural lroasted beans;(205.45);48.74;117.40;(85.30);(1.7500);68.66;203 - مبيعات المتجر الكترونى موقع سلة;636 - مخزون البن المحمص
13 يوليو 2025;Receivable Invoice;INV-4053;شركة لوازم للتجارة والتسويق;Rwandan Natural lroasted beans;(130.00);48.74;130.00;(48.74);(1.0000);81.26;202 - مبيعات القهوة المحمصه;636 - مخزون البن المحمص
31 يوليو 2025;Receivable Invoice;INV-4243;موقع سلة Salla website;Rwandan Natural lroasted beans;(146.88);48.74;117.50;(60.93);(1.2500);68.76;203 - مبيعات المتجر الكترونى موقع سلة;636 - مخزون البن المحمص
31 أغسطس 2025;Receivable Invoice;INV-4356;موقع سلة Salla website;Rwandan Natural lroasted beans;(58.75);48.86;117.50;(24.43);(0.5000);68.64;203 - مبيعات المتجر الكترونى موقع سلة;636 - مخزون البن المحمص
02 سبتمبر 2025;Payable Credit Note;MP 2659;سند صرف قهوه محموصه فرع التخصصي;Rwandan Natural lroasted beans;(95.04);47.52;47.52;(95.04);(2.0000);0.00;636 - مخزون البن المحمص;636 - مخزون البن المحمص
07 سبتمبر 2025;Receivable Invoice;INV-4369;شركة لوازم للتجارة والتسويق;Rwandan Natural lroasted beans;(130.00);48.86;130.00;(48.86);(1.0000);81.14;202 - مبيعات القهوة المحمصه;636 - مخزون البن المحمص
09 سبتمبر 2025;Payable Credit Note;MP 2674;سند صرف قهوه محموصه فرع رفا;Rwandan Natural lroasted beans;(190.08);47.52;47.52;(190.08);(4.0000);0.00;636 - مخزون البن المحمص;636 - مخزون البن المحمص
09 سبتمبر 2025;Payable Credit Note;MP 2676;سند صرف قهوه محموصه فرع التخصصي;Rwandan Natural lroasted beans;(95.04);47.52;47.52;(95.04);(2.0000);0.00;636 - مخزون البن المحمص;636 - مخزون البن المحمص
14 سبتمبر 2025;Payable Invoice;7223;تحميص وارد لمستودع البن المحمص;Rwandan Natural lroasted beans;974.64;46.41;0.00;974.64;21.0000;0.00;;636 - مخزون البن المحمص
14 سبتمبر 2025;Payable Credit Note;MP 2683;سند صرف قهوه محموصه فرع الصحافة;Rwandan Natural lroasted beans;(142.56);47.52;47.52;(142.56);(3.0000);0.00;636 - مخزون البن المحمص;636 - مخزون البن المحمص
14 سبتمبر 2025;Payable Credit Note;MP 2686;سند صرف قهوه محموصه فرع رفا;Rwandan Natural lroasted beans;(95.04);47.52;47.52;(95.04);(2.0000);0.00;636 - مخزون البن المحمص;636 - مخزون البن المحمص
14 سبتمبر 2025;Payable Credit Note;MP 2688;سند صرف قهوه محموصه فرع حطين;Rwandan Natural lroasted beans 12 كيس;(142.56);47.52;47.52;(142.56);(3.0000);0.00;636 - مخزون البن المحمص;636 - مخزون البن المحمص
14 سبتمبر 2025;Payable Credit Note;MP 2682;سند صرف قهوه محموصه فرع واو;Rwandan Natural lroasted beans;(23.76);47.52;47.52;(23.76);(0.5000);0.00;636 - مخزون البن المحمص;636 - مخزون البن المحمص
15 سبتمبر 2025;Payable Credit Note;MP 2681;سند صرف قهوه محموصه فرع التخصصي;Rwandan Natural lroasted beans;(47.52);47.52;47.52;(47.52);(1.0000);0.00;636 - مخزون البن المحمص;636 - مخزون البن المحمص
16 سبتمبر 2025;Payable Invoice;7224;تحميص وارد لمستودع البن المحمص;Rwandan Natural lroasted beans;974.64;46.41;0.00;974.64;21.0000;0.00;;636 - مخزون البن المحمص
17 سبتمبر 2025;Payable Credit Note;MP 2693;سند صرف قهوه محموصه فرع رفا;Rwandan Natural lroasted beans;(190.08);47.52;47.52;(190.08);(4.0000);0.00;636 - مخزون البن المحمص;636 - مخزون البن المحمص
28 سبتمبر 2025;Payable Credit Note;MP 2707;سند صرف قهوه محموصه فرع الصحافة;Rwandan Natural lroasted beans;(23.76);47.52;47.52;(23.76);(0.5000);0.00;636 - مخزون البن المحمص;636 - مخزون البن المحمص
29 سبتمبر 2025;Receivable Invoice;INV-4469;موقع سلة Salla website;Rwandan Natural lroasted beans;(579.78);46.98;110.43;(246.67);(5.2500);63.45;203 - مبيعات المتجر الكترونى موقع سلة;636 - مخزون البن المحمص
30 سبتمبر 2025;Adjustment;Bulk Adjustment;;جرد البن المحمص 30/9;(58.73);46.98;0.00;(58.73);(1.2500);0.00;;636 - مخزون البن المحمص
05 أكتوبر 2025;Payable Credit Note;MP 2720;سند صرف قهوه محموصه فرع حطين;Rwandan Natural lroasted beans;(166.32);47.52;47.52;(166.32);(3.5000);0.00;636 - مخزون البن المحمص;636 - مخزون البن المحمص
05 أكتوبر 2025;Receivable Invoice;INV-4498;شركة لوازم للتجارة والتسويق;Rwandan Natural lroasted beans;(520.00);46.98;130.00;(187.94);(4.0000);83.02;202 - مبيعات القهوة المحمصه;636 - مخزون البن المحمص
06 أكتوبر 2025;Payable Credit Note;MP 2722;سند صرف قهوه محموصه فرع التخصصي;Rwandan Natural lroasted beans;(190.08);47.52;47.52;(190.08);(4.0000);0.00;636 - مخزون البن المحمص;636 - مخزون البن المحمص
07 أكتوبر 2025;Payable Credit Note;MP 2725;سند صرف قهوه محموصه فرع التخصصي;Rwandan Natural lroasted beans;(47.52);47.52;47.52;(47.52);(1.0000);0.00;636 - مخزون البن المحمص;636 - مخزون البن المحمص
27 أكتوبر 2025;Payable Credit Note;MP 2754;سند صرف قهوه محموصه فرع حطين;Rwandan Natural lroasted beans12 كيس;(142.56);47.52;47.52;(142.56);(3.0000);0.00;636 - مخزون البن المحمص;636 - مخزون البن المحمص
31 أكتوبر 2025;Receivable Invoice;INV-4744;موقع سلة Salla website;Rwandan Natural lroasted beans;(68.05);45.35;90.73;(34.01);(0.7500);45.38;203 - مبيعات المتجر الكترونى موقع سلة;636 - مخزون البن المحمص
03 نوفمبر 2025;Payable Credit Note;MP 2772;سند صرف قهوه محموصه فرع رفا;Rwandan Natural lroasted beans;(190.08);47.52;47.52;(190.08);(4.0000);0.00;636 - مخزون البن المحمص;636 - مخزون البن المحمص
03 نوفمبر 2025;Payable Credit Note;MP 2766;سند صرف قهوه محموصه فرع الصحافة;Rwandan Natural lroasted beans;(142.56);47.52;47.52;(142.56);(3.0000);0.00;636 - مخزون البن المحمص;636 - مخزون البن المحمص
03 نوفمبر 2025;Payable Credit Note;MP 2768;سند صرف قهوه محموصه فرع التخصصي;Rwandan Natural lroasted beans;(47.52);47.52;47.52;(47.52);(1.0000);0.00;636 - مخزون البن المحمص;636 - مخزون البن المحمص
03 نوفمبر 2025;Payable Credit Note;MP 2767;سند صرف قهوه محموصه فرع رفا;Rwandan Natural lroasted beans;(47.52);47.52;47.52;(47.52);(1.0000);0.00;636 - مخزون البن المحمص;636 - مخزون البن المحمص
03 نوفمبر 2025;Payable Credit Note;MP 2765;سند صرف قهوه محموصه فرع حطين;Rwandan Natural lroasted beans;(142.56);47.52;47.52;(142.56);(3.0000);0.00;636 - مخزون البن المحمص;636 - مخزون البن المحمص
05 نوفمبر 2025;Payable Invoice;7227;تحميص وارد لمستودع البن المحمص;Rwandan Natural lroasted beans;487.32;46.41;0.00;487.32;10.5000;0.00;;636 - مخزون البن المحمص
07 نوفمبر 2025;Payable Credit Note;MP 2778;سند صرف قهوه محموصه فرع التخصصي;Rwandan Natural lroasted beans;(47.52);47.52;47.52;(47.52);(1.0000);0.00;636 - مخزون البن المحمص;636 - مخزون البن المحمص
07 نوفمبر 2025;Payable Credit Note;MP 2779;سند صرف قهوه محموصه فرع حطين;Rwandan Natural lroasted beans;(142.56);47.52;47.52;(142.56);(3.0000);0.00;636 - مخزون البن المحمص;636 - مخزون البن المحمص
07 نوفمبر 2025;Payable Credit Note;MP 2777;سند صرف قهوه محموصه فرع الصحافة;Rwandan Natural lroasted beans;(95.04);47.52;47.52;(95.04);(2.0000);0.00;636 - مخزون البن المحمص;636 - مخزون البن المحمص
07 نوفمبر 2025;Receivable Invoice;INV-4677;شركة لوازم للتجارة والتسويق;Rwandan Natural lroasted beans;(158.00);45.89;79.00;(91.78);(2.0000);33.11;202 - مبيعات القهوة المحمصه;636 - مخزون البن المحمص
08 نوفمبر 2025;Payable Credit Note;MP 2782;سند صرف قهوه محموصه فرع رفا;Rwandan Natural lroasted beans;(47.52);47.52;47.52;(47.52);(1.0000);0.00;636 - مخزون البن المحمص;636 - مخزون البن المحمص
11 نوفمبر 2025;Payable Credit Note;MP 2790;سند صرف قهوه محموصه فرع حطين;Rwandan Natural lroasted beans;(237.60);47.52;47.52;(237.60);(5.0000);0.00;636 - مخزون البن المحمص;636 - مخزون البن المحمص
11 نوفمبر 2025;Payable Credit Note;MP 2787;سند صرف قهوه محموصه فرع الصحافة;Rwandan Natural lroasted beans;(47.52);47.52;47.52;(47.52);(1.0000);0.00;636 - مخزون البن المحمص;636 - مخزون البن المحمص
11 نوفمبر 2025;Payable Credit Note;MP 2788;سند صرف قهوه محموصه فرع التخصصي;Rwandan Natural lroasted beans;(47.52);47.52;47.52;(47.52);(1.0000);0.00;636 - مخزون البن المحمص;636 - مخزون البن المحمص
13 نوفمبر 2025;Payable Invoice;7228;تحميص وارد لمستودع البن المحمص;Rwandan Natural lroasted beans;974.64;46.41;0.00;974.64;21.0000;0.00;;636 - مخزون البن المحمص
13 نوفمبر 2025;Payable Credit Note;MP 2797;سند صرف قهوه محموصه فرع الصحافة;Rwandan Natural lroasted beans 8كيس;(95.04);47.52;47.52;(95.04);(2.0000);0.00;636 - مخزون البن المحمص;636 - مخزون البن المحمص
18 نوفمبر 2025;Payable Credit Note;MP 2802;سند صرف قهوه محموصه فرع الصحافة;Rwandan Natural lroasted beans12كيس;(142.56);47.52;47.52;(142.56);(3.0000);0.00;636 - مخزون البن المحمص;636 - مخزون البن المحمص
18 نوفمبر 2025;Payable Credit Note;MP 2801;سند صرف قهوه محموصه فرع حطين;Rwandan Natural lroasted beans;(475.20);47.52;47.52;(475.20);(10.0000);0.00;636 - مخزون البن المحمص;636 - مخزون البن المحمص
18 نوفمبر 2025;Payable Credit Note;MP 2806;سند صرف قهوه محموصه فرع التخصصي;Rwandan Natural lroasted beans 12 كيس;(142.56);47.52;47.52;(142.56);(3.0000);0.00;636 - مخزون البن المحمص;636 - مخزون البن المحمص
21 نوفمبر 2025;Payable Credit Note;MP 2811;سند صرف قهوه محموصه فرع التخصصي;Rwandan Natural lroasted beans 8كيس;(95.04);47.52;47.52;(95.04);(2.0000);0.00;636 - مخزون البن المحمص;636 - مخزون البن المحمص
21 نوفمبر 2025;Payable Credit Note;MP 2815;سند صرف قهوه محموصه فرع رفا;Rwandan Natural lroasted beans;(47.52);47.52;47.52;(47.52);(1.0000);0.00;636 - مخزون البن المحمص;636 - مخزون البن المحمص
25 نوفمبر 2025;Payable Credit Note;MP 2826;سند صرف قهوه محموصه فرع رفا;Rwandan Natural lroasted beans;(95.04);47.52;47.52;(95.04);(2.0000);0.00;636 - مخزون البن المحمص;636 - مخزون البن المحمص
27 نوفمبر 2025;Payable Invoice;7230;تحميص وارد لمستودع البن المحمص;Rwandan Natural lroasted beans;1,502.57;48.47;0.00;1,502.57;31.0000;0.00;;636 - مخزون البن المحمص
27 نوفمبر 2025;Payable Credit Note;MP 2829;سند صرف قهوه محموصه فرع حطين;Rwandan Natural lroasted beans 20 كيس;(237.60);47.52;47.52;(237.60);(5.0000);0.00;636 - مخزون البن المحمص;636 - مخزون البن المحمص
28 نوفمبر 2025;Payable Credit Note;MP 2833;سند صرف قهوه محموصه فرع رفا;Rwandan Natural lroasted beans;(47.52);47.52;47.52;(47.52);(1.0000);0.00;636 - مخزون البن المحمص;636 - مخزون البن المحمص
30 نوفمبر 2025;Payable Credit Note;MP 2835;سند صرف قهوه محموصه فرع الصحافة;Rwandan Natural lroasted beans 8كيس;(95.04);47.52;47.52;(95.04);(2.0000);0.00;636 - مخزون البن المحمص;636 - مخزون البن المحمص
30 نوفمبر 2025;Receivable Invoice;INV-4868;موقع سلة Salla website;Rwandan Natural lroasted beans;(1,014.00);46.50;78.00;(604.51);(13.0000);31.50;203 - مبيعات المتجر الكترونى موقع سلة;636 - مخزون البن المحمص
02 ديسمبر 2025;Payable Credit Note;MP 2843;سند صرف قهوه محموصه فرع رفا;Rwandan Natural lroasted beans8كيس;(95.04);47.52;47.52;(95.04);(2.0000);0.00;636 - مخزون البن المحمص;636 - مخزون البن المحمص
07 ديسمبر 2025;Payable Credit Note;MP 2853;سند صرف قهوه محموصه فرع الصحافة;Rwandan Natural lroasted beans 8 كيس;(95.04);47.52;47.52;(95.04);(2.0000);0.00;636 - مخزون البن المحمص;636 - مخزون البن المحمص
10 ديسمبر 2025;Payable Invoice;7232;تحميص وارد لمستودع البن المحمص;Rwandan Natural lroasted beans;487.32;46.41;0.00;487.32;10.5000;0.00;;636 - مخزون البن المحمص
24 ديسمبر 2025;Payable Credit Note;MP 2885;سند صرف قهوه محموصه فرع رفا;Rwandan Natural lroasted beans;(237.60);47.52;47.52;(237.60);(5.0000);0.00;636 - مخزون البن المحمص;636 - مخزون البن المحمص
31 ديسمبر 2025;Receivable Invoice;INV-5016;موقع سلة Salla website;Rwandan Natural lroasted beans;(669.99);47.52;206.15;(154.44);(3.2500);158.63;203 - مبيعات المتجر الكترونى موقع سلة;636 - مخزون البن المحمص
31 ديسمبر 2025;Adjustment;Revaluation;;تعديل;15.04;0.00;0.00;15.04;0.0000;0.00;;636 - مخزون البن المحمص
31 ديسمبر 2025;Adjustment;Quantity Decrease;;جرد 31/12;(130.68);47.52;0.00;(130.68);(2.7500);0.00;;636 - مخزون البن المحمص
Total RB002A-  رواندى طبيعية محمص - Rwandan Natural lroasted beans;;;;;(3,805.37);;;(1,256.90);(26.4500);1,205.90;;
Closing Balance;;;;;0.00;0.00;0.00;178.20;3.7500;0.00;;
;;;;;;;;;;;;
RB003-اوراقا سوبر ناتشورل محمص - Rosted Beans Uraga Super Natural 20;;;;;;;;;;;;
Opening Balance;;;;;0.00;0.00;0.00;452.00;4.0000;0.00;;
02 يناير 2025;Payable Credit Note;MP 2289;سند صرف قهوه محموصه فرع حطين;Rosted Beans Uraga Super Natural 20;(339.00);113.00;113.00;(339.00);(3.0000);0.00;636 - مخزون البن المحمص;636 - مخزون البن المحمص
31 مارس 2025;Adjustment;Quantity Decrease;;جرد 29/3;(113.00);113.00;0.00;(113.00);(1.0000);0.00;;636 - مخزون البن المحمص
Total RB003-اوراقا سوبر ناتشورل محمص - Rosted Beans Uraga Super Natural 20;;;;;(452.00);;;(452.00);(4.0000);0.00;;
Closing Balance;;;;;0.00;0.00;0.00;0.00;0.0000;0.00;;
;;;;;;;;;;;;
RB0037-كولومبى مغسولة محمص - Rosted Bean Colombi Cauca Washed;;;;;;;;;;;;
Opening Balance;;;;;0.00;0.00;0.00;0.00;0.0000;0.00;;
15 يناير 2025;Payable Invoice;7200;تحميص وارد لمستودع البن المحمص;Rosted Bean Colombi Cauca Washed;279.48;26.62;0.00;279.48;10.5000;0.00;;636 - مخزون البن المحمص
10 فبراير 2025;Payable Credit Note;MP 2345;سند صرف قهوه محموصه فرع الصحافة;Rosted Bean Colombi Cauca Washed;(58.00);29.00;29.00;(58.00);(2.0000);0.00;636 - مخزون البن المحمص;636 - مخزون البن المحمص
12 فبراير 2025;Payable Invoice;7203;تحميص وارد لمستودع البن المحمص;Rosted Bean Colombi Cauca Washed;1,420.69;27.32;0.00;1,420.69;52.0000;0.00;;636 - مخزون البن المحمص
12 فبراير 2025;Receivable Invoice;INV-3173;شركة زاوية التوزيع للتجارة;Rosted Bean Colombi Cauca Washed;(1,125.00);27.14;100.00;(305.36);(11.2500);72.86;202 - مبيعات القهوة المحمصه;636 - مخزون البن المحمص
13 مارس 2025;Payable Invoice;7207;تحميص وارد لمستودع البن المحمص;Rosted Bean Colombi Cauca Washed;2,259.12;26.89;0.00;2,259.12;84.0000;0.00;;636 - مخزون البن المحمص
30 مارس 2025;Adjustment;Quantity Decrease;;جرد 29/3;(114.69);26.99;0.00;(114.69);(4.2500);0.00;;636 - مخزون البن المحمص
17 أبريل 2025;Payable Invoice;7210;تحميص وارد لمستودع البن المحمص;Rosted Bean Colombi Cauca Washed;4,797.74;26.95;0.00;4,797.74;178.0000;0.00;;636 - مخزون البن المحمص
03 مايو 2025;Payable Credit Note;MP 2456;سند صرف قهوه محموصه فرع حطين;Rosted Bean Colombi Cauca Washed;(435.00);29.00;29.00;(435.00);(15.0000);0.00;636 - مخزون البن المحمص;636 - مخزون البن المحمص
17 مايو 2025;Payable Credit Note;MP 2483;سند صرف قهوه محموصه فرع حطين;Rosted Bean Colombi Cauca Washed;(725.00);29.00;29.00;(725.00);(25.0000);0.00;636 - مخزون البن المحمص;636 - مخزون البن المحمص
19 مايو 2025;Payable Invoice;7214;تحميص وارد لمستودع البن المحمص;Rosted Bean Colombi Cauca Washed;558.96;26.62;0.00;558.96;21.0000;0.00;;636 - مخزون البن المحمص
24 مايو 2025;Payable Credit Note;MP 2497;سند صرف قهوه محموصه فرع حطين;Rosted Bean Colombi Cauca Washed;(319.00);29.00;29.00;(319.00);(11.0000);0.00;636 - مخزون البن المحمص;636 - مخزون البن المحمص
31 مايو 2025;Payable Credit Note;MP 2509;سند صرف قهوه محموصه فرع حطين;Rosted Bean Colombi Cauca Washed;(638.00);29.00;29.00;(638.00);(22.0000);0.00;636 - مخزون البن المحمص;636 - مخزون البن المحمص
09 يونيو 2025;Payable Credit Note;MP 2517;سند صرف قهوه محموصه فرع حطين;Rosted Bean Colombi Cauca Washed;(1,711.00);29.00;29.00;(1,711.00);(59.0000);0.00;636 - مخزون البن المحمص;636 - مخزون البن المحمص
11 يونيو 2025;Payable Credit Note;MP 2521;سند صرف قهوه محموصه فرع واو;Rosted Bean Colombi Cauca Washed;(29.00);29.00;29.00;(29.00);(1.0000);0.00;636 - مخزون البن المحمص;636 - مخزون البن المحمص
15 يونيو 2025;Payable Credit Note;MP 2531;سند صرف قهوه محموصه فرع حطين;Rosted Bean Colombi Cauca Washed;(899.00);29.00;29.00;(899.00);(31.0000);0.00;636 - مخزون البن المحمص;636 - مخزون البن المحمص
18 يونيو 2025;Payable Invoice;7217;تحميص وارد لمستودع البن المحمص;Rosted Bean Colombi Cauca Washed;6,195.17;26.94;0.00;6,195.17;230.0000;0.00;;636 - مخزون البن المحمص
23 يونيو 2025;Payable Credit Note;MP 2543;سند صرف قهوه محموصه فرع حطين;Rosted Bean Colombi Cauca Washed;(1,015.00);29.00;29.00;(1,015.00);(35.0000);0.00;636 - مخزون البن المحمص;636 - مخزون البن المحمص
24 يونيو 2025;Payable Credit Note;MP 2544;سند صرف قهوه محموصه فرع حطين;Rosted Bean Colombi Cauca Washed;(145.00);29.00;29.00;(145.00);(5.0000);0.00;636 - مخزون البن المحمص;636 - مخزون البن المحمص
25 يونيو 2025;Payable Credit Note;MP 2550;سند صرف قهوه محموصه فرع حطين;Rosted Bean Colombi Cauca Washed;(203.00);29.00;29.00;(203.00);(7.0000);0.00;636 - مخزون البن المحمص;636 - مخزون البن المحمص
26 يونيو 2025;Adjustment;Quantity Decrease;;جرد 25/6;(616.54);25.69;0.00;(616.54);(24.0000);0.00;;636 - مخزون البن المحمص
30 يونيو 2025;Payable Credit Note;MP 2560;سند صرف قهوه محموصه فرع حطين;Rosted Bean Colombi Cauca Washed;(667.00);29.00;29.00;(667.00);(23.0000);0.00;636 - مخزون البن المحمص;636 - مخزون البن المحمص
03 يوليو 2025;Payable Credit Note;MP 2567;سند صرف قهوه محموصه فرع حطين;Rosted Bean Colombi Cauca Washed;(174.00);29.00;29.00;(174.00);(6.0000);0.00;636 - مخزون البن المحمص;636 - مخزون البن المحمص
07 يوليو 2025;Payable Credit Note;MP 2571;سند صرف قهوه محموصه فرع حطين;Rosted Bean Colombi Cauca Washed;(116.00);29.00;29.00;(116.00);(4.0000);0.00;636 - مخزون البن المحمص;636 - مخزون البن المحمص
10 يوليو 2025;Payable Credit Note;MP 2572;سند صرف قهوه محموصه فرع حطين;Rosted Bean Colombi Cauca Washed;(145.00);29.00;29.00;(145.00);(5.0000);0.00;636 - مخزون البن المحمص;636 - مخزون البن المحمص
13 يوليو 2025;Payable Credit Note;MP 2588;سند صرف قهوه محموصه فرع الصحافة;Rosted Bean Colombi Cauca Washed;(290.00);29.00;29.00;(290.00);(10.0000);0.00;636 - مخزون البن المحمص;636 - مخزون البن المحمص
14 يوليو 2025;Payable Credit Note;MP 2589;سند صرف قهوه محموصه فرع حطين;Rosted Bean Colombi Cauca Washed;(145.00);29.00;29.00;(145.00);(5.0000);0.00;636 - مخزون البن المحمص;636 - مخزون البن المحمص
20 يوليو 2025;Payable Credit Note;MP 2592;سند صرف قهوه محموصه فرع حطين;Rosted Bean Colombi Cauca Washed;(174.00);29.00;29.00;(174.00);(6.0000);0.00;636 - مخزون البن المحمص;636 - مخزون البن المحمص
20 يوليو 2025;Payable Credit Note;MP 2593;سند صرف قهوه محموصه فرع التخصصي;Rosted Bean Colombi Cauca Washed;(87.00);29.00;29.00;(87.00);(3.0000);0.00;636 - مخزون البن المحمص;636 - مخزون البن المحمص
20 يوليو 2025;Payable Credit Note;MP 2593;سند صرف قهوه محموصه فرع الصحافة;Rosted Bean Colombi Cauca Washed;(580.00);29.00;29.00;(580.00);(20.0000);0.00;636 - مخزون البن المحمص;636 - مخزون البن المحمص
23 يوليو 2025;Payable Credit Note;MP 2597;سند صرف قهوه محموصه فرع حطين;Rosted Bean Colombi Cauca Washed;(551.00);29.00;29.00;(551.00);(19.0000);0.00;636 - مخزون البن المحمص;636 - مخزون البن المحمص
23 يوليو 2025;Payable Credit Note;MP 2596;سند صرف قهوه محموصه فرع الصحافة;Rosted Bean Colombi Cauca Washed;(580.00);29.00;29.00;(580.00);(20.0000);0.00;636 - مخزون البن المحمص;636 - مخزون البن المحمص
29 يوليو 2025;Payable Credit Note;MP 2606;سند صرف قهوه محموصه فرع حطين;Rosted Bean Colombi Cauca Washed;(1,015.00);29.00;29.00;(1,015.00);(35.0000);0.00;636 - مخزون البن المحمص;636 - مخزون البن المحمص
01 أغسطس 2025;Payable Credit Note;MP 2613;سند صرف قهوه محموصه فرع واو;Rosted Bean Colombi Cauca Washed;(87.00);29.00;29.00;(87.00);(3.0000);0.00;636 - مخزون البن المحمص;636 - مخزون البن المحمص
01 أغسطس 2025;Payable Credit Note;MP 2612;سند صرف قهوه محموصه فرع الصحافة;Rosted Bean Colombi Cauca Washed;(580.00);29.00;29.00;(580.00);(20.0000);0.00;636 - مخزون البن المحمص;636 - مخزون البن المحمص
01 أغسطس 2025;Payable Credit Note;MP 2613;سند صرف قهوه محموصه فرع حطين;Rosted Bean Colombi Cauca Washed;(464.00);29.00;29.00;(464.00);(16.0000);0.00;636 - مخزون البن المحمص;636 - مخزون البن المحمص
05 أغسطس 2025;Payable Invoice;7219;تحميص وارد لمستودع البن المحمص;Rosted Bean Colombi Cauca Washed;3,353.75;26.83;0.00;3,353.75;125.0000;0.00;;636 - مخزون البن المحمص
07 أغسطس 2025;Payable Invoice;7220;تحميص وارد لمستودع البن المحمص;Rosted Bean Colombi Cauca Washed;1,339.18;26.78;0.00;1,339.18;50.0000;0.00;;636 - مخزون البن المحمص
07 أغسطس 2025;Payable Credit Note;MP 2620;سند صرف قهوه محموصه فرع حطين;Rosted Bean Colombi Cauca Washed;(464.00);29.00;29.00;(464.00);(16.0000);0.00;636 - مخزون البن المحمص;636 - مخزون البن المحمص
07 أغسطس 2025;Payable Credit Note;MP 2619;سند صرف قهوه محموصه فرع رفا;Rosted Bean Colombi Cauca Washed;(290.00);29.00;29.00;(290.00);(10.0000);0.00;636 - مخزون البن المحمص;636 - مخزون البن المحمص
11 أغسطس 2025;Payable Credit Note;MP 2624;سند صرف قهوه محموصه فرع حطين;Rosted Bean Colombi Cauca Washed;(464.00);29.00;29.00;(464.00);(16.0000);0.00;636 - مخزون البن المحمص;636 - مخزون البن المحمص
11 أغسطس 2025;Payable Credit Note;MP 2623;سند صرف قهوه محموصه فرع الصحافة;Rosted Bean Colombi Cauca Washed;(580.00);29.00;29.00;(580.00);(20.0000);0.00;636 - مخزون البن المحمص;636 - مخزون البن المحمص
11 أغسطس 2025;Payable Credit Note;MP 2623;سند صرف قهوه محموصه فرع واو;Rosted Bean Colombi Cauca Washed;(116.00);29.00;29.00;(116.00);(4.0000);0.00;636 - مخزون البن المحمص;636 - مخزون البن المحمص
15 أغسطس 2025;Payable Credit Note;MP 2626;سند صرف قهوه محموصه فرع الصحافة;Rosted Bean Colombi Cauca Washed;(290.00);29.00;29.00;(290.00);(10.0000);0.00;636 - مخزون البن المحمص;636 - مخزون البن المحمص
16 أغسطس 2025;Payable Credit Note;MP 2630;سند صرف قهوه محموصه فرع حطين;Rosted Bean Colombi Cauca Washed;(783.00);29.00;29.00;(783.00);(27.0000);0.00;636 - مخزون البن المحمص;636 - مخزون البن المحمص
18 أغسطس 2025;Payable Invoice;7221;تحميص وارد لمستودع البن المحمص;Rosted Bean Colombi Cauca Washed;9,083.09;27.03;0.00;9,083.09;336.0000;0.00;;636 - مخزون البن المحمص
19 أغسطس 2025;Payable Credit Note;MP 2635;سند صرف قهوه محموصه فرع واو;Rosted Bean Colombi Cauca Washed;(14.50);29.00;29.00;(14.50);(0.5000);0.00;636 - مخزون البن المحمص;636 - مخزون البن المحمص
19 أغسطس 2025;Payable Credit Note;MP 2633;سند صرف قهوه محموصه فرع حطين;Rosted Bean Colombi Cauca Washed;(87.00);29.00;29.00;(87.00);(3.0000);0.00;636 - مخزون البن المحمص;636 - مخزون البن المحمص
19 أغسطس 2025;Payable Credit Note;MP 2637;سند صرف قهوه محموصه فرع التخصصي;Rosted Bean Colombi Cauca Washed;(14.50);29.00;29.00;(14.50);(0.5000);0.00;636 - مخزون البن المحمص;636 - مخزون البن المحمص
19 أغسطس 2025;Payable Credit Note;MP 2634;سند صرف قهوه محموصه فرع رفا;Rosted Bean Colombi Cauca Washed;(29.00);29.00;29.00;(29.00);(1.0000);0.00;636 - مخزون البن المحمص;636 - مخزون البن المحمص
19 أغسطس 2025;Payable Credit Note;MP 2631;سند صرف قهوه محموصه فرع الصحافة;Rosted Bean Colombi Cauca Washed;(580.00);29.00;29.00;(580.00);(20.0000);0.00;636 - مخزون البن المحمص;636 - مخزون البن المحمص
19 أغسطس 2025;Payable Credit Note;MP 2636;سند صرف قهوه محموصه فرع التخصصي;Rosted Bean Colombi Cauca Washed;(58.00);29.00;29.00;(58.00);(2.0000);0.00;636 - مخزون البن المحمص;636 - مخزون البن المحمص
23 أغسطس 2025;Payable Credit Note;MP 2645;سند صرف قهوه محموصه فرع حطين;Rosted Bean Colombi Cauca Washed;(522.00);29.00;29.00;(522.00);(18.0000);0.00;636 - مخزون البن المحمص;636 - مخزون البن المحمص
23 أغسطس 2025;Payable Credit Note;MP 2644;سند صرف قهوه محموصه فرع الصحافة;Rosted Bean Colombi Cauca Washed;(290.00);29.00;29.00;(290.00);(10.0000);0.00;636 - مخزون البن المحمص;636 - مخزون البن المحمص
23 أغسطس 2025;Payable Credit Note;MP 2641;سند صرف قهوه محموصه فرع رفا;Rosted Bean Colombi Cauca Washed;(145.00);29.00;29.00;(145.00);(5.0000);0.00;636 - مخزون البن المحمص;636 - مخزون البن المحمص
24 أغسطس 2025;Payable Credit Note;MP 2646;سند صرف قهوه محموصه فرع الصحافة;Rosted Bean Colombi Cauca Washed;(29.00);29.00;29.00;(29.00);(1.0000);0.00;636 - مخزون البن المحمص;636 - مخزون البن المحمص
26 أغسطس 2025;Payable Credit Note;MP 2649;سند صرف قهوه محموصه فرع الصحافة;Rosted Bean Colombi Cauca Washed;(290.00);29.00;29.00;(290.00);(10.0000);0.00;636 - مخزون البن المحمص;636 - مخزون البن المحمص
31 أغسطس 2025;Payable Credit Note;MP 2653;سند صرف قهوه محموصه فرع واو;Rosted Bean Colombi Cauca Washed;(203.00);29.00;29.00;(203.00);(7.0000);0.00;636 - مخزون البن المحمص;636 - مخزون البن المحمص
31 أغسطس 2025;Payable Credit Note;MP 2652;سند صرف قهوه محموصه فرع التخصصي;Rosted Bean Colombi Cauca Washed;(348.00);29.00;29.00;(348.00);(12.0000);0.00;636 - مخزون البن المحمص;636 - مخزون البن المحمص
31 أغسطس 2025;Payable Credit Note;MP 2657;سند صرف قهوه محموصه فرع حطين;Rosted Bean Colombi Cauca Washed;(203.00);29.00;29.00;(203.00);(7.0000);0.00;636 - مخزون البن المحمص;636 - مخزون البن المحمص
31 أغسطس 2025;Payable Credit Note;MP 2656;سند صرف قهوه محموصه فرع رفا;Rosted Bean Colombi Cauca Washed;(116.00);29.00;29.00;(116.00);(4.0000);0.00;636 - مخزون البن المحمص;636 - مخزون البن المحمص
31 أغسطس 2025;Payable Credit Note;MP 2655;سند صرف قهوه محموصه فرع الصحافة;Rosted Bean Colombi Cauca Washed;(290.00);29.00;29.00;(290.00);(10.0000);0.00;636 - مخزون البن المحمص;636 - مخزون البن المحمص
02 سبتمبر 2025;Payable Credit Note;MP 2659;سند صرف قهوه محموصه فرع التخصصي;Rosted Bean Colombi Cauca Washed;(58.00);29.00;29.00;(58.00);(2.0000);0.00;636 - مخزون البن المحمص;636 - مخزون البن المحمص
02 سبتمبر 2025;Payable Credit Note;MP 2660;سند صرف قهوه محموصه فرع الصحافة;Rosted Bean Colombi Cauca Washed;(435.00);29.00;29.00;(435.00);(15.0000);0.00;636 - مخزون البن المحمص;636 - مخزون البن المحمص
04 سبتمبر 2025;Payable Credit Note;MP 2669;سند صرف قهوه محموصه فرع الصحافة;Rosted Bean Colombi Cauca Washed;(290.00);29.00;29.00;(290.00);(10.0000);0.00;636 - مخزون البن المحمص;636 - مخزون البن المحمص
06 سبتمبر 2025;Payable Credit Note;MP 2667;سند صرف قهوه محموصه فرع حطين;Rosted Bean Colombi Cauca Washed;(870.00);29.00;29.00;(870.00);(30.0000);0.00;636 - مخزون البن المحمص;636 - مخزون البن المحمص
09 سبتمبر 2025;Payable Credit Note;MP 2677;سند صرف قهوه محموصه فرع الصحافة;Rosted Bean Colombi Cauca Washed;(290.00);29.00;29.00;(290.00);(10.0000);0.00;636 - مخزون البن المحمص;636 - مخزون البن المحمص
09 سبتمبر 2025;Payable Credit Note;MP 2674;سند صرف قهوه محموصه فرع رفا;Rosted Bean Colombi Cauca Washed;(116.00);29.00;29.00;(116.00);(4.0000);0.00;636 - مخزون البن المحمص;636 - مخزون البن المحمص
09 سبتمبر 2025;Payable Credit Note;MP 2675;سند صرف قهوه محموصه فرع واو;Rosted Bean Colombi Cauca Washed;(145.00);29.00;29.00;(145.00);(5.0000);0.00;636 - مخزون البن المحمص;636 - مخزون البن المحمص
09 سبتمبر 2025;Payable Credit Note;MP 2676;سند صرف قهوه محموصه فرع التخصصي;Rosted Bean Colombi Cauca Washed;(58.00);29.00;29.00;(58.00);(2.0000);0.00;636 - مخزون البن المحمص;636 - مخزون البن المحمص
14 سبتمبر 2025;Payable Invoice;7223;تحميص وارد لمستودع البن المحمص;Rosted Bean Colombi Cauca Washed;6,777.39;26.89;0.00;6,777.39;252.0000;0.00;;636 - مخزون البن المحمص
14 سبتمبر 2025;Payable Credit Note;MP 2683;سند صرف قهوه محموصه فرع الصحافة;Rosted Bean Colombi Cauca Washed;(87.00);29.00;29.00;(87.00);(3.0000);0.00;636 - مخزون البن المحمص;636 - مخزون البن المحمص
14 سبتمبر 2025;Payable Credit Note;MP 2684;سند صرف قهوه محموصه فرع الصحافة;Rosted Bean Colombi Cauca Washed;(435.00);29.00;29.00;(435.00);(15.0000);0.00;636 - مخزون البن المحمص;636 - مخزون البن المحمص
14 سبتمبر 2025;Payable Credit Note;MP 2686;سند صرف قهوه محموصه فرع رفا;Rosted Bean Colombi Cauca Washed;(58.00);29.00;29.00;(58.00);(2.0000);0.00;636 - مخزون البن المحمص;636 - مخزون البن المحمص
14 سبتمبر 2025;Payable Credit Note;MP 2688;سند صرف قهوه محموصه فرع حطين;Rosted Bean Colombi Cauca Washed 12 كيس;(87.00);29.00;29.00;(87.00);(3.0000);0.00;636 - مخزون البن المحمص;636 - مخزون البن المحمص
14 سبتمبر 2025;Payable Credit Note;MP 2682;سند صرف قهوه محموصه فرع واو;Rosted Bean Colombi Cauca Washed;(14.50);29.00;29.00;(14.50);(0.5000);0.00;636 - مخزون البن المحمص;636 - مخزون البن المحمص
14 سبتمبر 2025;Payable Credit Note;MP 2680;سند صرف قهوه محموصه فرع حطين;Rosted Bean Colombi Cauca Washed;(928.00);29.00;29.00;(928.00);(32.0000);0.00;636 - مخزون البن المحمص;636 - مخزون البن المحمص
15 سبتمبر 2025;Payable Credit Note;MP 2681;سند صرف قهوه محموصه فرع التخصصي;Rosted Bean Colombi Cauca Washed;(29.00);29.00;29.00;(29.00);(1.0000);0.00;636 - مخزون البن المحمص;636 - مخزون البن المحمص
17 سبتمبر 2025;Payable Credit Note;MP 2693;سند صرف قهوه محموصه فرع رفا;Rosted Bean Colombi Cauca Washed;(116.00);29.00;29.00;(116.00);(4.0000);0.00;636 - مخزون البن المحمص;636 - مخزون البن المحمص
20 سبتمبر 2025;Payable Credit Note;MP 2697;سند صرف قهوه محموصه فرع حطين;Rosted Bean Colombi Cauca Washed;(174.00);29.00;29.00;(174.00);(6.0000);0.00;636 - مخزون البن المحمص;636 - مخزون البن المحمص
20 سبتمبر 2025;Payable Credit Note;MP 2695;سند صرف قهوه محموصه فرع الصحافة;Rosted Bean Colombi Cauca Washed;(290.00);29.00;29.00;(290.00);(10.0000);0.00;636 - مخزون البن المحمص;636 - مخزون البن المحمص
28 سبتمبر 2025;Payable Credit Note;MP 2708;سند صرف قهوه محموصه فرع واو;Rosted Bean Colombi Cauca Washed;(58.00);29.00;29.00;(58.00);(2.0000);0.00;636 - مخزون البن المحمص;636 - مخزون البن المحمص
28 سبتمبر 2025;Payable Credit Note;MP 2706;سند صرف قهوه محموصه فرع حطين;Rosted Bean Colombi Cauca Washed;(232.00);29.00;29.00;(232.00);(8.0000);0.00;636 - مخزون البن المحمص;636 - مخزون البن المحمص
28 سبتمبر 2025;Payable Credit Note;MP 2707;سند صرف قهوه محموصه فرع الصحافة;Rosted Bean Colombi Cauca Washed;(290.00);29.00;29.00;(290.00);(10.0000);0.00;636 - مخزون البن المحمص;636 - مخزون البن المحمص
29 سبتمبر 2025;Receivable Invoice;INV-4469;موقع سلة Salla website;Rosted Bean Colombi Cauca Washed;(91.30);23.74;91.30;(23.74);(1.0000);67.56;203 - مبيعات المتجر الكترونى موقع سلة;636 - مخزون البن المحمص
30 سبتمبر 2025;Payable Credit Note;MP 2711;سند صرف قهوه محموصه فرع حطين;Rosted Bean Colombi Cauca Washed;(116.00);29.00;29.00;(116.00);(4.0000);0.00;636 - مخزون البن المحمص;636 - مخزون البن المحمص
30 سبتمبر 2025;Adjustment;Bulk Adjustment;;جرد البن المحمص 30/9;(462.11);23.70;0.00;(462.11);(19.5000);0.00;;636 - مخزون البن المحمص
05 أكتوبر 2025;Payable Credit Note;MP 2720;سند صرف قهوه محموصه فرع حطين;Rosted Bean Colombi Cauca Washed;(58.00);29.00;29.00;(58.00);(2.0000);0.00;636 - مخزون البن المحمص;636 - مخزون البن المحمص
05 أكتوبر 2025;Payable Credit Note;MP 2718;سند صرف قهوه محموصه فرع الصحافة;Rosted Bean Colombi Cauca Washed;(290.00);29.00;29.00;(290.00);(10.0000);0.00;636 - مخزون البن المحمص;636 - مخزون البن المحمص
06 أكتوبر 2025;Payable Credit Note;MP 2722;سند صرف قهوه محموصه فرع التخصصي;Rosted Bean Colombi Cauca Washed;(290.00);29.00;29.00;(290.00);(10.0000);0.00;636 - مخزون البن المحمص;636 - مخزون البن المحمص
07 أكتوبر 2025;Payable Credit Note;MP 2725;سند صرف قهوه محموصه فرع التخصصي;Rosted Bean Colombi Cauca Washed;(29.00);29.00;29.00;(29.00);(1.0000);0.00;636 - مخزون البن المحمص;636 - مخزون البن المحمص
08 أكتوبر 2025;Payable Credit Note;MP 2728;سند صرف قهوه محموصه فرع الصحافة;Rosted Bean Colombi Cauca Washed;(290.00);29.00;29.00;(290.00);(10.0000);0.00;636 - مخزون البن المحمص;636 - مخزون البن المحمص
09 أكتوبر 2025;Payable Credit Note;MP 2730;سند صرف قهوه محموصه فرع التخصصي;Rosted Bean Colombi Cauca Washed;(145.00);29.00;29.00;(145.00);(5.0000);0.00;636 - مخزون البن المحمص;636 - مخزون البن المحمص
09 أكتوبر 2025;Payable Credit Note;MP 2727;سند صرف قهوه محموصه فرع رفا;Rosted Bean Colombi Cauca Washed;(116.00);29.00;29.00;(116.00);(4.0000);0.00;636 - مخزون البن المحمص;636 - مخزون البن المحمص
09 أكتوبر 2025;Payable Credit Note;MP 2726;سند صرف قهوه محموصه فرع حطين;Rosted Bean Colombi Cauca Washed;(261.00);29.00;29.00;(261.00);(9.0000);0.00;636 - مخزون البن المحمص;636 - مخزون البن المحمص
14 أكتوبر 2025;Payable Credit Note;MP 2735;سند صرف قهوه محموصه فرع الصحافة;Rosted Bean Colombi Cauca Washed;(290.00);29.00;29.00;(290.00);(10.0000);0.00;636 - مخزون البن المحمص;636 - مخزون البن المحمص
15 أكتوبر 2025;Payable Credit Note;MP 2738;سند صرف قهوه محموصه فرع الصحافة;Rosted Bean Colombi Cauca Washed;(290.00);29.00;29.00;(290.00);(10.0000);0.00;636 - مخزون البن المحمص;636 - مخزون البن المحمص
16 أكتوبر 2025;Payable Invoice;7226;تحميص وارد لمستودع البن المحمص;Rosted Bean Colombi Cauca Washed;2,841.38;27.06;0.00;2,841.38;105.0000;0.00;;636 - مخزون البن المحمص
20 أكتوبر 2025;Payable Credit Note;MP 2742;سند صرف قهوه محموصه فرع حطين;Rosted Bean Colombi Cauca Washed;(348.00);29.00;29.00;(348.00);(12.0000);0.00;636 - مخزون البن المحمص;636 - مخزون البن المحمص
21 أكتوبر 2025;Payable Credit Note;MP 2747;سند صرف قهوه محموصه فرع الصحافة;Rosted Bean Colombi Cauca Washed;(290.00);29.00;29.00;(290.00);(10.0000);0.00;636 - مخزون البن المحمص;636 - مخزون البن المحمص
26 أكتوبر 2025;Payable Credit Note;MP 2753;سند صرف قهوه محموصه فرع حطين;Rosted Bean Colombi Cauca Washed;(174.00);29.00;29.00;(174.00);(6.0000);0.00;636 - مخزون البن المحمص;636 - مخزون البن المحمص
27 أكتوبر 2025;Payable Credit Note;MP 2755;سند صرف قهوه محموصه فرع رفا;Rosted Bean Colombi Cauca Washed;(87.00);29.00;29.00;(87.00);(3.0000);0.00;636 - مخزون البن المحمص;636 - مخزون البن المحمص
27 أكتوبر 2025;Payable Credit Note;MP 2757;سند صرف قهوه محموصه فرع الصحافة;Rosted Bean Colombi Cauca Washed;(145.00);29.00;29.00;(145.00);(5.0000);0.00;636 - مخزون البن المحمص;636 - مخزون البن المحمص
27 أكتوبر 2025;Payable Credit Note;MP 2754;سند صرف قهوه محموصه فرع حطين;Rosted Bean Colombi Cauca Washed12 كيس;(87.00);29.00;29.00;(87.00);(3.0000);0.00;636 - مخزون البن المحمص;636 - مخزون البن المحمص
29 أكتوبر 2025;Receivable Invoice;INV-4639;شركة كاسب المتحدة المحدودة;Rosted Bean Colombi Cauca Washed;(2,850.00);23.21;57.00;(1,160.57);(50.0000);33.79;202 - مبيعات القهوة المحمصه;636 - مخزون البن المحمص
31 أكتوبر 2025;Payable Credit Note;MP 2762;سند صرف قهوه محموصه فرع الصحافة;Rosted Bean Colombi Cauca Washed;(290.00);29.00;29.00;(290.00);(10.0000);0.00;636 - مخزون البن المحمص;636 - مخزون البن المحمص
31 أكتوبر 2025;Payable Credit Note;MP 2760;سند صرف قهوه محموصه فرع التخصصي;Rosted Bean Colombi Cauca Washed;(203.00);29.00;29.00;(203.00);(7.0000);0.00;636 - مخزون البن المحمص;636 - مخزون البن المحمص
31 أكتوبر 2025;Receivable Invoice;INV-4744;موقع سلة Salla website;Rosted Bean Colombi Cauca Washed;(67.83);20.32;135.66;(10.16);(0.5000);115.34;203 - مبيعات المتجر الكترونى موقع سلة;636 - مخزون البن المحمص
03 نوفمبر 2025;Payable Credit Note;MP 2772;سند صرف قهوه محموصه فرع رفا;Rosted Bean Colombi Cauca Washed;(116.00);29.00;29.00;(116.00);(4.0000);0.00;636 - مخزون البن المحمص;636 - مخزون البن المحمص
03 نوفمبر 2025;Payable Credit Note;MP 2766;سند صرف قهوه محموصه فرع الصحافة;Rosted Bean Colombi Cauca Washed;(87.00);29.00;29.00;(87.00);(3.0000);0.00;636 - مخزون البن المحمص;636 - مخزون البن المحمص
03 نوفمبر 2025;Payable Credit Note;MP 2768;سند صرف قهوه محموصه فرع التخصصي;Rosted Bean Colombi Cauca Washed;(29.00);29.00;29.00;(29.00);(1.0000);0.00;636 - مخزون البن المحمص;636 - مخزون البن المحمص
03 نوفمبر 2025;Payable Credit Note;MP 2767;سند صرف قهوه محموصه فرع رفا;Rosted Bean Colombi Cauca Washed;(29.00);29.00;29.00;(29.00);(1.0000);0.00;636 - مخزون البن المحمص;636 - مخزون البن المحمص
03 نوفمبر 2025;Payable Credit Note;MP 2765;سند صرف قهوه محموصه فرع حطين;Rosted Bean Colombi Cauca Washed;(87.00);29.00;29.00;(87.00);(3.0000);0.00;636 - مخزون البن المحمص;636 - مخزون البن المحمص
03 نوفمبر 2025;Payable Credit Note;MP 2769;سند صرف قهوه محموصه فرع الصحافة;Rosted Bean Colombi Cauca Washed;(290.00);29.00;29.00;(290.00);(10.0000);0.00;636 - مخزون البن المحمص;636 - مخزون البن المحمص
03 نوفمبر 2025;Payable Credit Note;MP 2771;سند صرف قهوه محموصه فرع التخصصي;Rosted Bean Colombi Cauca Washed;(290.00);29.00;29.00;(290.00);(10.0000);0.00;636 - مخزون البن المحمص;636 - مخزون البن المحمص
04 نوفمبر 2025;Payable Credit Note;MP 2774;سند صرف قهوه محموصه فرع حطين;Rosted Bean Colombi Cauca Washed;(290.00);29.00;29.00;(290.00);(10.0000);0.00;636 - مخزون البن المحمص;636 - مخزون البن المحمص
07 نوفمبر 2025;Payable Credit Note;MP 2778;سند صرف قهوه محموصه فرع التخصصي;Rosted Bean Colombi Cauca Washed;(290.00);29.00;29.00;(290.00);(10.0000);0.00;636 - مخزون البن المحمص;636 - مخزون البن المحمص
07 نوفمبر 2025;Payable Credit Note;MP 2779;سند صرف قهوه محموصه فرع حطين;Rosted Bean Colombi Cauca Washed;(87.00);29.00;29.00;(87.00);(3.0000);0.00;636 - مخزون البن المحمص;636 - مخزون البن المحمص
07 نوفمبر 2025;Payable Credit Note;MP 2777;سند صرف قهوه محموصه فرع الصحافة;Rosted Bean Colombi Cauca Washed;(58.00);29.00;29.00;(58.00);(2.0000);0.00;636 - مخزون البن المحمص;636 - مخزون البن المحمص
08 نوفمبر 2025;Payable Credit Note;MP 2780;سند صرف قهوه محموصه فرع الصحافة;Rosted Bean Colombi Cauca Washed;(290.00);29.00;29.00;(290.00);(10.0000);0.00;636 - مخزون البن المحمص;636 - مخزون البن المحمص
11 نوفمبر 2025;Payable Credit Note;MP 2790;سند صرف قهوه محموصه فرع حطين;Rosted Bean Colombi Cauca Washed;(145.00);29.00;29.00;(145.00);(5.0000);0.00;636 - مخزون البن المحمص;636 - مخزون البن المحمص
11 نوفمبر 2025;Payable Credit Note;MP 2789;سند صرف قهوه محموصه فرع حطين;Rosted Bean Colombi Cauca Washed;(435.00);29.00;29.00;(435.00);(15.0000);0.00;636 - مخزون البن المحمص;636 - مخزون البن المحمص
11 نوفمبر 2025;Payable Credit Note;MP 2788;سند صرف قهوه محموصه فرع التخصصي;Rosted Bean Colombi Cauca Washed;(58.00);29.00;29.00;(58.00);(2.0000);0.00;636 - مخزون البن المحمص;636 - مخزون البن المحمص
11 نوفمبر 2025;Payable Credit Note;MP 2788;سند صرف قهوه محموصه فرع التخصصي;Rosted Bean Colombi Cauca Washed;(29.00);29.00;29.00;(29.00);(1.0000);0.00;636 - مخزون البن المحمص;636 - مخزون البن المحمص
12 نوفمبر 2025;Payable Credit Note;MP 2793;سند صرف قهوه محموصه فرع الصحافة;Rosted Bean Colombi Cauca Washed;(435.00);29.00;29.00;(435.00);(15.0000);0.00;636 - مخزون البن المحمص;636 - مخزون البن المحمص
12 نوفمبر 2025;Payable Credit Note;MP 2792;سند صرف قهوه محموصه فرع التخصصي;Rosted Bean Colombi Cauca Washed;(145.00);29.00;29.00;(145.00);(5.0000);0.00;636 - مخزون البن المحمص;636 - مخزون البن المحمص
12 نوفمبر 2025;Payable Credit Note;MP 2795;سند صرف قهوه محموصه فرع التخصصي;Rosted Bean Colombi Cauca Washed;(58.00);29.00;29.00;(58.00);(2.0000);0.00;636 - مخزون البن المحمص;636 - مخزون البن المحمص
13 نوفمبر 2025;Payable Credit Note;MP 2797;سند صرف قهوه محموصه فرع الصحافة;Rosted Bean Colombi Cauca Washed;(87.00);29.00;29.00;(87.00);(3.0000);0.00;636 - مخزون البن المحمص;636 - مخزون البن المحمص
13 نوفمبر 2025;Payable Credit Note;MP 2797;سند صرف قهوه محموصه فرع الصحافة;Rosted Bean Colombi Cauca Washed 8كيس;(58.00);29.00;29.00;(58.00);(2.0000);0.00;636 - مخزون البن المحمص;636 - مخزون البن المحمص
16 نوفمبر 2025;Payable Credit Note;MP 2800;سند صرف قهوه محموصه فرع التخصصي;Rosted Bean Colombi Cauca Washed;(203.00);29.00;29.00;(203.00);(7.0000);0.00;636 - مخزون البن المحمص;636 - مخزون البن المحمص
16 نوفمبر 2025;Payable Credit Note;MP 2799;سند صرف قهوه محموصه فرع الصحافة;Rosted Bean Colombi Cauca Washed;(145.00);29.00;29.00;(145.00);(5.0000);0.00;636 - مخزون البن المحمص;636 - مخزون البن المحمص
18 نوفمبر 2025;Payable Credit Note;MP 2802;سند صرف قهوه محموصه فرع الصحافة;Rosted Bean Colombi Cauca Washed12كيس;(87.00);29.00;29.00;(87.00);(3.0000);0.00;636 - مخزون البن المحمص;636 - مخزون البن المحمص
18 نوفمبر 2025;Payable Credit Note;MP 2801;سند صرف قهوه محموصه فرع حطين;Rosted Bean Colombi Cauca Washed;(290.00);29.00;29.00;(290.00);(10.0000);0.00;636 - مخزون البن المحمص;636 - مخزون البن المحمص
18 نوفمبر 2025;Payable Credit Note;MP 2806;سند صرف قهوه محموصه فرع التخصصي;Rosted Bean Colombi Cauca Washed;(290.00);29.00;29.00;(290.00);(10.0000);0.00;636 - مخزون البن المحمص;636 - مخزون البن المحمص
18 نوفمبر 2025;Payable Credit Note;MP 2806;سند صرف قهوه محموصه فرع التخصصي;Rosted Bean Colombi Cauca Washed 12 كيس;(87.00);29.00;29.00;(87.00);(3.0000);0.00;636 - مخزون البن المحمص;636 - مخزون البن المحمص
21 نوفمبر 2025;Payable Credit Note;MP 2813;سند صرف قهوه محموصه فرع الصحافة;Rosted Bean Colombi Cauca Washed;(435.00);29.00;29.00;(435.00);(15.0000);0.00;636 - مخزون البن المحمص;636 - مخزون البن المحمص
21 نوفمبر 2025;Payable Credit Note;MP 2811;سند صرف قهوه محموصه فرع التخصصي;Rosted Bean Colombi Cauca Washed;(174.00);29.00;29.00;(174.00);(6.0000);0.00;636 - مخزون البن المحمص;636 - مخزون البن المحمص
21 نوفمبر 2025;Payable Credit Note;MP 2811;سند صرف قهوه محموصه فرع التخصصي;Rosted Bean Colombi Cauca Washed 8كيس;(58.00);29.00;29.00;(58.00);(2.0000);0.00;636 - مخزون البن المحمص;636 - مخزون البن المحمص
21 نوفمبر 2025;Payable Credit Note;MP 2809;سند صرف قهوه محموصه فرع حطين;Rosted Bean Colombi Cauca Washed;(377.00);29.00;29.00;(377.00);(13.0000);0.00;636 - مخزون البن المحمص;636 - مخزون البن المحمص
21 نوفمبر 2025;Payable Credit Note;MP 2815;سند صرف قهوه محموصه فرع رفا;Rosted Bean Colombi Cauca Washed;(29.00);29.00;29.00;(29.00);(1.0000);0.00;636 - مخزون البن المحمص;636 - مخزون البن المحمص
23 نوفمبر 2025;Payable Credit Note;MP 2818;سند صرف قهوه محموصه فرع التخصصي;Rosted Bean Colombi Cauca Washed;(58.00);29.00;29.00;(58.00);(2.0000);0.00;636 - مخزون البن المحمص;636 - مخزون البن المحمص
23 نوفمبر 2025;Payable Credit Note;MP 2818;سند صرف قهوه محموصه فرع التخصصي;Rosted Bean Colombi Cauca Washed 4 كيس;(29.00);29.00;29.00;(29.00);(1.0000);0.00;636 - مخزون البن المحمص;636 - مخزون البن المحمص
23 نوفمبر 2025;Payable Credit Note;MP 2817;سند صرف قهوه محموصه فرع الصحافة;Rosted Bean Colombi Cauca Washed;(290.00);29.00;29.00;(290.00);(10.0000);0.00;636 - مخزون البن المحمص;636 - مخزون البن المحمص
24 نوفمبر 2025;Payable Credit Note;MP 2819;سند صرف قهوه محموصه فرع الصحافة;Rosted Bean Colombi Cauca Washed;(290.00);29.00;29.00;(290.00);(10.0000);0.00;636 - مخزون البن المحمص;636 - مخزون البن المحمص
25 نوفمبر 2025;Payable Credit Note;MP 2826;سند صرف قهوه محموصه فرع رفا;Rosted Bean Colombi Cauca Washed;(58.00);29.00;29.00;(58.00);(2.0000);0.00;636 - مخزون البن المحمص;636 - مخزون البن المحمص
27 نوفمبر 2025;Payable Credit Note;MP 2827;سند صرف قهوه محموصه فرع حطين;Rosted Bean Colombi Cauca Washed;(290.00);29.00;29.00;(290.00);(10.0000);0.00;636 - مخزون البن المحمص;636 - مخزون البن المحمص
27 نوفمبر 2025;Payable Credit Note;MP 2830;سند صرف قهوه محموصه فرع الصحافة;Rosted Bean Colombi Cauca Washed12كيس;(87.00);29.00;29.00;(87.00);(3.0000);0.00;636 - مخزون البن المحمص;636 - مخزون البن المحمص
27 نوفمبر 2025;Payable Credit Note;MP 2829;سند صرف قهوه محموصه فرع حطين;Rosted Bean Colombi Cauca Washed 20 كيس;(145.00);29.00;29.00;(145.00);(5.0000);0.00;636 - مخزون البن المحمص;636 - مخزون البن المحمص
30 نوفمبر 2025;Payable Credit Note;MP 2835;سند صرف قهوه محموصه فرع الصحافة;Rosted Bean Colombi Cauca Washed;(290.00);29.00;29.00;(290.00);(10.0000);0.00;636 - مخزون البن المحمص;636 - مخزون البن المحمص
30 نوفمبر 2025;Payable Credit Note;MP 2835;سند صرف قهوه محموصه فرع الصحافة;Rosted Bean Colombi Cauca Washed 8كيس;(58.00);29.00;29.00;(58.00);(2.0000);0.00;636 - مخزون البن المحمص;636 - مخزون البن المحمص
30 نوفمبر 2025;Payable Credit Note;MP 2837;سند صرف قهوه محموصه فرع التخصصي;Rosted Bean Colombi Cauca Washed;(174.00);29.00;29.00;(174.00);(6.0000);0.00;636 - مخزون البن المحمص;636 - مخزون البن المحمص
30 نوفمبر 2025;Receivable Invoice;INV-4868;موقع سلة Salla website;Rosted Bean Colombi Cauca Washed;(1,323.00);28.29;94.50;(396.02);(14.0000);66.21;203 - مبيعات المتجر الكترونى موقع سلة;636 - مخزون البن المحمص
02 ديسمبر 2025;Payable Credit Note;MP 2843;سند صرف قهوه محموصه فرع رفا;Rosted Bean Colombi Cauca Washed8كيس;(58.00);29.00;29.00;(58.00);(2.0000);0.00;636 - مخزون البن المحمص;636 - مخزون البن المحمص
02 ديسمبر 2025;Payable Credit Note;MP 2839;سند صرف قهوه محموصه فرع الصحافة;Rosted Bean Colombi Cauca Washed;(290.00);29.00;29.00;(290.00);(10.0000);0.00;636 - مخزون البن المحمص;636 - مخزون البن المحمص
02 ديسمبر 2025;Payable Credit Note;MP 2842;سند صرف قهوه محموصه فرع التخصصي;Rosted Bean Colombi Cauca Washed;(145.00);29.00;29.00;(145.00);(5.0000);0.00;636 - مخزون البن المحمص;636 - مخزون البن المحمص
02 ديسمبر 2025;Receivable Invoice;INV-4823;شركة قطرة المحدودة;Rosted Bean Colombi Cauca Washed;(900.00);12.97;90.00;(129.72);(10.0000);77.03;202 - مبيعات القهوة المحمصه;636 - مخزون البن المحمص
02 ديسمبر 2025;Receivable Invoice;INV-4823;شركة قطرة المحدودة;Rosted Bean Colombi Cauca Washed;0.00;12.97;0.00;(38.92);(3.0000);(12.97);;636 - مخزون البن المحمص
04 ديسمبر 2025;Payable Credit Note;MP 2848;سند صرف قهوه محموصه فرع الصحافة;Rosted Bean Colombi Cauca Washed;(290.00);29.00;29.00;(290.00);(10.0000);0.00;636 - مخزون البن المحمص;636 - مخزون البن المحمص
04 ديسمبر 2025;Payable Credit Note;MP 2845;سند صرف قهوه محموصه فرع الصحافة;Rosted Bean Colombi Cauca Washed;(290.00);29.00;29.00;(290.00);(10.0000);0.00;636 - مخزون البن المحمص;636 - مخزون البن المحمص
06 ديسمبر 2025;Payable Credit Note;2851;سند صرف قهوه محموصه فرع حطين;Rosted Bean Colombi Cauca Washed;(377.00);29.00;29.00;(377.00);(13.0000);0.00;636 - مخزون البن المحمص;636 - مخزون البن المحمص
07 ديسمبر 2025;Payable Credit Note;MP 2854;سند صرف قهوه محموصه فرع التخصصي;Rosted Bean Colombi Cauca Washed;(145.00);29.00;29.00;(145.00);(5.0000);0.00;636 - مخزون البن المحمص;636 - مخزون البن المحمص
09 ديسمبر 2025;Payable Credit Note;MP 2856;سند صرف قهوه محموصه فرع الصحافة;Rosted Bean Colombi Cauca Washed;(290.00);29.00;29.00;(290.00);(10.0000);0.00;636 - مخزون البن المحمص;636 - مخزون البن المحمص
09 ديسمبر 2025;Payable Credit Note;MP 2858;سند صرف قهوه محموصه فرع التخصصي;Rosted Bean Colombi Cauca Washed;(116.00);29.00;29.00;(116.00);(4.0000);0.00;636 - مخزون البن المحمص;636 - مخزون البن المحمص
10 ديسمبر 2025;Payable Invoice;7232;تحميص وارد لمستودع البن المحمص;Rosted Bean Colombi Cauca Washed;1,420.69;27.32;0.00;1,420.69;52.0000;0.00;;636 - مخزون البن المحمص
10 ديسمبر 2025;Adjustment;Revaluation;;اعادة تقييم;2,235.86;0.00;0.00;2,235.86;0.0000;0.00;;636 - مخزون البن المحمص
12 ديسمبر 2025;Payable Credit Note;MP 2859;سند صرف قهوه محموصه فرع الصحافة;Rosted Bean Colombi Cauca Washed;(435.00);29.00;29.00;(435.00);(15.0000);0.00;636 - مخزون البن المحمص;636 - مخزون البن المحمص
13 ديسمبر 2025;Payable Credit Note;MP 2863;سند صرف قهوه محموصه فرع حطين;Rosted Bean Colombi Cauca Washed;(290.00);29.00;29.00;(290.00);(10.0000);0.00;636 - مخزون البن المحمص;636 - مخزون البن المحمص
13 ديسمبر 2025;Payable Credit Note;MP 2864;سند صرف قهوه محموصه فرع رفا;Rosted Bean Colombi Cauca Washed;(87.00);29.00;29.00;(87.00);(3.0000);0.00;636 - مخزون البن المحمص;636 - مخزون البن المحمص
16 ديسمبر 2025;Payable Credit Note;MP 2868;سند صرف قهوه محموصه فرع الصحافة;Rosted Bean Colombi Cauca Washed;(290.00);29.00;29.00;(290.00);(10.0000);0.00;636 - مخزون البن المحمص;636 - مخزون البن المحمص
18 ديسمبر 2025;Payable Credit Note;MP 2870;سند صرف قهوه محموصه فرع رفا;Rosted Bean Colombi Cauca Washed;(87.00);29.00;29.00;(87.00);(3.0000);0.00;636 - مخزون البن المحمص;636 - مخزون البن المحمص
18 ديسمبر 2025;Payable Invoice;7233;تحميص وارد لمستودع البن المحمص;Rosted Bean Colombi Cauca Washed;1,141.21;27.17;0.00;1,141.21;42.0000;0.00;;636 - مخزون البن المحمص
18 ديسمبر 2025;Payable Credit Note;MP 2871;سند صرف قهوه محموصه فرع التخصصي;Rosted Bean Colombi Cauca Washed;(145.00);29.00;29.00;(145.00);(5.0000);0.00;636 - مخزون البن المحمص;636 - مخزون البن المحمص
18 ديسمبر 2025;Payable Credit Note;MP 2872;سند صرف قهوه محموصه فرع الصحافة;Rosted Bean Colombi Cauca Washed;(290.00);29.00;29.00;(290.00);(10.0000);0.00;636 - مخزون البن المحمص;636 - مخزون البن المحمص
20 ديسمبر 2025;Payable Credit Note;MP 2875;سند صرف قهوه محموصه فرع حطين;Rosted Bean Colombi Cauca Washed;(493.00);29.00;29.00;(493.00);(17.0000);0.00;636 - مخزون البن المحمص;636 - مخزون البن المحمص
22 ديسمبر 2025;Payable Credit Note;MP 2880;سند صرف قهوه محموصه فرع التخصصي;Rosted Bean Colombi Cauca Washed;(116.00);29.00;29.00;(116.00);(4.0000);0.00;636 - مخزون البن المحمص;636 - مخزون البن المحمص
24 ديسمبر 2025;Payable Credit Note;MP 2883;سند صرف قهوه محموصه فرع الصحافة;Rosted Bean Colombi Cauca Washed;(290.00);29.00;29.00;(290.00);(10.0000);0.00;636 - مخزون البن المحمص;636 - مخزون البن المحمص
24 ديسمبر 2025;Payable Credit Note;MP 2884;سند صرف قهوه محموصه فرع التخصصي;Rosted Bean Colombi Cauca Washed;(145.00);29.00;29.00;(145.00);(5.0000);0.00;636 - مخزون البن المحمص;636 - مخزون البن المحمص
24 ديسمبر 2025;Payable Credit Note;MP 2881;سند صرف قهوه محموصه فرع الصحافة;Rosted Bean Colombi Cauca Washed;(290.00);29.00;29.00;(290.00);(10.0000);0.00;636 - مخزون البن المحمص;636 - مخزون البن المحمص
24 ديسمبر 2025;Payable Credit Note;MP 2881;سند صرف قهوه محموصه فرع الصحافة;Rosted Bean Colombi Cauca Washed 4 كيس;(29.00);29.00;29.00;(29.00);(1.0000);0.00;636 - مخزون البن المحمص;636 - مخزون البن المحمص
24 ديسمبر 2025;Payable Invoice;7234;تحميص وارد لمستودع البن المحمص;Rosted Bean Colombi Cauca Washed;1,141.21;27.17;0.00;1,141.21;42.0000;0.00;;636 - مخزون البن المحمص
27 ديسمبر 2025;Payable Credit Note;MP 2887;سند صرف قهوه محموصه فرع الصحافة;Rosted Bean Colombi Cauca Washed;(145.00);29.00;29.00;(145.00);(5.0000);0.00;636 - مخزون البن المحمص;636 - مخزون البن المحمص
28 ديسمبر 2025;Payable Credit Note;MP 2889;سند صرف قهوه محموصه فرع حطين;Rosted Bean Colombi Cauca Washed;(435.00);29.00;29.00;(435.00);(15.0000);0.00;636 - مخزون البن المحمص;636 - مخزون البن المحمص
29 ديسمبر 2025;Payable Credit Note;MP 2892;سند صرف قهوه محموصه فرع التخصصي;Rosted Bean Colombi Cauca Washed;(145.00);29.00;29.00;(145.00);(5.0000);0.00;636 - مخزون البن المحمص;636 - مخزون البن المحمص
29 ديسمبر 2025;Payable Credit Note;MP 2893;سند صرف قهوه محموصه فرع الصحافة;Rosted Bean Colombi Cauca Washed;(580.00);29.00;29.00;(580.00);(20.0000);0.00;636 - مخزون البن المحمص;636 - مخزون البن المحمص
30 ديسمبر 2025;Payable Credit Note;MP 2894;سند صرف قهوه محموصه فرع حطين;Rosted Bean Colombi Cauca Washed;(87.00);29.00;29.00;(87.00);(3.0000);0.00;636 - مخزون البن المحمص;636 - مخزون البن المحمص
31 ديسمبر 2025;Receivable Invoice;INV-5016;موقع سلة Salla website;Rosted Bean Colombi Cauca Washed;(130.44);29.00;130.44;(29.00);(1.0000);101.44;203 - مبيعات المتجر الكترونى موقع سلة;636 - مخزون البن المحمص
31 ديسمبر 2025;Adjustment;Revaluation;;تعديل;230.91;0.00;0.00;230.91;0.0000;0.00;;636 - مخزون البن المحمص
31 ديسمبر 2025;Adjustment;Quantity Increase;;جرد 31/12;855.50;29.00;0.00;855.50;29.5000;0.00;;636 - مخزون البن المحمص
Total RB0037-كولومبى مغسولة محمص - Rosted Bean Colombi Cauca Washed;;;;;(2,364.08);;;2,030.00;70.0000;521.26;;
Closing Balance;;;;;0.00;0.00;0.00;2,030.00;70.0000;0.00;;
;;;;;;;;;;;;
RB004-اوراقا سوبر ناتشورل محمص - Rosted Beans Uraga Super Natural 220;;;;;;;;;;;;
Opening Balance;;;;;0.00;0.00;0.00;0.00;0.0000;0.00;;
15 يناير 2025;Payable Invoice;7201;تحميص وارد لمستودع البن المحمص;Rosted Beans Uraga Super Natural 220;1,011.48;96.33;0.00;1,011.48;10.5000;0.00;;636 - مخزون البن المحمص
20 يناير 2025;Payable Credit Note;MP 2312;سند صرف قهوه محموصه فرع رفا;Rosted Beans Uraga Super Natural 220;(202.00);101.00;101.00;(202.00);(2.0000);0.00;636 - مخزون البن المحمص;636 - مخزون البن المحمص
28 يناير 2025;Payable Invoice;7202;تحميص وارد لمستودع البن المحمص;Rosted Beans Uraga Super Natural 220;3,034.44;97.89;0.00;3,034.44;31.0000;0.00;;636 - مخزون البن المحمص
01 فبراير 2025;Payable Credit Note;MP 2333;سند صرف قهوه محموصه فرع رفا;Rosted Beans Uraga Super Natural 220;(606.00);101.00;101.00;(606.00);(6.0000);0.00;636 - مخزون البن المحمص;636 - مخزون البن المحمص
01 فبراير 2025;Payable Credit Note;MP 2335;سند صرف قهوه محموصه فرع حطين;Rosted Beans Uraga Super Natural 220;(303.00);101.00;101.00;(303.00);(3.0000);0.00;636 - مخزون البن المحمص;636 - مخزون البن المحمص
05 فبراير 2025;Payable Credit Note;MP 2341;سند صرف قهوه محموصه فرع رفا;Rosted Beans Uraga Super Natural 220;(404.00);101.00;101.00;(404.00);(4.0000);0.00;636 - مخزون البن المحمص;636 - مخزون البن المحمص
08 فبراير 2025;Payable Credit Note;MP 2343;سند صرف قهوه محموصه فرع حطين;Rosted Beans Uraga Super Natural 220;(303.00);101.00;101.00;(303.00);(3.0000);0.00;636 - مخزون البن المحمص;636 - مخزون البن المحمص
13 فبراير 2025;Payable Credit Note;MP 2350;سند صرف قهوه محموصه فرع حطين;Rosted Beans Uraga Super Natural 220 8 كيس;(202.00);101.00;101.00;(202.00);(2.0000);0.00;636 - مخزون البن المحمص;636 - مخزون البن المحمص
16 فبراير 2025;Payable Credit Note;MP 2359;سند صرف قهوه محموصه فرع حطين;Rosted Beans Uraga Super Natural 220;(505.00);101.00;101.00;(505.00);(5.0000);0.00;636 - مخزون البن المحمص;636 - مخزون البن المحمص
19 فبراير 2025;Payable Credit Note;MP 2358;سند صرف قهوه محموصه فرع رفا;Rosted Beans Uraga Super Natural 220;(505.00);101.00;101.00;(505.00);(5.0000);0.00;636 - مخزون البن المحمص;636 - مخزون البن المحمص
23 فبراير 2025;Payable Credit Note;MP 2368;سند صرف قهوه محموصه فرع حطين;Rosted Beans Uraga Super Natural 220 16 كيس;(404.00);101.00;101.00;(404.00);(4.0000);0.00;636 - مخزون البن المحمص;636 - مخزون البن المحمص
23 فبراير 2025;Payable Credit Note;MP 2366;سند صرف قهوه محموصه فرع حطين;Rosted Beans Uraga Super Natural 220;(303.00);101.00;101.00;(303.00);(3.0000);0.00;636 - مخزون البن المحمص;636 - مخزون البن المحمص
03 مارس 2025;Payable Credit Note;MP 2380;سند صرف قهوه محموصه فرع حطين;Rosted Beans Uraga Super Natural 220;(303.00);101.00;101.00;(303.00);(3.0000);0.00;636 - مخزون البن المحمص;636 - مخزون البن المحمص
13 مارس 2025;Payable Invoice;7207;تحميص وارد لمستودع البن المحمص;Rosted Beans Uraga Super Natural 220;4,804.53;96.09;0.00;4,804.53;50.0000;0.00;;636 - مخزون البن المحمص
15 مارس 2025;Payable Credit Note;MP 2394;سند صرف قهوه محموصه فرع حطين;Rosted Beans Uraga Super Natural 220;(404.00);101.00;101.00;(404.00);(4.0000);0.00;636 - مخزون البن المحمص;636 - مخزون البن المحمص
31 مارس 2025;Payable Credit Note;MP 2413;سند صرف قهوه محموصه فرع رفا;Rosted Beans Uraga Super Natural 220;(303.00);101.00;101.00;(303.00);(3.0000);0.00;636 - مخزون البن المحمص;636 - مخزون البن المحمص
31 مارس 2025;Adjustment;Quantity Increase;;جرد 29/3;555.50;101.00;0.00;555.50;5.5000;0.00;;636 - مخزون البن المحمص
13 أبريل 2025;Payable Credit Note;MP ;سند صرف قهوه محموصه فرع حطين;Rosted Beans Uraga Super Natural 220;(303.00);101.00;101.00;(303.00);(3.0000);0.00;636 - مخزون البن المحمص;636 - مخزون البن المحمص
20 أبريل 2025;Payable Credit Note;MP 2444;سند صرف قهوه محموصه فرع حطين;Rosted Beans Uraga Super Natural 220;(606.00);101.00;101.00;(606.00);(6.0000);0.00;636 - مخزون البن المحمص;636 - مخزون البن المحمص
20 أبريل 2025;Payable Credit Note;MP 2442;سند صرف قهوه محموصه فرع رفا;Rosted Beans Uraga Super Natural 220 8 كيس;(202.00);101.00;101.00;(202.00);(2.0000);0.00;636 - مخزون البن المحمص;636 - مخزون البن المحمص
20 أبريل 2025;Payable Credit Note;MP 2443;سند صرف قهوه محموصه فرع واو;Rosted Beans Uraga Super Natural 220;(101.00);101.00;101.00;(101.00);(1.0000);0.00;636 - مخزون البن المحمص;636 - مخزون البن المحمص
03 مايو 2025;Payable Credit Note;MP 2456;سند صرف قهوه محموصه فرع حطين;Rosted Beans Uraga Super Natural 220;(1,111.00);101.00;101.00;(1,111.00);(11.0000);0.00;636 - مخزون البن المحمص;636 - مخزون البن المحمص
03 مايو 2025;Payable Credit Note;MP 2456;سند صرف قهوه محموصه فرع حطين;Rosted Beans Uraga Super Natural 220 28 كيس;(707.00);101.00;101.00;(707.00);(7.0000);0.00;636 - مخزون البن المحمص;636 - مخزون البن المحمص
17 مايو 2025;Payable Credit Note;MP 2483;سند صرف قهوه محموصه فرع حطين;Rosted Beans Uraga Super Natural 220;(1,515.00);101.00;101.00;(1,515.00);(15.0000);0.00;636 - مخزون البن المحمص;636 - مخزون البن المحمص
24 مايو 2025;Payable Credit Note;MP 2497;سند صرف قهوه محموصه فرع حطين;Rosted Beans Uraga Super Natural 220;(102.56);22.79;22.79;(102.56);(4.5000);0.00;636 - مخزون البن المحمص;636 - مخزون البن المحمص
26 يونيو 2025;Adjustment;Quantity Decrease;;جرد25/6;(11.39);22.78;0.00;(11.39);(0.5000);0.00;;636 - مخزون البن المحمص
04 سبتمبر 2025;Payable Invoice;7222;تحميص وارد لمستودع البن المحمص;Rosted Beans Uraga Super Natural 220;2,006.10;95.53;0.00;2,006.10;21.0000;0.00;;636 - مخزون البن المحمص
06 سبتمبر 2025;Payable Credit Note;MP 2667;سند صرف قهوه محموصه فرع حطين;Rosted Beans Uraga Super Natural 220    40 كيس;(1,010.00);101.00;101.00;(1,010.00);(10.0000);0.00;636 - مخزون البن المحمص;636 - مخزون البن المحمص
14 سبتمبر 2025;Payable Credit Note;MP 2680;عينات القهوة المحمصة;Rosted Beans Uraga Super Natural 220 تميم;(606.00);101.00;101.00;(606.00);(6.0000);0.00;636 - مخزون البن المحمص;636 - مخزون البن المحمص
30 سبتمبر 2025;Adjustment;Bulk Adjustment;;جرد البن المحمص 30/9;(156.04);78.02;0.00;(156.04);(2.0000);0.00;;636 - مخزون البن المحمص
Total RB004-اوراقا سوبر ناتشورل محمص - Rosted Beans Uraga Super Natural 220;;;;;234.06;;;234.06;3.0000;0.00;;
Closing Balance;;;;;0.00;0.00;0.00;234.06;3.0000;0.00;;
;;;;;;;;;;;;
RB00466-كولمبي سودان رومى - ExoticYellow Sudan Rume Natural Felipe Arcila CO24;;;;;;;;;;;;
Opening Balance;;;;;0.00;0.00;0.00;0.00;0.0000;0.00;;
04 يونيو 2025;Payable Invoice;7215;تحميص وارد لمستودع البن المحمص;ExoticYellow Sudan Rume Natural Felipe Arcila CO24;1,501.50;300.30;0.00;1,501.50;5.0000;0.00;;636 - مخزون البن المحمص
15 يونيو 2025;Payable Credit Note;MP 2531;عينات القهوة المحمصة;ExoticYellow Sudan Rume Natural Felipe Arcila CO24 8 كيس;(600.60);300.30;300.30;(600.60);(2.0000);0.00;636 - مخزون البن المحمص;636 - مخزون البن المحمص
30 سبتمبر 2025;Adjustment;Bulk Adjustment;;جرد البن المحمص 30/9;(900.90);300.30;0.00;(900.90);(3.0000);0.00;;636 - مخزون البن المحمص
Total RB00466-كولمبي سودان رومى - ExoticYellow Sudan Rume Natural Felipe Arcila CO24;;;;;0.00;;;0.00;0.0000;0.00;;
Closing Balance;;;;;0.00;0.00;0.00;0.00;0.0000;0.00;;
;;;;;;;;;;;;
RB0145- نانسيبو سيدامو محمص - NANSIBO Sidamo coffee roasted (1Kg);;;;;;;;;;;;
Opening Balance;;;;;0.00;0.00;0.00;2,553.13;67.0000;0.00;;
01 يناير 2025;Payable Credit Note;MP 2285;سند صرف قهوه محموصه فرع الصحافة;NANSIBO Sidamo coffee roasted (1Kg);(117.00);39.00;39.00;(117.00);(3.0000);0.00;636 - مخزون البن المحمص;636 - مخزون البن المحمص
01 يناير 2025;Payable Credit Note;MP 2286;سند صرف قهوه محموصه فرع الصحافة;NANSIBO Sidamo coffee roasted (1Kg) 4 كيس;(39.00);39.00;39.00;(39.00);(1.0000);0.00;636 - مخزون البن المحمص;636 - مخزون البن المحمص
02 يناير 2025;Payable Credit Note;MP 2289;سند صرف قهوه محموصه فرع حطين;NANSIBO Sidamo coffee roasted (1Kg);(273.00);39.00;39.00;(273.00);(7.0000);0.00;636 - مخزون البن المحمص;636 - مخزون البن المحمص
02 يناير 2025;Payable Credit Note;MP 2290;سند صرف قهوه محموصه فرع حطين;NANSIBO Sidamo coffee roasted (1Kg) 6 كيس;(58.50);39.00;39.00;(58.50);(1.5000);0.00;636 - مخزون البن المحمص;636 - مخزون البن المحمص
05 يناير 2025;Payable Credit Note;MP 2293;سند صرف قهوه محموصه فرع رفا;NANSIBO Sidamo coffee roasted (1Kg);(312.00);39.00;39.00;(312.00);(8.0000);0.00;636 - مخزون البن المحمص;636 - مخزون البن المحمص
05 يناير 2025;Payable Credit Note;MP 2291;سند صرف قهوه محموصه فرع واو;NANSIBO Sidamo coffee roasted (1Kg);(39.00);39.00;39.00;(39.00);(1.0000);0.00;636 - مخزون البن المحمص;636 - مخزون البن المحمص
06 يناير 2025;Payable Credit Note;MP 2294;سند صرف قهوه محموصه فرع الصحافة;NANSIBO Sidamo coffee roasted (1Kg);(156.00);39.00;39.00;(156.00);(4.0000);0.00;636 - مخزون البن المحمص;636 - مخزون البن المحمص
06 يناير 2025;Payable Credit Note;MP 2295;سند صرف قهوه محموصه فرع التخصصي;NANSIBO Sidamo coffee roasted (1Kg);(78.00);39.00;39.00;(78.00);(2.0000);0.00;636 - مخزون البن المحمص;636 - مخزون البن المحمص
06 يناير 2025;Payable Credit Note;MP 2295;سند صرف قهوه محموصه فرع التخصصي;NANSIBO Sidamo coffee roasted (1Kg) 6 كيس;(58.50);39.00;39.00;(58.50);(1.5000);0.00;636 - مخزون البن المحمص;636 - مخزون البن المحمص
11 يناير 2025;Payable Credit Note;MP 2299;سند صرف قهوه محموصه فرع حطين;NANSIBO Sidamo coffee roasted (1Kg);(741.00);39.00;39.00;(741.00);(19.0000);0.00;636 - مخزون البن المحمص;636 - مخزون البن المحمص
11 يناير 2025;Payable Credit Note;MP 2298;سند صرف قهوه محموصه فرع الصحافة;NANSIBO Sidamo coffee roasted (1Kg);(312.00);39.00;39.00;(312.00);(8.0000);0.00;636 - مخزون البن المحمص;636 - مخزون البن المحمص
15 يناير 2025;Payable Invoice;7200;تحميص وارد لمستودع البن المحمص;NANSIBO Sidamo coffee roasted (1Kg);7,832.41;37.30;0.00;7,832.41;210.0000;0.00;;636 - مخزون البن المحمص
15 يناير 2025;Payable Credit Note;MP 2301;سند صرف قهوه محموصه فرع الصحافة;NANSIBO Sidamo coffee roasted (1Kg);(195.00);39.00;39.00;(195.00);(5.0000);0.00;636 - مخزون البن المحمص;636 - مخزون البن المحمص
16 يناير 2025;Receivable Invoice;INV-3033;مؤسسة مكيث لتقديم المشروبات;NANSIBO Sidamo  coffee roasted;(6,320.00);37.07;63.20;(3,706.73);(100.0000);26.13;202 - مبيعات القهوة المحمصه;636 - مخزون البن المحمص
18 يناير 2025;Payable Credit Note;MP 2310;سند صرف قهوه محموصه فرع حطين;NANSIBO Sidamo coffee roasted (1Kg);(390.00);39.00;39.00;(390.00);(10.0000);0.00;636 - مخزون البن المحمص;636 - مخزون البن المحمص
18 يناير 2025;Payable Credit Note;MP 2308;سند صرف قهوه محموصه فرع التخصصي;NANSIBO Sidamo coffee roasted (1Kg);(78.00);39.00;39.00;(78.00);(2.0000);0.00;636 - مخزون البن المحمص;636 - مخزون البن المحمص
18 يناير 2025;Payable Credit Note;MP 2307;سند صرف قهوه محموصه فرع الصحافة;NANSIBO Sidamo coffee roasted (1Kg);(195.00);39.00;39.00;(195.00);(5.0000);0.00;636 - مخزون البن المحمص;636 - مخزون البن المحمص
20 يناير 2025;Payable Credit Note;MP 2312;سند صرف قهوه محموصه فرع رفا;NANSIBO Sidamo coffee roasted (1Kg);(234.00);39.00;39.00;(234.00);(6.0000);0.00;636 - مخزون البن المحمص;636 - مخزون البن المحمص
23 يناير 2025;Payable Credit Note;MP 2316;سند صرف قهوه محموصه فرع حطين;NANSIBO Sidamo coffee roasted (1Kg);(117.00);39.00;39.00;(117.00);(3.0000);0.00;636 - مخزون البن المحمص;636 - مخزون البن المحمص
23 يناير 2025;Payable Credit Note;MP 2314;سند صرف قهوه محموصه فرع الصحافة;NANSIBO Sidamo coffee roasted (1Kg);(390.00);39.00;39.00;(390.00);(10.0000);0.00;636 - مخزون البن المحمص;636 - مخزون البن المحمص
23 يناير 2025;Payable Credit Note;MP 2314;سند صرف قهوه محموصه فرع الصحافة;NANSIBO Sidamo coffee roasted (1Kg) 2 كيس;(19.50);39.00;39.00;(19.50);(0.5000);0.00;636 - مخزون البن المحمص;636 - مخزون البن المحمص
28 يناير 2025;Payable Invoice;7202;تحميص وارد لمستودع البن المحمص;NANSIBO Sidamo coffee roasted (1Kg);7,062.00;37.37;0.00;7,062.00;189.0000;0.00;;636 - مخزون البن المحمص
28 يناير 2025;Receivable Invoice;INV-3098;مؤسسة مكيث لتقديم المشروبات;NANSIBO Sidamo  coffee roasted;(7,900.00);37.01;79.00;(3,701.42);(100.0000);41.99;202 - مبيعات القهوة المحمصه;636 - مخزون البن المحمص
29 يناير 2025;Payable Credit Note;MP 2328;سند صرف قهوه محموصه فرع الصحافة;NANSIBO Sidamo coffee roasted (1Kg);(390.00);39.00;39.00;(390.00);(10.0000);0.00;636 - مخزون البن المحمص;636 - مخزون البن المحمص
29 يناير 2025;Payable Credit Note;MP 2328;سند صرف قهوه محموصه فرع الصحافة;NANSIBO Sidamo coffee roasted (1Kg) 4 كيس;(39.00);39.00;39.00;(39.00);(1.0000);0.00;636 - مخزون البن المحمص;636 - مخزون البن المحمص
29 يناير 2025;Payable Credit Note;MP 2329;سند صرف قهوه محموصه فرع حطين;NANSIBO Sidamo coffee roasted (1Kg);(58.50);39.00;39.00;(58.50);(1.5000);0.00;636 - مخزون البن المحمص;636 - مخزون البن المحمص
31 يناير 2025;Receivable Invoice;INV-3179;موقع سلة Salla website;NANSIBO Sidamo  coffee roasted (25-100Kg price 92 /100-500Kg price 82Sr);(430.47);35.72;191.32;(80.37);(2.2500);155.60;203 - مبيعات المتجر الكترونى موقع سلة;636 - مخزون البن المحمص
01 فبراير 2025;Payable Credit Note;MP 2333;سند صرف قهوه محموصه فرع رفا;NANSIBO Sidamo coffee roasted (1Kg);(234.00);39.00;39.00;(234.00);(6.0000);0.00;636 - مخزون البن المحمص;636 - مخزون البن المحمص
03 فبراير 2025;Payable Credit Note;MP 2337;سند صرف قهوه محموصه فرع التخصصي;NANSIBO Sidamo coffee roasted (1Kg);(117.00);39.00;39.00;(117.00);(3.0000);0.00;636 - مخزون البن المحمص;636 - مخزون البن المحمص
03 فبراير 2025;Receivable Invoice;INV-3136;مؤسسة جذل لتقديم المشروبات;NANSIBO Sidamo;(1,700.00);36.71;85.00;(734.16);(20.0000);48.29;202 - مبيعات القهوة المحمصه;636 - مخزون البن المحمص
03 فبراير 2025;Payable Credit Note;MP 2336;سند صرف قهوه محموصه فرع الصحافة;NANSIBO Sidamo coffee roasted (1Kg) 4 كيس;(39.00);39.00;39.00;(39.00);(1.0000);0.00;636 - مخزون البن المحمص;636 - مخزون البن المحمص
05 فبراير 2025;Payable Credit Note;MP 2341;سند صرف قهوه محموصه فرع رفا;NANSIBO Sidamo coffee roasted (1Kg);(390.00);39.00;39.00;(390.00);(10.0000);0.00;636 - مخزون البن المحمص;636 - مخزون البن المحمص
05 فبراير 2025;Payable Credit Note;MP 2340;سند صرف قهوه محموصه فرع الصحافة;NANSIBO Sidamo coffee roasted (1Kg);(390.00);39.00;39.00;(390.00);(10.0000);0.00;636 - مخزون البن المحمص;636 - مخزون البن المحمص
08 فبراير 2025;Payable Credit Note;MP 2343;سند صرف قهوه محموصه فرع حطين;NANSIBO Sidamo coffee roasted (1Kg);(195.00);39.00;39.00;(195.00);(5.0000);0.00;636 - مخزون البن المحمص;636 - مخزون البن المحمص
10 فبراير 2025;Payable Credit Note;MP 2346;سند صرف قهوه محموصه فرع الصحافة;NANSIBO Sidamo coffee roasted (1Kg) 4 كيس;(39.00);39.00;39.00;(39.00);(1.0000);0.00;636 - مخزون البن المحمص;636 - مخزون البن المحمص
10 فبراير 2025;Payable Credit Note;MP 2345;سند صرف قهوه محموصه فرع الصحافة;NANSIBO Sidamo coffee roasted (1Kg);(390.00);39.00;39.00;(390.00);(10.0000);0.00;636 - مخزون البن المحمص;636 - مخزون البن المحمص
11 فبراير 2025;Payable Credit Note;MP 2347;سند صرف قهوه محموصه فرع واو;NANSIBO Sidamo coffee roasted (1Kg);(78.00);39.00;39.00;(78.00);(2.0000);0.00;636 - مخزون البن المحمص;636 - مخزون البن المحمص
12 فبراير 2025;Payable Invoice;7203;تحميص وارد لمستودع البن المحمص;NANSIBO Sidamo coffee roasted (1Kg);7,832.41;37.30;0.00;7,832.41;210.0000;0.00;;636 - مخزون البن المحمص
13 فبراير 2025;Receivable Invoice;INV-3190;مؤسسة مكيث لتقديم المشروبات;NANSIBO Sidamo  coffee roasted;(7,900.00);36.84;79.00;(3,683.95);(100.0000);42.16;202 - مبيعات القهوة المحمصه;636 - مخزون البن المحمص
13 فبراير 2025;Payable Credit Note;MP 2350;سند صرف قهوه محموصه فرع حطين;NANSIBO Sidamo coffee roasted (1Kg) 12 كيس;(117.00);39.00;39.00;(117.00);(3.0000);0.00;636 - مخزون البن المحمص;636 - مخزون البن المحمص
15 فبراير 2025;Payable Credit Note;MP 2356;سند صرف قهوه محموصه فرع واو;NANSIBO Sidamo coffee roasted (1Kg) 4 كيس;(39.00);39.00;39.00;(39.00);(1.0000);0.00;636 - مخزون البن المحمص;636 - مخزون البن المحمص
15 فبراير 2025;Payable Credit Note;MP 2354;سند صرف قهوه محموصه فرع الصحافة;NANSIBO Sidamo coffee roasted (1Kg);(429.00);39.00;39.00;(429.00);(11.0000);0.00;636 - مخزون البن المحمص;636 - مخزون البن المحمص
16 فبراير 2025;Payable Credit Note;MP 2359;سند صرف قهوه محموصه فرع حطين;NANSIBO Sidamo coffee roasted (1Kg);(390.00);39.00;39.00;(390.00);(10.0000);0.00;636 - مخزون البن المحمص;636 - مخزون البن المحمص
23 فبراير 2025;Payable Credit Note;MP 2369;سند صرف قهوه محموصه فرع التخصصي;NANSIBO Sidamo coffee roasted (1Kg) 4 كيس;(39.00);39.00;39.00;(39.00);(1.0000);0.00;636 - مخزون البن المحمص;636 - مخزون البن المحمص
23 فبراير 2025;Payable Credit Note;MP 2368;سند صرف قهوه محموصه فرع حطين;NANSIBO Sidamo coffee roasted (1Kg);(195.00);39.00;39.00;(195.00);(5.0000);0.00;636 - مخزون البن المحمص;636 - مخزون البن المحمص
23 فبراير 2025;Payable Credit Note;MP 2366;سند صرف قهوه محموصه فرع حطين;NANSIBO Sidamo coffee roasted (1Kg);(390.00);39.00;39.00;(390.00);(10.0000);0.00;636 - مخزون البن المحمص;636 - مخزون البن المحمص
23 فبراير 2025;Payable Credit Note;MP 2364;سند صرف قهوه محموصه فرع رفا;NANSIBO Sidamo coffee roasted (1Kg);(390.00);39.00;39.00;(390.00);(10.0000);0.00;636 - مخزون البن المحمص;636 - مخزون البن المحمص
25 فبراير 2025;Payable Credit Note;MP 2371;سند صرف قهوه محموصه فرع الصحافة;NANSIBO Sidamo coffee roasted (1Kg) 4 كيس;(39.00);39.00;39.00;(39.00);(1.0000);0.00;636 - مخزون البن المحمص;636 - مخزون البن المحمص
25 فبراير 2025;Payable Credit Note;MP 2374;سند صرف قهوه محموصه فرع واو;NANSIBO Sidamo coffee roasted (1Kg) 1 كيس;(9.75);39.00;39.00;(9.75);(0.2500);0.00;636 - مخزون البن المحمص;636 - مخزون البن المحمص
26 فبراير 2025;Payable Invoice;7205;تحميص وارد لمستودع البن المحمص;NANSIBO Sidamo coffee roasted (1Kg) قهوة سعودية;240.75;37.04;0.00;240.75;6.5000;0.00;;636 - مخزون البن المحمص
26 فبراير 2025;Payable Invoice;7205;تحميص وارد لمستودع البن المحمص;NANSIBO Sidamo coffee roasted (1Kg);3,531.00;37.17;0.00;3,531.00;95.0000;0.00;;636 - مخزون البن المحمص
26 فبراير 2025;Payable Credit Note;MP 2375;سند صرف قهوه محموصه فرع التخصصي;NANSIBO Sidamo coffee roasted (1Kg);(78.00);39.00;39.00;(78.00);(2.0000);0.00;636 - مخزون البن المحمص;636 - مخزون البن المحمص
26 فبراير 2025;Payable Credit Note;RB 7205;عينات القهوة المحمصة;NANSIBO Sidamo coffee roasted (1Kg) عينان قهوه ل والدة تميم من ستد تحميص رقم 7205;(253.50);39.00;39.00;(253.50);(6.5000);0.00;636 - مخزون البن المحمص;636 - مخزون البن المحمص
28 فبراير 2025;Payable Credit Note;MP 2377;سند صرف قهوه محموصه فرع الصحافة;NANSIBO Sidamo coffee roasted (1Kg);(390.00);39.00;39.00;(390.00);(10.0000);0.00;636 - مخزون البن المحمص;636 - مخزون البن المحمص
28 فبراير 2025;Payable Credit Note;MP 2377;سند صرف قهوه محموصه فرع الصحافة;NANSIBO Sidamo coffee roasted (1Kg) 4 كيس;(39.00);39.00;39.00;(39.00);(1.0000);0.00;636 - مخزون البن المحمص;636 - مخزون البن المحمص
01 مارس 2025;Receivable Invoice;INV-3285;مؤسسة مكيث لتقديم المشروبات;NANSIBO Sidamo  coffee roasted;(7,900.00);36.42;79.00;(3,642.21);(100.0000);42.58;202 - مبيعات القهوة المحمصه;636 - مخزون البن المحمص
03 مارس 2025;Payable Credit Note;MP 2380;سند صرف قهوه محموصه فرع حطين;NANSIBO Sidamo coffee roasted (1Kg);(585.00);39.00;39.00;(585.00);(15.0000);0.00;636 - مخزون البن المحمص;636 - مخزون البن المحمص
06 مارس 2025;Payable Credit Note;MP 2384;سند صرف قهوه محموصه فرع الصحافة;NANSIBO Sidamo coffee roasted (1Kg);(390.00);39.00;39.00;(390.00);(10.0000);0.00;636 - مخزون البن المحمص;636 - مخزون البن المحمص
11 مارس 2025;Payable Credit Note;MP 2389;سند صرف قهوه محموصه فرع واو;NANSIBO Sidamo coffee roasted (1Kg) 2 كيس;(19.50);39.00;39.00;(19.50);(0.5000);0.00;636 - مخزون البن المحمص;636 - مخزون البن المحمص
11 مارس 2025;Payable Credit Note;MP 2390;سند صرف قهوه محموصه فرع رفا;NANSIBO Sidamo coffee roasted (1Kg);(195.00);39.00;39.00;(195.00);(5.0000);0.00;636 - مخزون البن المحمص;636 - مخزون البن المحمص
11 مارس 2025;Receivable Invoice;INV-3342;مؤسسة جذل لتقديم المشروبات;NANSIBO Sidamo;(1,700.00);35.50;85.00;(709.97);(20.0000);49.50;202 - مبيعات القهوة المحمصه;636 - مخزون البن المحمص
13 مارس 2025;Payable Invoice;7206;تحميص وارد لمستودع البن المحمص;NANSIBO Sidamo coffee roasted (1Kg);7,832.39;37.30;0.00;7,832.39;210.0000;0.00;;636 - مخزون البن المحمص
15 مارس 2025;Payable Credit Note;MP 2397;سند صرف قهوه محموصه فرع واو;NANSIBO Sidamo coffee roasted (1Kg);(78.00);39.00;39.00;(78.00);(2.0000);0.00;636 - مخزون البن المحمص;636 - مخزون البن المحمص
15 مارس 2025;Payable Credit Note;MP 2396;سند صرف قهوه محموصه فرع الصحافة;NANSIBO Sidamo coffee roasted (1Kg) 4 كيس;(39.00);39.00;39.00;(39.00);(1.0000);0.00;636 - مخزون البن المحمص;636 - مخزون البن المحمص
15 مارس 2025;Receivable Invoice;INV-3365;مؤسسة مكيث لتقديم المشروبات;NANSIBO Sidamo  coffee roasted;(7,900.00);36.76;79.00;(3,675.63);(100.0000);42.24;202 - مبيعات القهوة المحمصه;636 - مخزون البن المحمص
19 مارس 2025;Payable Credit Note;MP 2400;سند صرف قهوه محموصه فرع الصحافة;NANSIBO Sidamo coffee roasted (1Kg);(390.00);39.00;39.00;(390.00);(10.0000);0.00;636 - مخزون البن المحمص;636 - مخزون البن المحمص
27 مارس 2025;Receivable Invoice;INV-3429;مؤسسة جذل لتقديم المشروبات;NANSIBO Sidamo;(1,700.00);36.59;85.00;(731.73);(20.0000);48.41;202 - مبيعات القهوة المحمصه;636 - مخزون البن المحمص
27 مارس 2025;Payable Credit Note;MP 2409;سند صرف قهوه محموصه فرع الصحافة;NANSIBO Sidamo coffee roasted (1Kg) 4 كيس;(39.00);39.00;39.00;(39.00);(1.0000);0.00;636 - مخزون البن المحمص;636 - مخزون البن المحمص
31 مارس 2025;Receivable Invoice;INV-3605;موقع سلة Salla website;NANSIBO Sidamo  coffee roasted (25-100Kg price 92 /100-500Kg price 82Sr);(215.42);36.70;107.71;(73.40);(2.0000);71.01;203 - مبيعات المتجر الكترونى موقع سلة;636 - مخزون البن المحمص
31 مارس 2025;Payable Credit Note;MP 2413;سند صرف قهوه محموصه فرع رفا;NANSIBO Sidamo coffee roasted (1Kg);(195.00);39.00;39.00;(195.00);(5.0000);0.00;636 - مخزون البن المحمص;636 - مخزون البن المحمص
31 مارس 2025;Payable Credit Note;MP 2415;سند صرف قهوه محموصه فرع الصحافة;NANSIBO Sidamo coffee roasted (1Kg);(390.00);39.00;39.00;(390.00);(10.0000);0.00;636 - مخزون البن المحمص;636 - مخزون البن المحمص
31 مارس 2025;Payable Credit Note;MP 2416;سند صرف قهوه محموصه فرع واو;NANSIBO Sidamo coffee roasted (1Kg);(78.00);39.00;39.00;(78.00);(2.0000);0.00;636 - مخزون البن المحمص;636 - مخزون البن المحمص
31 مارس 2025;Adjustment;Quantity Increase;;جرد 30/3;819.00;39.00;0.00;819.00;21.0000;0.00;;636 - مخزون البن المحمص
07 أبريل 2025;Payable Credit Note;MP 2422;سند صرف قهوه محموصه فرع الصحافة;NANSIBO Sidamo coffee roasted (1Kg);(390.00);39.00;39.00;(390.00);(10.0000);0.00;636 - مخزون البن المحمص;636 - مخزون البن المحمص
10 أبريل 2025;Payable Invoice;7209;تحميص وارد لمستودع البن المحمص;NANSIBO Sidamo coffee roasted (1Kg);3,916.20;37.30;0.00;3,916.20;105.0000;0.00;;636 - مخزون البن المحمص
10 أبريل 2025;Payable Credit Note;MP 2425;سند صرف قهوه محموصه فرع التخصصي;NANSIBO Sidamo coffee roasted (1Kg);(78.00);39.00;39.00;(78.00);(2.0000);0.00;636 - مخزون البن المحمص;636 - مخزون البن المحمص
10 أبريل 2025;Payable Credit Note;MP 2426;سند صرف قهوه محموصه فرع الصحافة;NANSIBO Sidamo coffee roasted (1Kg) 6 كيس;(58.50);39.00;39.00;(58.50);(1.5000);0.00;636 - مخزون البن المحمص;636 - مخزون البن المحمص
13 أبريل 2025;Payable Credit Note;MP 2427;سند صرف قهوه محموصه فرع الصحافة;NANSIBO Sidamo coffee roasted (1Kg);(390.00);39.00;39.00;(390.00);(10.0000);0.00;636 - مخزون البن المحمص;636 - مخزون البن المحمص
13 أبريل 2025;Payable Credit Note;MP 2431;سند صرف قهوه محموصه فرع واو;NANSIBO Sidamo coffee roasted (1Kg);(78.00);39.00;39.00;(78.00);(2.0000);0.00;636 - مخزون البن المحمص;636 - مخزون البن المحمص
13 أبريل 2025;Payable Credit Note;MP 2429;سند صرف قهوه محموصه فرع رفا;NANSIBO Sidamo coffee roasted (1Kg);(195.00);39.00;39.00;(195.00);(5.0000);0.00;636 - مخزون البن المحمص;636 - مخزون البن المحمص
15 أبريل 2025;Receivable Invoice;INV-3533;مؤسسة مكيث لتقديم المشروبات;NANSIBO Sidamo  coffee roasted;(7,900.00);36.62;79.00;(3,662.25);(100.0000);42.38;202 - مبيعات القهوة المحمصه;636 - مخزون البن المحمص
17 أبريل 2025;Payable Credit Note;MP 2437;سند صرف قهوه محموصه فرع رفا;NANSIBO Sidamo coffee roasted (1Kg);(390.00);39.00;39.00;(390.00);(10.0000);0.00;636 - مخزون البن المحمص;636 - مخزون البن المحمص
17 أبريل 2025;Payable Credit Note;MP 2438;سند صرف قهوه محموصه فرع الصحافة;NANSIBO Sidamo coffee roasted (1Kg);(390.00);39.00;39.00;(390.00);(10.0000);0.00;636 - مخزون البن المحمص;636 - مخزون البن المحمص
20 أبريل 2025;Payable Credit Note;MP 2442;سند صرف قهوه محموصه فرع رفا;NANSIBO Sidamo coffee roasted (1Kg) 8 كيس;(78.00);39.00;39.00;(78.00);(2.0000);0.00;636 - مخزون البن المحمص;636 - مخزون البن المحمص
22 أبريل 2025;Payable Invoice;7212;تحميص وارد لمستودع البن المحمص;NANSIBO Sidamo coffee roasted (1Kg);3,916.20;37.30;0.00;3,916.20;105.0000;0.00;;636 - مخزون البن المحمص
25 أبريل 2025;Payable Credit Note;MP 2447;سند صرف قهوه محموصه فرع الصحافة;NANSIBO Sidamo coffee roasted (1Kg) 4 كيس;(39.00);39.00;39.00;(39.00);(1.0000);0.00;636 - مخزون البن المحمص;636 - مخزون البن المحمص
27 أبريل 2025;Payable Credit Note;MP 2452;سند صرف قهوه محموصه فرع واو;NANSIBO Sidamo coffee roasted (1Kg) 2 كيس;(19.50);39.00;39.00;(19.50);(0.5000);0.00;636 - مخزون البن المحمص;636 - مخزون البن المحمص
27 أبريل 2025;Payable Credit Note;MP 2451;سند صرف قهوه محموصه فرع التخصصي;NANSIBO Sidamo coffee roasted (1Kg) 4كيس;(39.00);39.00;39.00;(39.00);(1.0000);0.00;636 - مخزون البن المحمص;636 - مخزون البن المحمص
30 أبريل 2025;Receivable Invoice;INV-3781;موقع سلة Salla website;NANSIBO Sidamo  coffee roasted (25-100Kg price 92 /100-500Kg price 82Sr);(215.42);35.97;107.71;(71.95);(2.0000);71.74;203 - مبيعات المتجر الكترونى موقع سلة;636 - مخزون البن المحمص
01 مايو 2025;Receivable Invoice;INV-3644;مؤسسة مكيث لتقديم المشروبات;NANSIBO Sidamo  coffee roasted;(7,900.00);36.68;79.00;(3,668.23);(100.0000);42.32;202 - مبيعات القهوة المحمصه;636 - مخزون البن المحمص
07 مايو 2025;Payable Credit Note;MP 2465;سند صرف قهوه محموصه فرع الصحافة;NANSIBO Sidamo coffee roasted (1Kg);(390.00);39.00;39.00;(390.00);(10.0000);0.00;636 - مخزون البن المحمص;636 - مخزون البن المحمص
07 مايو 2025;Payable Credit Note;MP 2462;سند صرف قهوه محموصه فرع التخصصي;NANSIBO Sidamo coffee roasted (1Kg);(78.00);39.00;39.00;(78.00);(2.0000);0.00;636 - مخزون البن المحمص;636 - مخزون البن المحمص
11 مايو 2025;Payable Credit Note;MP 2470;سند صرف قهوه محموصه فرع الصحافة;NANSIBO Sidamo coffee roasted (1Kg);(390.00);39.00;39.00;(390.00);(10.0000);0.00;636 - مخزون البن المحمص;636 - مخزون البن المحمص
11 مايو 2025;Payable Credit Note;MP 2470;سند صرف قهوه محموصه فرع الصحافة;NANSIBO Sidamo coffee roasted (1Kg) 4 كيس;(39.00);39.00;39.00;(39.00);(1.0000);0.00;636 - مخزون البن المحمص;636 - مخزون البن المحمص
11 مايو 2025;Payable Credit Note;MP 2472;سند صرف قهوه محموصه فرع رفا;NANSIBO Sidamo coffee roasted (1Kg);(195.00);39.00;39.00;(195.00);(5.0000);0.00;636 - مخزون البن المحمص;636 - مخزون البن المحمص
15 مايو 2025;Receivable Invoice;INV-3721;مؤسسة مكيث لتقديم المشروبات;NANSIBO Sidamo  coffee roasted;(7,900.00);36.84;79.00;(3,683.52);(100.0000);42.16;202 - مبيعات القهوة المحمصه;636 - مخزون البن المحمص
17 مايو 2025;Payable Credit Note;MP 2477;سند صرف قهوه محموصه فرع واو;NANSIBO Sidamo coffee roasted (1Kg);(78.00);39.00;39.00;(78.00);(2.0000);0.00;636 - مخزون البن المحمص;636 - مخزون البن المحمص
17 مايو 2025;Payable Credit Note;MP 2478;سند صرف قهوه محموصه فرع واو;NANSIBO Sidamo coffee roasted (1Kg);(78.00);39.00;39.00;(78.00);(2.0000);0.00;636 - مخزون البن المحمص;636 - مخزون البن المحمص
17 مايو 2025;Payable Credit Note;MP 2480;سند صرف قهوه محموصه فرع الصحافة;NANSIBO Sidamo coffee roasted (1Kg) 4 كيس;(39.00);39.00;39.00;(39.00);(1.0000);0.00;636 - مخزون البن المحمص;636 - مخزون البن المحمص
19 مايو 2025;Payable Invoice;7213;تحميص وارد لمستودع البن المحمص;NANSIBO Sidamo coffee roasted (1Kg);11,322.67;37.12;0.00;11,322.67;305.0000;0.00;;636 - مخزون البن المحمص
20 مايو 2025;Receivable Invoice;INV-3737;مؤسسة جذل لتقديم المشروبات;NANSIBO Sidamo;(1,700.00);36.84;85.00;(736.70);(20.0000);48.16;202 - مبيعات القهوة المحمصه;636 - مخزون البن المحمص
21 مايو 2025;Payable Credit Note;MP 2489;سند صرف قهوه محموصه فرع الصحافة;NANSIBO Sidamo coffee roasted (1Kg);(780.00);39.00;39.00;(780.00);(20.0000);0.00;636 - مخزون البن المحمص;636 - مخزون البن المحمص
21 مايو 2025;Payable Credit Note;MP 2490;سند صرف قهوه محموصه فرع رفا;NANSIBO Sidamo coffee roasted (1Kg);(780.00);39.00;39.00;(780.00);(20.0000);0.00;636 - مخزون البن المحمص;636 - مخزون البن المحمص
24 مايو 2025;Payable Credit Note;MP 2493;سند صرف قهوه محموصه فرع التخصصي;NANSIBO Sidamo coffee roasted (1Kg);(390.00);39.00;39.00;(390.00);(10.0000);0.00;636 - مخزون البن المحمص;636 - مخزون البن المحمص
24 مايو 2025;Payable Credit Note;MP 2492;سند صرف قهوه محموصه فرع الصحافة;NANSIBO Sidamo coffee roasted (1Kg);(936.00);39.00;39.00;(936.00);(24.0000);0.00;636 - مخزون البن المحمص;636 - مخزون البن المحمص
27 مايو 2025;Receivable Invoice;INV-3788;مؤسسة مكيث لتقديم المشروبات;NANSIBO Sidamo  coffee roasted;(14,062.00);35.97;79.00;(6,403.35);(178.0000);43.03;202 - مبيعات القهوة المحمصه;636 - مخزون البن المحمص
31 مايو 2025;Receivable Invoice;INV-3944;موقع سلة Salla website;NANSIBO Sidamo  coffee roasted (25-100Kg price 92 /100-500Kg price 82Sr);(107.71);20.84;107.71;(20.84);(1.0000);86.87;203 - مبيعات المتجر الكترونى موقع سلة;636 - مخزون البن المحمص
31 مايو 2025;Payable Credit Note;MP 2508;سند صرف قهوه محموصه فرع الصحافة;NANSIBO Sidamo coffee roasted (1Kg);(195.00);39.00;39.00;(195.00);(5.0000);0.00;636 - مخزون البن المحمص;636 - مخزون البن المحمص
Total RB0145- نانسيبو سيدامو محمص - NANSIBO Sidamo coffee roasted (1Kg);;;;;(47,017.74);;;(2,553.13);(67.0000);944.57;;
Closing Balance;;;;;0.00;0.00;0.00;0.00;0.0000;0.00;;
;;;;;;;;;;;;
RB0146- اديدو محمص - Idido coffee roasted;;;;;;;;;;;;
Opening Balance;;;;;0.00;0.00;0.00;6,768.61;172.0000;0.00;;
01 يناير 2025;Payable Credit Note;MP 2285;سند صرف قهوه محموصه فرع الصحافة;Idido coffee roasted;(120.00);40.00;40.00;(120.00);(3.0000);0.00;636 - مخزون البن المحمص;636 - مخزون البن المحمص
01 يناير 2025;Payable Credit Note;MP 2286;سند صرف قهوه محموصه فرع الصحافة;Idido coffee roasted 4 كيس;(40.00);40.00;40.00;(40.00);(1.0000);0.00;636 - مخزون البن المحمص;636 - مخزون البن المحمص
02 يناير 2025;Payable Credit Note;MP 2289;سند صرف قهوه محموصه فرع حطين;Idido coffee roasted;(720.00);40.00;40.00;(720.00);(18.0000);0.00;636 - مخزون البن المحمص;636 - مخزون البن المحمص
02 يناير 2025;Payable Credit Note;MP 2290;سند صرف قهوه محموصه فرع حطين;Idido coffee roasted 6 كيس;(60.00);40.00;40.00;(60.00);(1.5000);0.00;636 - مخزون البن المحمص;636 - مخزون البن المحمص
05 يناير 2025;Payable Credit Note;MP 2291;سند صرف قهوه محموصه فرع واو;Idido coffee roasted;(80.00);40.00;40.00;(80.00);(2.0000);0.00;636 - مخزون البن المحمص;636 - مخزون البن المحمص
06 يناير 2025;Payable Credit Note;MP 2294;سند صرف قهوه محموصه فرع الصحافة;Idido coffee roasted;(160.00);40.00;40.00;(160.00);(4.0000);0.00;636 - مخزون البن المحمص;636 - مخزون البن المحمص
06 يناير 2025;Payable Credit Note;MP 2295;سند صرف قهوه محموصه فرع التخصصي;Idido coffee roasted;(80.00);40.00;40.00;(80.00);(2.0000);0.00;636 - مخزون البن المحمص;636 - مخزون البن المحمص
11 يناير 2025;Payable Credit Note;MP 2299;سند صرف قهوه محموصه فرع حطين;Idido coffee roasted;(1,640.00);40.00;40.00;(1,640.00);(41.0000);0.00;636 - مخزون البن المحمص;636 - مخزون البن المحمص
11 يناير 2025;Payable Credit Note;MP 2296;سند صرف قهوه محموصه فرع رفا;Idido coffee roasted;(320.00);40.00;40.00;(320.00);(8.0000);0.00;636 - مخزون البن المحمص;636 - مخزون البن المحمص
11 يناير 2025;Payable Credit Note;MP 2298;سند صرف قهوه محموصه فرع الصحافة;Idido coffee roasted;(320.00);40.00;40.00;(320.00);(8.0000);0.00;636 - مخزون البن المحمص;636 - مخزون البن المحمص
15 يناير 2025;Payable Invoice;7200;تحميص وارد لمستودع البن المحمص;Idido coffee roasted;3,617.90;38.08;0.00;3,617.90;95.0000;0.00;;636 - مخزون البن المحمص
15 يناير 2025;Payable Credit Note;MP 2301;سند صرف قهوه محموصه فرع الصحافة;Idido coffee roasted;(200.00);40.00;40.00;(200.00);(5.0000);0.00;636 - مخزون البن المحمص;636 - مخزون البن المحمص
15 يناير 2025;Payable Credit Note;MP 2304;سند صرف قهوه محموصه فرع رفا;Idido coffee roasted;(200.00);40.00;40.00;(200.00);(5.0000);0.00;636 - مخزون البن المحمص;636 - مخزون البن المحمص
18 يناير 2025;Payable Credit Note;MP 2310;سند صرف قهوه محموصه فرع حطين;Idido coffee roasted;(1,040.00);40.00;40.00;(1,040.00);(26.0000);0.00;636 - مخزون البن المحمص;636 - مخزون البن المحمص
18 يناير 2025;Payable Credit Note;MP 2308;سند صرف قهوه محموصه فرع التخصصي;Idido coffee roasted;(120.00);40.00;40.00;(120.00);(3.0000);0.00;636 - مخزون البن المحمص;636 - مخزون البن المحمص
18 يناير 2025;Payable Credit Note;MP 2307;سند صرف قهوه محموصه فرع الصحافة;Idido coffee roasted;(400.00);40.00;40.00;(400.00);(10.0000);0.00;636 - مخزون البن المحمص;636 - مخزون البن المحمص
19 يناير 2025;Payable Credit Note;MP 2311;سند صرف قهوه محموصه فرع واو;Idido coffee roasted;(80.00);40.00;40.00;(80.00);(2.0000);0.00;636 - مخزون البن المحمص;636 - مخزون البن المحمص
23 يناير 2025;Payable Credit Note;MP 2316;سند صرف قهوه محموصه فرع حطين;Idido coffee roasted 12 كيس;(120.00);40.00;40.00;(120.00);(3.0000);0.00;636 - مخزون البن المحمص;636 - مخزون البن المحمص
23 يناير 2025;Payable Credit Note;MP 2314;سند صرف قهوه محموصه فرع الصحافة;Idido coffee roasted;(400.00);40.00;40.00;(400.00);(10.0000);0.00;636 - مخزون البن المحمص;636 - مخزون البن المحمص
23 يناير 2025;Payable Credit Note;MP 2314;سند صرف قهوه محموصه فرع الصحافة;Idido coffee roasted 2 كيس;(20.00);40.00;40.00;(20.00);(0.5000);0.00;636 - مخزون البن المحمص;636 - مخزون البن المحمص
25 يناير 2025;Payable Credit Note;MP 2322;سند صرف قهوه محموصه فرع الصحافة;Idido coffee roasted;(400.00);40.00;40.00;(400.00);(10.0000);0.00;636 - مخزون البن المحمص;636 - مخزون البن المحمص
25 يناير 2025;Payable Credit Note;MP 2321;سند صرف قهوه محموصه فرع التخصصي;Idido coffee roasted 4 كيس;(40.00);40.00;40.00;(40.00);(1.0000);0.00;636 - مخزون البن المحمص;636 - مخزون البن المحمص
25 يناير 2025;Payable Credit Note;MP 2317;سند صرف قهوه محموصه فرع حطين;Idido coffee roasted;(800.00);40.00;40.00;(800.00);(20.0000);0.00;636 - مخزون البن المحمص;636 - مخزون البن المحمص
28 يناير 2025;Payable Invoice;7202;تحميص وارد لمستودع البن المحمص;Idido coffee roasted;4,045.47;38.53;0.00;4,045.47;105.0000;0.00;;636 - مخزون البن المحمص
28 يناير 2025;Receivable Invoice;INV-3100;مؤسسة الصويا التجارية;Idido coffee roasted;(3,300.00);37.62;110.00;(1,128.51);(30.0000);72.38;202 - مبيعات القهوة المحمصه;636 - مخزون البن المحمص
29 يناير 2025;Payable Credit Note;MP 2328;سند صرف قهوه محموصه فرع الصحافة;Idido coffee roasted;(200.00);40.00;40.00;(200.00);(5.0000);0.00;636 - مخزون البن المحمص;636 - مخزون البن المحمص
29 يناير 2025;Payable Credit Note;MP 2328;سند صرف قهوه محموصه فرع الصحافة;Idido coffee roasted 4 كيس;(40.00);40.00;40.00;(40.00);(1.0000);0.00;636 - مخزون البن المحمص;636 - مخزون البن المحمص
29 يناير 2025;Payable Credit Note;MP 2329;سند صرف قهوه محموصه فرع حطين;Idido coffee roasted;(60.00);40.00;40.00;(60.00);(1.5000);0.00;636 - مخزون البن المحمص;636 - مخزون البن المحمص
31 يناير 2025;Receivable Invoice;INV-3179;موقع سلة Salla website;Idido coffee roasted;(95.66);35.26;191.32;(17.63);(0.5000);156.06;203 - مبيعات المتجر الكترونى موقع سلة;636 - مخزون البن المحمص
31 يناير 2025;Receivable Invoice;INV-3179;موقع سلة Salla website;Idido coffee roasted;(52.17);35.26;208.68;(8.82);(0.2500);173.42;203 - مبيعات المتجر الكترونى موقع سلة;636 - مخزون البن المحمص
01 فبراير 2025;Payable Credit Note;MP 2335;سند صرف قهوه محموصه فرع حطين;Idido coffee roasted;(1,000.00);40.00;40.00;(1,000.00);(25.0000);0.00;636 - مخزون البن المحمص;636 - مخزون البن المحمص
03 فبراير 2025;Payable Credit Note;MP 2337;سند صرف قهوه محموصه فرع التخصصي;Idido coffee roasted;(80.00);40.00;40.00;(80.00);(2.0000);0.00;636 - مخزون البن المحمص;636 - مخزون البن المحمص
03 فبراير 2025;Payable Credit Note;MP 2336;سند صرف قهوه محموصه فرع الصحافة;Idido coffee roasted 4 كيس;(40.00);40.00;40.00;(40.00);(1.0000);0.00;636 - مخزون البن المحمص;636 - مخزون البن المحمص
05 فبراير 2025;Payable Credit Note;MP 2340;سند صرف قهوه محموصه فرع الصحافة;Idido coffee roasted;(400.00);40.00;40.00;(400.00);(10.0000);0.00;636 - مخزون البن المحمص;636 - مخزون البن المحمص
08 فبراير 2025;Payable Credit Note;MP 2343;سند صرف قهوه محموصه فرع حطين;Idido coffee roasted;(880.00);40.00;40.00;(880.00);(22.0000);0.00;636 - مخزون البن المحمص;636 - مخزون البن المحمص
10 فبراير 2025;Payable Credit Note;MP 2346;سند صرف قهوه محموصه فرع الصحافة;Idido coffee roasted 4 كيس;(40.00);40.00;40.00;(40.00);(1.0000);0.00;636 - مخزون البن المحمص;636 - مخزون البن المحمص
10 فبراير 2025;Payable Credit Note;MP 2345;سند صرف قهوه محموصه فرع الصحافة;Idido coffee roasted;(400.00);40.00;40.00;(400.00);(10.0000);0.00;636 - مخزون البن المحمص;636 - مخزون البن المحمص
12 فبراير 2025;Payable Invoice;7203;تحميص وارد لمستودع البن المحمص;Idido coffee roasted;6,018.86;38.34;0.00;6,018.86;157.0000;0.00;;636 - مخزون البن المحمص
13 فبراير 2025;Payable Credit Note;MP 2350;سند صرف قهوه محموصه فرع حطين;Idido coffee roasted  12 كيس;(120.00);40.00;40.00;(120.00);(3.0000);0.00;636 - مخزون البن المحمص;636 - مخزون البن المحمص
15 فبراير 2025;Payable Credit Note;MP 2351;سند صرف قهوه محموصه فرع التخصصي;Idido coffee roasted;(80.00);40.00;40.00;(80.00);(2.0000);0.00;636 - مخزون البن المحمص;636 - مخزون البن المحمص
15 فبراير 2025;Payable Credit Note;MP 2354;سند صرف قهوه محموصه فرع الصحافة;Idido coffee roasted;(600.00);40.00;40.00;(600.00);(15.0000);0.00;636 - مخزون البن المحمص;636 - مخزون البن المحمص
15 فبراير 2025;Payable Credit Note;MP 2354;سند صرف قهوه محموصه فرع الصحافة;Idido coffee roasted 14 كيس;(140.00);40.00;40.00;(140.00);(3.5000);0.00;636 - مخزون البن المحمص;636 - مخزون البن المحمص
15 فبراير 2025;Payable Credit Note;MP 2352;سند صرف قهوه محموصه فرع التخصصي;Idido coffee roasted 4 كيس;(40.00);40.00;40.00;(40.00);(1.0000);0.00;636 - مخزون البن المحمص;636 - مخزون البن المحمص
16 فبراير 2025;Payable Credit Note;MP 2359;سند صرف قهوه محموصه فرع حطين;Idido coffee roasted;(1,320.00);40.00;40.00;(1,320.00);(33.0000);0.00;636 - مخزون البن المحمص;636 - مخزون البن المحمص
23 فبراير 2025;Payable Credit Note;MP 2369;سند صرف قهوه محموصه فرع التخصصي;Idido coffee roasted 4 كيس;(40.00);40.00;40.00;(40.00);(1.0000);0.00;636 - مخزون البن المحمص;636 - مخزون البن المحمص
23 فبراير 2025;Payable Credit Note;MP 2368;سند صرف قهوه محموصه فرع حطين;Idido coffee roasted 20 كيس;(200.00);40.00;40.00;(200.00);(5.0000);0.00;636 - مخزون البن المحمص;636 - مخزون البن المحمص
23 فبراير 2025;Payable Credit Note;MP 2366;سند صرف قهوه محموصه فرع حطين;Idido coffee roasted;(1,000.00);40.00;40.00;(1,000.00);(25.0000);0.00;636 - مخزون البن المحمص;636 - مخزون البن المحمص
23 فبراير 2025;Payable Credit Note;MP 2364;سند صرف قهوه محموصه فرع رفا;Idido coffee roasted;(400.00);40.00;40.00;(400.00);(10.0000);0.00;636 - مخزون البن المحمص;636 - مخزون البن المحمص
25 فبراير 2025;Payable Credit Note;MP 2371;سند صرف قهوه محموصه فرع الصحافة;Idido coffee roasted;(1,000.00);40.00;40.00;(1,000.00);(25.0000);0.00;636 - مخزون البن المحمص;636 - مخزون البن المحمص
25 فبراير 2025;Payable Credit Note;MP 2371;سند صرف قهوه محموصه فرع الصحافة;Idido coffee roasted 4 كيس;(40.00);40.00;40.00;(40.00);(1.0000);0.00;636 - مخزون البن المحمص;636 - مخزون البن المحمص
26 فبراير 2025;Payable Credit Note;MP 2375;سند صرف قهوه محموصه فرع التخصصي;Idido coffee roasted;(80.00);40.00;40.00;(80.00);(2.0000);0.00;636 - مخزون البن المحمص;636 - مخزون البن المحمص
26 فبراير 2025;Payable Credit Note;MP 2375;سند صرف قهوه محموصه فرع التخصصي;Idido coffee roasted 4 كيس;(40.00);40.00;40.00;(40.00);(1.0000);0.00;636 - مخزون البن المحمص;636 - مخزون البن المحمص
28 فبراير 2025;Payable Credit Note;MP 2377;سند صرف قهوه محموصه فرع الصحافة;Idido coffee roasted;(400.00);40.00;40.00;(400.00);(10.0000);0.00;636 - مخزون البن المحمص;636 - مخزون البن المحمص
28 فبراير 2025;Payable Credit Note;MP 2377;سند صرف قهوه محموصه فرع الصحافة;Idido coffee roasted 4 كيس;(40.00);40.00;40.00;(40.00);(1.0000);0.00;636 - مخزون البن المحمص;636 - مخزون البن المحمص
28 فبراير 2025;Receivable Invoice;INV-3412;موقع سلة Salla website;Idido coffee roasted;(570.00);39.78;114.00;(198.91);(5.0000);74.22;203 - مبيعات المتجر الكترونى موقع سلة;636 - مخزون البن المحمص
28 فبراير 2025;Receivable Invoice;INV-3412;موقع سلة Salla website;Idido coffee roasted;(570.00);39.78;114.00;(198.91);(5.0000);74.22;203 - مبيعات المتجر الكترونى موقع سلة;636 - مخزون البن المحمص
03 مارس 2025;Payable Credit Note;MP 2380;سند صرف قهوه محموصه فرع حطين;Idido coffee roasted;(1,880.00);40.00;40.00;(1,880.00);(47.0000);0.00;636 - مخزون البن المحمص;636 - مخزون البن المحمص
06 مارس 2025;Payable Credit Note;MP 2384;سند صرف قهوه محموصه فرع الصحافة;Idido coffee roasted;(400.00);40.00;40.00;(400.00);(10.0000);0.00;636 - مخزون البن المحمص;636 - مخزون البن المحمص
13 مارس 2025;Payable Invoice;7206;تحميص وارد لمستودع البن المحمص;Idido coffee roasted;12,004.84;38.11;0.00;12,004.84;315.0000;0.00;;636 - مخزون البن المحمص
13 مارس 2025;Payable Credit Note;MP 2391;سند صرف قهوه محموصه فرع التخصصي;Idido coffee roasted;(80.00);40.00;40.00;(80.00);(2.0000);0.00;636 - مخزون البن المحمص;636 - مخزون البن المحمص
15 مارس 2025;Payable Credit Note;MP 2396;سند صرف قهوه محموصه فرع الصحافة;Idido coffee roasted 4 كيس;(40.00);40.00;40.00;(40.00);(1.0000);0.00;636 - مخزون البن المحمص;636 - مخزون البن المحمص
15 مارس 2025;Payable Credit Note;MP 2394;سند صرف قهوه محموصه فرع حطين;Idido coffee roasted;(1,200.00);40.00;40.00;(1,200.00);(30.0000);0.00;636 - مخزون البن المحمص;636 - مخزون البن المحمص
18 مارس 2025;Payable Credit Note;MP 2399;سند صرف قهوه محموصه فرع الصحافة;Idido coffee roasted;(400.00);40.00;40.00;(400.00);(10.0000);0.00;636 - مخزون البن المحمص;636 - مخزون البن المحمص
19 مارس 2025;Payable Credit Note;MP 2400;سند صرف قهوه محموصه فرع الصحافة;Idido coffee roasted;(400.00);40.00;40.00;(400.00);(10.0000);0.00;636 - مخزون البن المحمص;636 - مخزون البن المحمص
23 مارس 2025;Payable Credit Note;MP 2405;سند صرف قهوه محموصه فرع حطين;Idido coffee roasted;(600.00);40.00;40.00;(600.00);(15.0000);0.00;636 - مخزون البن المحمص;636 - مخزون البن المحمص
27 مارس 2025;Payable Credit Note;MP 2409;سند صرف قهوه محموصه فرع الصحافة;Idido coffee roasted 4 كيس;(40.00);40.00;40.00;(40.00);(1.0000);0.00;636 - مخزون البن المحمص;636 - مخزون البن المحمص
28 مارس 2025;Payable Credit Note;MP 2411;سند صرف قهوه محموصه فرع حطين;Idido coffee roasted;(280.00);40.00;40.00;(280.00);(7.0000);0.00;636 - مخزون البن المحمص;636 - مخزون البن المحمص
30 مارس 2025;Adjustment;Quantity Decrease;;جرد 29/3;(969.92);35.59;0.00;(969.92);(27.2500);0.00;;636 - مخزون البن المحمص
31 مارس 2025;Receivable Invoice;INV-3605;موقع سلة Salla website;Idido coffee roasted  25-100Kg price 89/100-500Kg price79Sr;(47.83);38.34;191.32;(9.59);(0.2500);152.98;203 - مبيعات المتجر الكترونى موقع سلة;636 - مخزون البن المحمص
31 مارس 2025;Payable Credit Note;MP 2414;سند صرف قهوه محموصه فرع حطين;Idido coffee roasted 4 كيس;(40.00);40.00;40.00;(40.00);(1.0000);0.00;636 - مخزون البن المحمص;636 - مخزون البن المحمص
31 مارس 2025;Payable Credit Note;MP 2413;سند صرف قهوه محموصه فرع رفا;Idido coffee roasted;(200.00);40.00;40.00;(200.00);(5.0000);0.00;636 - مخزون البن المحمص;636 - مخزون البن المحمص
31 مارس 2025;Payable Credit Note;MP 2415;سند صرف قهوه محموصه فرع الصحافة;Idido coffee roasted;(400.00);40.00;40.00;(400.00);(10.0000);0.00;636 - مخزون البن المحمص;636 - مخزون البن المحمص
31 مارس 2025;Adjustment;Revaluation;;خطأ بالتكلفة;1,066.40;0.00;0.00;1,066.40;0.0000;0.00;;636 - مخزون البن المحمص
05 أبريل 2025;Payable Credit Note;MP 2421;سند صرف قهوه محموصه فرع الصحافة;Idido coffee roasted;(400.00);40.00;40.00;(400.00);(10.0000);0.00;636 - مخزون البن المحمص;636 - مخزون البن المحمص
05 أبريل 2025;Payable Credit Note;MP 2420;سند صرف قهوه محموصه فرع رفا;Idido coffee roasted;(200.00);40.00;40.00;(200.00);(5.0000);0.00;636 - مخزون البن المحمص;636 - مخزون البن المحمص
05 أبريل 2025;Payable Credit Note;MP 2417;سند صرف قهوه محموصه فرع حطين;Idido coffee roasted;(600.00);40.00;40.00;(600.00);(15.0000);0.00;636 - مخزون البن المحمص;636 - مخزون البن المحمص
07 أبريل 2025;Payable Credit Note;MP 2422;سند صرف قهوه محموصه فرع الصحافة;Idido coffee roasted;(400.00);40.00;40.00;(400.00);(10.0000);0.00;636 - مخزون البن المحمص;636 - مخزون البن المحمص
10 أبريل 2025;Payable Invoice;7209;تحميص وارد لمستودع البن المحمص;Idido coffee roasted;6,380.66;37.98;0.00;6,380.66;168.0000;0.00;;636 - مخزون البن المحمص
10 أبريل 2025;Payable Invoice;7209;تحميص وارد لمستودع البن المحمص;Idido coffee roasted;1,184.05;38.20;0.00;1,184.05;31.0000;0.00;;636 - مخزون البن المحمص
10 أبريل 2025;Payable Credit Note;MP 2425;سند صرف قهوه محموصه فرع التخصصي;Idido coffee roasted;(80.00);40.00;40.00;(80.00);(2.0000);0.00;636 - مخزون البن المحمص;636 - مخزون البن المحمص
10 أبريل 2025;Payable Credit Note;MP 2426;سند صرف قهوه محموصه فرع الصحافة;Idido coffee roasted 6 كيس;(60.00);40.00;40.00;(60.00);(1.5000);0.00;636 - مخزون البن المحمص;636 - مخزون البن المحمص
13 أبريل 2025;Payable Credit Note;MP 2427;سند صرف قهوه محموصه فرع الصحافة;Idido coffee roasted;(400.00);40.00;40.00;(400.00);(10.0000);0.00;636 - مخزون البن المحمص;636 - مخزون البن المحمص
13 أبريل 2025;Payable Credit Note;MP ;سند صرف قهوه محموصه فرع حطين;Idido coffee roasted;(800.00);40.00;40.00;(800.00);(20.0000);0.00;636 - مخزون البن المحمص;636 - مخزون البن المحمص
13 أبريل 2025;Payable Credit Note;MP 2429;سند صرف قهوه محموصه فرع رفا;Idido coffee roasted;(200.00);40.00;40.00;(200.00);(5.0000);0.00;636 - مخزون البن المحمص;636 - مخزون البن المحمص
15 أبريل 2025;Payable Credit Note;MP 2435;سند صرف قهوه محموصه فرع الصحافة;Idido coffee roasted;(400.00);40.00;40.00;(400.00);(10.0000);0.00;636 - مخزون البن المحمص;636 - مخزون البن المحمص
17 أبريل 2025;Payable Invoice;7210;تحميص وارد لمستودع البن المحمص;Idido coffee roasted;4,012.58;38.22;0.00;4,012.58;105.0000;0.00;;636 - مخزون البن المحمص
17 أبريل 2025;Payable Credit Note;MP 2437;سند صرف قهوه محموصه فرع رفا;Idido coffee roasted;(400.00);40.00;40.00;(400.00);(10.0000);0.00;636 - مخزون البن المحمص;636 - مخزون البن المحمص
17 أبريل 2025;Payable Credit Note;MP 2437;سند صرف قهوه محموصه فرع رفا;Idido coffee roasted 8 كيس;(80.00);40.00;40.00;(80.00);(2.0000);0.00;636 - مخزون البن المحمص;636 - مخزون البن المحمص
17 أبريل 2025;Payable Credit Note;MP 2438;سند صرف قهوه محموصه فرع الصحافة;Idido coffee roasted;(400.00);40.00;40.00;(400.00);(10.0000);0.00;636 - مخزون البن المحمص;636 - مخزون البن المحمص
17 أبريل 2025;Payable Credit Note;MP 2436;سند صرف قهوه محموصه فرع التخصصي;Idido coffee roasted;(120.00);40.00;40.00;(120.00);(3.0000);0.00;636 - مخزون البن المحمص;636 - مخزون البن المحمص
20 أبريل 2025;Payable Credit Note;MP 2444;سند صرف قهوه محموصه فرع حطين;Idido coffee roasted;(1,000.00);40.00;40.00;(1,000.00);(25.0000);0.00;636 - مخزون البن المحمص;636 - مخزون البن المحمص
20 أبريل 2025;Payable Credit Note;MP 2442;سند صرف قهوه محموصه فرع رفا;Idido coffee roasted 8 كيس;(80.00);40.00;40.00;(80.00);(2.0000);0.00;636 - مخزون البن المحمص;636 - مخزون البن المحمص
20 أبريل 2025;Payable Credit Note;MP 2443;سند صرف قهوه محموصه فرع واو;Idido coffee roasted;(80.00);40.00;40.00;(80.00);(2.0000);0.00;636 - مخزون البن المحمص;636 - مخزون البن المحمص
25 أبريل 2025;Payable Credit Note;MP 2449;سند صرف قهوه محموصه فرع التخصصي;Idido coffee roasted;(80.00);40.00;40.00;(80.00);(2.0000);0.00;636 - مخزون البن المحمص;636 - مخزون البن المحمص
25 أبريل 2025;Payable Credit Note;MP 2447;سند صرف قهوه محموصه فرع الصحافة;Idido coffee roasted;(400.00);40.00;40.00;(400.00);(10.0000);0.00;636 - مخزون البن المحمص;636 - مخزون البن المحمص
25 أبريل 2025;Payable Credit Note;MP 2447;سند صرف قهوه محموصه فرع الصحافة;Idido coffee roasted 4 كيس;(40.00);40.00;40.00;(40.00);(1.0000);0.00;636 - مخزون البن المحمص;636 - مخزون البن المحمص
27 أبريل 2025;Payable Credit Note;MP 2452;سند صرف قهوه محموصه فرع واو;Idido coffee roasted 2 كيس;(20.00);40.00;40.00;(20.00);(0.5000);0.00;636 - مخزون البن المحمص;636 - مخزون البن المحمص
27 أبريل 2025;Payable Credit Note;MP 2451;سند صرف قهوه محموصه فرع التخصصي;Idido coffee roasted 4 كيس;(40.00);40.00;40.00;(40.00);(1.0000);0.00;636 - مخزون البن المحمص;636 - مخزون البن المحمص
30 أبريل 2025;Receivable Invoice;INV-3781;موقع سلة Salla website;Idido coffee roasted  25-100Kg price 89/100-500Kg price79Sr;(191.30);37.98;191.30;(37.98);(1.0000);153.32;203 - مبيعات المتجر الكترونى موقع سلة;636 - مخزون البن المحمص
03 مايو 2025;Payable Credit Note;MP 2456;سند صرف قهوه محموصه فرع حطين;Idido coffee roasted;(1,240.00);40.00;40.00;(1,240.00);(31.0000);0.00;636 - مخزون البن المحمص;636 - مخزون البن المحمص
07 مايو 2025;Payable Credit Note;MP 2465;سند صرف قهوه محموصه فرع الصحافة;Idido coffee roasted;(600.00);40.00;40.00;(600.00);(15.0000);0.00;636 - مخزون البن المحمص;636 - مخزون البن المحمص
07 مايو 2025;Payable Credit Note;MP 2462;سند صرف قهوه محموصه فرع التخصصي;Idido coffee roasted;(80.00);40.00;40.00;(80.00);(2.0000);0.00;636 - مخزون البن المحمص;636 - مخزون البن المحمص
07 مايو 2025;Payable Credit Note;MP 2462;سند صرف قهوه محموصه فرع التخصصي;Idido coffee roasted 4 كيس;(40.00);40.00;40.00;(40.00);(1.0000);0.00;636 - مخزون البن المحمص;636 - مخزون البن المحمص
11 مايو 2025;Payable Credit Note;MP 2469;سند صرف قهوه محموصه فرع التخصصي;Idido coffee roasted;(80.00);40.00;40.00;(80.00);(2.0000);0.00;636 - مخزون البن المحمص;636 - مخزون البن المحمص
11 مايو 2025;Payable Credit Note;MP 2470;سند صرف قهوه محموصه فرع الصحافة;Idido coffee roasted;(600.00);40.00;40.00;(600.00);(15.0000);0.00;636 - مخزون البن المحمص;636 - مخزون البن المحمص
11 مايو 2025;Payable Credit Note;MP 2470;سند صرف قهوه محموصه فرع الصحافة;Idido coffee roasted 4 كيس;(40.00);40.00;40.00;(40.00);(1.0000);0.00;636 - مخزون البن المحمص;636 - مخزون البن المحمص
11 مايو 2025;Payable Credit Note;MP 2472;سند صرف قهوه محموصه فرع رفا;Idido coffee roasted;(200.00);40.00;40.00;(200.00);(5.0000);0.00;636 - مخزون البن المحمص;636 - مخزون البن المحمص
17 مايو 2025;Payable Credit Note;MP 2477;سند صرف قهوه محموصه فرع واو;Idido coffee roasted;(80.00);40.00;40.00;(80.00);(2.0000);0.00;636 - مخزون البن المحمص;636 - مخزون البن المحمص
17 مايو 2025;Payable Credit Note;MP 2477;سند صرف قهوه محموصه فرع واو;Idido coffee roasted 4 كيس;(40.00);40.00;40.00;(40.00);(1.0000);0.00;636 - مخزون البن المحمص;636 - مخزون البن المحمص
17 مايو 2025;Payable Credit Note;MP 2481;سند صرف قهوه محموصه فرع رفا;Idido coffee roasted;(200.00);40.00;40.00;(200.00);(5.0000);0.00;636 - مخزون البن المحمص;636 - مخزون البن المحمص
17 مايو 2025;Payable Credit Note;MP 2483;سند صرف قهوه محموصه فرع حطين;Idido coffee roasted;(1,520.00);40.00;40.00;(1,520.00);(38.0000);0.00;636 - مخزون البن المحمص;636 - مخزون البن المحمص
17 مايو 2025;Payable Credit Note;MP 2478;سند صرف قهوه محموصه فرع واو;Idido coffee roasted;(80.00);40.00;40.00;(80.00);(2.0000);0.00;636 - مخزون البن المحمص;636 - مخزون البن المحمص
17 مايو 2025;Payable Credit Note;MP 2480;سند صرف قهوه محموصه فرع الصحافة;Idido coffee roasted;(1,000.00);40.00;40.00;(1,000.00);(25.0000);0.00;636 - مخزون البن المحمص;636 - مخزون البن المحمص
17 مايو 2025;Payable Credit Note;MP 2480;سند صرف قهوه محموصه فرع الصحافة;Idido coffee roasted 4 كيس;(40.00);40.00;40.00;(40.00);(1.0000);0.00;636 - مخزون البن المحمص;636 - مخزون البن المحمص
19 مايو 2025;Payable Invoice;7213;تحميص وارد لمستودع البن المحمص;Idido coffee roasted;6,183.32;39.38;0.00;6,183.32;157.0000;0.00;;636 - مخزون البن المحمص
20 مايو 2025;Receivable Invoice;INV-3735;مؤسسة الصويا التجارية;Idido coffee roasted;(3,300.00);38.12;110.00;(1,143.75);(30.0000);71.88;202 - مبيعات القهوة المحمصه;636 - مخزون البن المحمص
21 مايو 2025;Payable Credit Note;MP 2489;سند صرف قهوه محموصه فرع الصحافة;Idido coffee roasted;(400.00);40.00;40.00;(400.00);(10.0000);0.00;636 - مخزون البن المحمص;636 - مخزون البن المحمص
24 مايو 2025;Payable Credit Note;MP 2497;سند صرف قهوه محموصه فرع حطين;Idido coffee roasted;(600.00);40.00;40.00;(600.00);(15.0000);0.00;636 - مخزون البن المحمص;636 - مخزون البن المحمص
27 مايو 2025;Payable Credit Note;MP 2503;الصحا;Idido coffee roasted;(400.00);40.00;40.00;(400.00);(10.0000);0.00;636 - مخزون البن المحمص;636 - مخزون البن المحمص
29 مايو 2025;Payable Credit Note;MP 2504;سند صرف قهوه محموصه فرع رفا;Idido coffee roasted 4 كيس;(40.00);40.00;40.00;(40.00);(1.0000);0.00;636 - مخزون البن المحمص;636 - مخزون البن المحمص
29 مايو 2025;Payable Credit Note;MP 2505;سند صرف قهوه محموصه فرع الصحافة;Idido coffee roasted 4 كيس;(40.00);40.00;40.00;(40.00);(1.0000);0.00;636 - مخزون البن المحمص;636 - مخزون البن المحمص
31 مايو 2025;Receivable Invoice;INV-3944;موقع سلة Salla website;Idido coffee roasted  25-100Kg price 89/100-500Kg price79Sr;(191.30);34.08;191.30;(34.08);(1.0000);157.22;203 - مبيعات المتجر الكترونى موقع سلة;636 - مخزون البن المحمص
31 مايو 2025;Payable Credit Note;MP 2508;سند صرف قهوه محموصه فرع الصحافة;Idido coffee roasted;(1,000.00);40.00;40.00;(1,000.00);(25.0000);0.00;636 - مخزون البن المحمص;636 - مخزون البن المحمص
31 مايو 2025;Payable Credit Note;MP 2509;سند صرف قهوه محموصه فرع حطين;Idido coffee roasted;(600.00);40.00;40.00;(600.00);(15.0000);0.00;636 - مخزون البن المحمص;636 - مخزون البن المحمص
02 يونيو 2025;Payable Credit Note;MP 2510;سند صرف قهوه محموصه فرع التخصصي;Idido coffee roasted;(80.00);40.00;40.00;(80.00);(2.0000);0.00;636 - مخزون البن المحمص;636 - مخزون البن المحمص
03 يونيو 2025;Payable Credit Note;MP 2511;سند صرف قهوه محموصه فرع الصحافة;Idido coffee roasted;(400.00);40.00;40.00;(400.00);(10.0000);0.00;636 - مخزون البن المحمص;636 - مخزون البن المحمص
04 يونيو 2025;Payable Credit Note;MP 2515;سند صرف قهوه محموصه فرع الصحافة;Idido coffee roasted;(600.00);40.00;40.00;(600.00);(15.0000);0.00;636 - مخزون البن المحمص;636 - مخزون البن المحمص
09 يونيو 2025;Payable Credit Note;MP 2522;سند صرف قهوه محموصه فرع الصحافة;Idido coffee roasted;(400.00);40.00;40.00;(400.00);(10.0000);0.00;636 - مخزون البن المحمص;636 - مخزون البن المحمص
09 يونيو 2025;Payable Credit Note;MP 2522;سند صرف قهوه محموصه فرع الصحافة;Idido coffee roasted 4 كيس;(40.00);40.00;40.00;(40.00);(1.0000);0.00;636 - مخزون البن المحمص;636 - مخزون البن المحمص
09 يونيو 2025;Payable Credit Note;MP 2520;سند صرف قهوه محموصه فرع رفا;Idido coffee roasted;(200.00);40.00;40.00;(200.00);(5.0000);0.00;636 - مخزون البن المحمص;636 - مخزون البن المحمص
09 يونيو 2025;Payable Credit Note;MP 2517;سند صرف قهوه محموصه فرع حطين;Idido coffee roasted;(840.00);40.00;40.00;(840.00);(21.0000);0.00;636 - مخزون البن المحمص;636 - مخزون البن المحمص
11 يونيو 2025;Payable Credit Note;MP 2521;سند صرف قهوه محموصه فرع واو;Idido coffee roasted;(40.00);40.00;40.00;(40.00);(1.0000);0.00;636 - مخزون البن المحمص;636 - مخزون البن المحمص
15 يونيو 2025;Payable Credit Note;MP 2531;سند صرف قهوه محموصه فرع حطين;Idido coffee roasted;(600.00);40.00;40.00;(600.00);(15.0000);0.00;636 - مخزون البن المحمص;636 - مخزون البن المحمص
15 يونيو 2025;Payable Credit Note;MP 2527;سند صرف قهوه محموصه فرع الصحافة;Idido coffee roasted;(400.00);40.00;40.00;(400.00);(10.0000);0.00;636 - مخزون البن المحمص;636 - مخزون البن المحمص
16 يونيو 2025;Payable Credit Note;2534;سند صرف قهوه محموصه فرع رفا;Idido coffee roasted;(160.00);40.00;40.00;(160.00);(4.0000);0.00;636 - مخزون البن المحمص;636 - مخزون البن المحمص
16 يونيو 2025;Payable Credit Note;MP 2532;سند صرف قهوه محموصه فرع التخصصي;Idido coffee roasted;(80.00);40.00;40.00;(80.00);(2.0000);0.00;636 - مخزون البن المحمص;636 - مخزون البن المحمص
18 يونيو 2025;Payable Credit Note;MP 2536;سند صرف قهوه محموصه فرع الصحافة;Idido coffee roasted;(400.00);40.00;40.00;(400.00);(10.0000);0.00;636 - مخزون البن المحمص;636 - مخزون البن المحمص
23 يونيو 2025;Payable Credit Note;MP 2543;سند صرف قهوه محموصه فرع حطين;Idido coffee roasted;(800.00);40.00;40.00;(800.00);(20.0000);0.00;636 - مخزون البن المحمص;636 - مخزون البن المحمص
23 يونيو 2025;Payable Credit Note;MP 2542;سند صرف قهوه محموصه فرع الصحافة;Idido coffee roasted;(400.00);40.00;40.00;(400.00);(10.0000);0.00;636 - مخزون البن المحمص;636 - مخزون البن المحمص
23 يونيو 2025;Payable Credit Note;MP 2539;سند صرف قهوه محموصه فرع التخصصي;Idido coffee roasted 2 كيس;(20.00);40.00;40.00;(20.00);(0.5000);0.00;636 - مخزون البن المحمص;636 - مخزون البن المحمص
24 يونيو 2025;Payable Credit Note;MP 2545;سند صرف قهوه محموصه فرع الصحافة;Idido coffee roasted;(400.00);40.00;40.00;(400.00);(10.0000);0.00;636 - مخزون البن المحمص;636 - مخزون البن المحمص
24 يونيو 2025;Payable Credit Note;MP 2544;سند صرف قهوه محموصه فرع حطين;Idido coffee roasted;(80.00);40.00;40.00;(80.00);(2.0000);0.00;636 - مخزون البن المحمص;636 - مخزون البن المحمص
24 يونيو 2025;Payable Credit Note;MP 2544.;سند صرف قهوه محموصه فرع حطين;Idido coffee roasted 46 كيس;(460.00);40.00;40.00;(460.00);(11.5000);0.00;636 - مخزون البن المحمص;636 - مخزون البن المحمص
25 يونيو 2025;Payable Credit Note;MP 2550;سند صرف قهوه محموصه فرع حطين;Idido coffee roasted;(160.00);40.00;40.00;(160.00);(4.0000);0.00;636 - مخزون البن المحمص;636 - مخزون البن المحمص
26 يونيو 2025;Payable Credit Note;MP 2551;سند صرف قهوه محموصه فرع التخصصي;Idido coffee roasted;(80.00);40.00;40.00;(80.00);(2.0000);0.00;636 - مخزون البن المحمص;636 - مخزون البن المحمص
26 يونيو 2025;Adjustment;Quantity Decrease;;جرد 25/6;(161.89);34.08;0.00;(161.89);(4.7500);0.00;;636 - مخزون البن المحمص
30 يونيو 2025;Payable Credit Note;MP 2554;سند صرف قهوه محموصه فرع واو;Idido coffee roasted;(80.00);40.00;40.00;(80.00);(2.0000);0.00;636 - مخزون البن المحمص;636 - مخزون البن المحمص
30 يونيو 2025;Payable Credit Note;MP 2560;سند صرف قهوه محموصه فرع الصحافة;Idido coffee roasted;(400.00);40.00;40.00;(400.00);(10.0000);0.00;636 - مخزون البن المحمص;636 - مخزون البن المحمص
30 يونيو 2025;Receivable Invoice;INV-4101;موقع سلة Salla website;Idido coffee roasted  25-100Kg price 89/100-500Kg price79Sr;(191.00);13.31;191.00;(13.31);(1.0000);177.69;203 - مبيعات المتجر الكترونى موقع سلة;636 - مخزون البن المحمص
30 يونيو 2025;Payable Credit Note;MP 2560;سند صرف قهوه محموصه فرع حطين;Idido coffee roasted;(480.00);40.00;40.00;(480.00);(12.0000);0.00;636 - مخزون البن المحمص;636 - مخزون البن المحمص
30 يونيو 2025;Payable Credit Note;MP 2554;سند صرف قهوه محموصه فرع الصحافة;Idido coffee roasted;(400.00);40.00;40.00;(400.00);(10.0000);0.00;636 - مخزون البن المحمص;636 - مخزون البن المحمص
03 يوليو 2025;Payable Credit Note;MP 2567;سند صرف قهوه محموصه فرع حطين;Idido coffee roasted;(400.00);40.00;40.00;(400.00);(10.0000);0.00;636 - مخزون البن المحمص;636 - مخزون البن المحمص
03 يوليو 2025;Payable Credit Note;MP 2567;سند صرف قهوه محموصه فرع الصحافة;Idido coffee roasted;(400.00);40.00;40.00;(400.00);(10.0000);0.00;636 - مخزون البن المحمص;636 - مخزون البن المحمص
07 يوليو 2025;Payable Credit Note;MP 2569;سند صرف قهوه محموصه فرع الصحافة;Idido coffee roasted;(400.00);40.00;40.00;(400.00);(10.0000);0.00;636 - مخزون البن المحمص;636 - مخزون البن المحمص
07 يوليو 2025;Payable Credit Note;MP 2569;سند صرف قهوه محموصه فرع رفا;Idido coffee roasted;(400.00);40.00;40.00;(400.00);(10.0000);0.00;636 - مخزون البن المحمص;636 - مخزون البن المحمص
07 يوليو 2025;Payable Credit Note;MP 2571;سند صرف قهوه محموصه فرع حطين;Idido coffee roasted;(280.00);40.00;40.00;(280.00);(7.0000);0.00;636 - مخزون البن المحمص;636 - مخزون البن المحمص
10 يوليو 2025;Payable Credit Note;MP 2572;سند صرف قهوه محموصه فرع حطين;Idido coffee roasted;(152.40);12.70;12.70;(152.40);(12.0000);0.00;636 - مخزون البن المحمص;636 - مخزون البن المحمص
10 يوليو 2025;Payable Credit Note;MP 2578;سند صرف قهوه محموصه فرع الصحافة;Idido coffee roasted;(127.00);12.70;12.70;(127.00);(10.0000);0.00;636 - مخزون البن المحمص;636 - مخزون البن المحمص
Total RB0146- اديدو محمص - Idido coffee roasted;;;;;(12,486.39);;;(6,768.61);(172.0000);1,263.37;;
Closing Balance;;;;;0.00;0.00;0.00;0.00;0.0000;0.00;;
;;;;;;;;;;;;
RB0147-سيدامو بلو هورا محمص - Rosted Beanes Sidomo BULE HORA;;;;;;;;;;;;
Opening Balance;;;;;0.00;0.00;0.00;829.50;21.0000;0.00;;
01 يناير 2025;Payable Credit Note;MP 2286;سند صرف قهوه محموصه فرع الصحافة;Rosted Beanes Sidomo BULE HORA (1Kg) 4 كيس;(39.50);39.50;39.50;(39.50);(1.0000);0.00;636 - مخزون البن المحمص;636 - مخزون البن المحمص
02 يناير 2025;Payable Credit Note;MP 2290;سند صرف قهوه محموصه فرع حطين;Rosted Beanes Sidomo BULE HORA (1Kg) 6 كيس;(59.25);39.50;39.50;(59.25);(1.5000);0.00;636 - مخزون البن المحمص;636 - مخزون البن المحمص
05 يناير 2025;Payable Credit Note;MP 2291;سند صرف قهوه محموصه فرع واو;Rosted Beanes Sidomo BULE HORA (1Kg);(39.50);39.50;39.50;(39.50);(1.0000);0.00;636 - مخزون البن المحمص;636 - مخزون البن المحمص
06 يناير 2025;Payable Credit Note;MP 2295;سند صرف قهوه محموصه فرع التخصصي;Rosted Beanes Sidomo BULE HORA (1Kg);(79.00);39.50;39.50;(79.00);(2.0000);0.00;636 - مخزون البن المحمص;636 - مخزون البن المحمص
06 يناير 2025;Payable Credit Note;MP 2295;سند صرف قهوه محموصه فرع التخصصي;Rosted Beanes Sidomo BULE HORA (1Kg) 6 كيس;(59.25);39.50;39.50;(59.25);(1.5000);0.00;636 - مخزون البن المحمص;636 - مخزون البن المحمص
15 يناير 2025;Payable Invoice;7200;تحميص وارد لمستودع البن المحمص;Rosted Beanes Sidomo BULE HORA (1Kg);3,531.00;37.17;0.00;3,531.00;95.0000;0.00;;636 - مخزون البن المحمص
15 يناير 2025;Payable Credit Note;MP 2304;سند صرف قهوه محموصه فرع رفا;Rosted Beanes Sidomo BULE HORA (1Kg);(197.50);39.50;39.50;(197.50);(5.0000);0.00;636 - مخزون البن المحمص;636 - مخزون البن المحمص
18 يناير 2025;Payable Credit Note;MP 2308;سند صرف قهوه محموصه فرع التخصصي;Rosted Beanes Sidomo BULE HORA (1Kg);(79.00);39.50;39.50;(79.00);(2.0000);0.00;636 - مخزون البن المحمص;636 - مخزون البن المحمص
23 يناير 2025;Payable Credit Note;MP 2316;سند صرف قهوه محموصه فرع حطين;Rosted Beanes Sidomo BULE HORA (1Kg);(118.50);39.50;39.50;(118.50);(3.0000);0.00;636 - مخزون البن المحمص;636 - مخزون البن المحمص
23 يناير 2025;Payable Credit Note;MP 2314;سند صرف قهوه محموصه فرع الصحافة;Rosted Beanes Sidomo BULE HORA (1Kg) 2 كيس;(19.75);39.50;39.50;(19.75);(0.5000);0.00;636 - مخزون البن المحمص;636 - مخزون البن المحمص
25 يناير 2025;Payable Credit Note;MP 2321;سند صرف قهوه محموصه فرع التخصصي;Rosted Beanes Sidomo BULE HORA (1Kg) 4 كيس;(39.50);39.50;39.50;(39.50);(1.0000);0.00;636 - مخزون البن المحمص;636 - مخزون البن المحمص
28 يناير 2025;Receivable Invoice;INV-3097;Arto Caffee ارتوكفى;Rosted Beanes Sidomo BULE HORA;(3,560.00);37.23;89.00;(1,489.13);(40.0000);51.77;202 - مبيعات القهوة المحمصه;636 - مخزون البن المحمص
29 يناير 2025;Payable Credit Note;MP 2329;سند صرف قهوه محموصه فرع حطين;Rosted Beanes Sidomo BULE HORA (1Kg);(59.25);39.50;39.50;(59.25);(1.5000);0.00;636 - مخزون البن المحمص;636 - مخزون البن المحمص
01 فبراير 2025;Payable Credit Note;MP 2333;سند صرف قهوه محموصه فرع رفا;Rosted Beanes Sidomo BULE HORA (1Kg);(237.00);39.50;39.50;(237.00);(6.0000);0.00;636 - مخزون البن المحمص;636 - مخزون البن المحمص
03 فبراير 2025;Payable Credit Note;MP 2337;سند صرف قهوه محموصه فرع التخصصي;Rosted Beanes Sidomo BULE HORA (1Kg);(118.50);39.50;39.50;(118.50);(3.0000);0.00;636 - مخزون البن المحمص;636 - مخزون البن المحمص
10 فبراير 2025;Payable Credit Note;MP 2346;سند صرف قهوه محموصه فرع الصحافة;Rosted Beanes Sidomo BULE HORA (1Kg) 4 كيس;(39.50);39.50;39.50;(39.50);(1.0000);0.00;636 - مخزون البن المحمص;636 - مخزون البن المحمص
13 فبراير 2025;Payable Credit Note;MP 2350;سند صرف قهوه محموصه فرع حطين;Rosted Beanes Sidomo BULE HORA (1Kg) 12 كيس;(118.50);39.50;39.50;(118.50);(3.0000);0.00;636 - مخزون البن المحمص;636 - مخزون البن المحمص
15 فبراير 2025;Payable Credit Note;MP 2354;سند صرف قهوه محموصه فرع الصحافة;Rosted Beanes Sidomo BULE HORA (1Kg);(39.50);39.50;39.50;(39.50);(1.0000);0.00;636 - مخزون البن المحمص;636 - مخزون البن المحمص
23 فبراير 2025;Payable Credit Note;MP 2368;سند صرف قهوه محموصه فرع حطين;Rosted Beanes Sidomo BULE HORA (1Kg);(197.50);39.50;39.50;(197.50);(5.0000);0.00;636 - مخزون البن المحمص;636 - مخزون البن المحمص
25 فبراير 2025;Payable Credit Note;MP 2371;سند صرف قهوه محموصه فرع الصحافة;Rosted Beanes Sidomo BULE HORA (1Kg) 4 كيس;(39.50);39.50;39.50;(39.50);(1.0000);0.00;636 - مخزون البن المحمص;636 - مخزون البن المحمص
25 فبراير 2025;Payable Credit Note;MP 2374;سند صرف قهوه محموصه فرع واو;Rosted Beanes Sidomo BULE HORA (1Kg) 2 كيس;(19.75);39.50;39.50;(19.75);(0.5000);0.00;636 - مخزون البن المحمص;636 - مخزون البن المحمص
02 مارس 2025;Receivable Invoice;INV-3291;Arto Caffee ارتوكفى;Rosted Beanes Sidomo BULE HORA;(2,670.00);36.38;89.00;(1,091.50);(30.0000);52.62;202 - مبيعات القهوة المحمصه;636 - مخزون البن المحمص
03 مارس 2025;Payable Credit Note;MP 2380;سند صرف قهوه محموصه فرع حطين;Rosted Beanes Sidomo BULE HORA (1Kg);(395.00);39.50;39.50;(395.00);(10.0000);0.00;636 - مخزون البن المحمص;636 - مخزون البن المحمص
13 مارس 2025;Payable Invoice;7206;تحميص وارد لمستودع البن المحمص;Rosted Beanes Sidomo BULE HORA (1Kg);2,343.30;37.20;0.00;2,343.30;63.0000;0.00;;636 - مخزون البن المحمص
27 مارس 2025;Payable Invoice;7208;تحميص وارد لمستودع البن المحمص;Rosted Beanes Sidomo BULE HORA (1Kg) قهوة سعودية;240.75;37.04;0.00;240.75;6.5000;0.00;;636 - مخزون البن المحمص
31 مارس 2025;Receivable Invoice;INV-3605;موقع سلة Salla website;Rosted Beanes Sidomo BULE HORA;(26.08);35.25;104.32;(8.81);(0.2500);69.07;203 - مبيعات المتجر الكترونى موقع سلة;636 - مخزون البن المحمص
31 مارس 2025;Adjustment;Quantity Decrease;;جرد 30/3;(36.45);36.45;0.00;(36.45);(1.0000);0.00;;636 - مخزون البن المحمص
10 أبريل 2025;Payable Invoice;7209;تحميص وارد لمستودع البن المحمص;Rosted Beanes Sidomo BULE HORA (1Kg) قهوة سعودية;296.25;45.58;0.00;296.25;6.5000;0.00;;636 - مخزون البن المحمص
10 أبريل 2025;Payable Credit Note;7209;امر تحميص مستودع البن الاخضر;Rosted Beanes Sidomo BULE HORA (1Kg) قهوة سعودية;(296.25);39.50;39.50;(296.25);(7.5000);0.00;636 - مخزون البن المحمص;636 - مخزون البن المحمص
17 أبريل 2025;Payable Invoice;7210;تحميص وارد لمستودع البن المحمص;Rosted Beanes Sidomo BULE HORA (1Kg);1,155.60;37.28;0.00;1,155.60;31.0000;0.00;;636 - مخزون البن المحمص
17 أبريل 2025;Payable Credit Note;MP 2437;سند صرف قهوه محموصه فرع رفا;Rosted Beanes Sidomo BULE HORA (1Kg);(395.00);39.50;39.50;(395.00);(10.0000);0.00;636 - مخزون البن المحمص;636 - مخزون البن المحمص
20 أبريل 2025;Payable Credit Note;MP 2444;سند صرف قهوه محموصه فرع حطين;Rosted Beanes Sidomo BULE HORA (1Kg);(711.00);39.50;39.50;(711.00);(18.0000);0.00;636 - مخزون البن المحمص;636 - مخزون البن المحمص
20 أبريل 2025;Payable Credit Note;MP 2442;سند صرف قهوه محموصه فرع رفا;Rosted Beanes Sidomo BULE HORA (1Kg) 8 كيس;(79.00);39.50;39.50;(79.00);(2.0000);0.00;636 - مخزون البن المحمص;636 - مخزون البن المحمص
21 أبريل 2025;Receivable Invoice;INV-3572;Arto Caffee ارتوكفى;Rosted Beanes Sidomo BULE HORA;(2,670.00);36.83;89.00;(1,104.76);(30.0000);52.17;202 - مبيعات القهوة المحمصه;636 - مخزون البن المحمص
27 أبريل 2025;Payable Credit Note;MP 2452;سند صرف قهوه محموصه فرع واو;Rosted Beanes Sidomo BULE HORA (1Kg) 2 كيس;(19.75);39.50;39.50;(19.75);(0.5000);0.00;636 - مخزون البن المحمص;636 - مخزون البن المحمص
27 أبريل 2025;Payable Credit Note;MP 2451;سند صرف قهوه محموصه فرع التخصصي;Rosted Beanes Sidomo BULE HORA (1Kg) 4 كيس;(39.50);39.50;39.50;(39.50);(1.0000);0.00;636 - مخزون البن المحمص;636 - مخزون البن المحمص
30 أبريل 2025;Receivable Invoice;INV-3781;موقع سلة Salla website;Rosted Beanes Sidomo BULE HORA;(26.08);35.78;104.32;(8.95);(0.2500);68.54;203 - مبيعات المتجر الكترونى موقع سلة;636 - مخزون البن المحمص
03 مايو 2025;Payable Credit Note;MP 2456;عينات القهوة المحمصة;Rosted Beanes Sidomo BULE HORA (1Kg) قهوة سعودية ل تميم;(237.00);39.50;39.50;(237.00);(6.0000);0.00;636 - مخزون البن المحمص;636 - مخزون البن المحمص
11 مايو 2025;Payable Credit Note;MP 2469;سند صرف قهوه محموصه فرع التخصصي;Rosted Beanes Sidomo BULE HORA (1Kg);(79.00);39.50;39.50;(79.00);(2.0000);0.00;636 - مخزون البن المحمص;636 - مخزون البن المحمص
11 مايو 2025;Payable Credit Note;MP 2472;سند صرف قهوه محموصه فرع رفا;Rosted Beanes Sidomo BULE HORA (1Kg);(197.50);39.50;39.50;(197.50);(5.0000);0.00;636 - مخزون البن المحمص;636 - مخزون البن المحمص
17 مايو 2025;Payable Credit Note;MP 2477;سند صرف قهوه محموصه فرع واو;Rosted Beanes Sidomo BULE HORA (1Kg);(79.00);39.50;39.50;(79.00);(2.0000);0.00;636 - مخزون البن المحمص;636 - مخزون البن المحمص
17 مايو 2025;Payable Credit Note;MP 2481;سند صرف قهوه محموصه فرع رفا;Rosted Beanes Sidomo BULE HORA (1Kg);(197.50);39.50;39.50;(197.50);(5.0000);0.00;636 - مخزون البن المحمص;636 - مخزون البن المحمص
17 مايو 2025;Payable Credit Note;MP 2478;سند صرف قهوه محموصه فرع واو;Rosted Beanes Sidomo BULE HORA (1Kg);(79.00);39.50;39.50;(79.00);(2.0000);0.00;636 - مخزون البن المحمص;636 - مخزون البن المحمص
17 مايو 2025;Payable Credit Note;MP 2480;سند صرف قهوه محموصه فرع الصحافة;Rosted Beanes Sidomo BULE HORA (1Kg) 4 كيس;(39.50);39.50;39.50;(39.50);(1.0000);0.00;636 - مخزون البن المحمص;636 - مخزون البن المحمص
19 مايو 2025;Payable Invoice;7213;تحميص وارد لمستودع البن المحمص;Rosted Beanes Sidomo BULE HORA (1Kg);3,113.70;37.07;0.00;3,113.70;84.0000;0.00;;636 - مخزون البن المحمص
19 مايو 2025;Payable Invoice;7213;تحميص وارد لمستودع البن المحمص;Rosted Beanes Sidomo BULE HORA (1Kg) قهوة سعودية;240.75;35.93;0.00;240.75;6.7000;0.00;;636 - مخزون البن المحمص
20 مايو 2025;Receivable Invoice;INV-3734;Arto Caffee ارتوكفى;Rosted Beanes Sidomo BULE HORA;(890.00);35.78;89.00;(357.82);(10.0000);53.22;202 - مبيعات القهوة المحمصه;636 - مخزون البن المحمص
26 مايو 2025;Payable Credit Note;MP 2499;سند صرف قهوه محموصه فرع رفا;Rosted Beanes Sidomo BULE HORA (1Kg);(197.50);39.50;39.50;(197.50);(5.0000);0.00;636 - مخزون البن المحمص;636 - مخزون البن المحمص
29 مايو 2025;Payable Credit Note;MP 2505;سند صرف قهوه محموصه فرع الصحافة;Rosted Beanes Sidomo BULE HORA (1Kg) 4 كيس;(39.50);39.50;39.50;(39.50);(1.0000);0.00;636 - مخزون البن المحمص;636 - مخزون البن المحمص
31 مايو 2025;Receivable Invoice;INV-3944;موقع سلة Salla website;Rosted Beanes Sidomo BULE HORA;(26.08);36.80;104.32;(9.20);(0.2500);67.52;203 - مبيعات المتجر الكترونى موقع سلة;636 - مخزون البن المحمص
02 يونيو 2025;Payable Credit Note;MP 2510;سند صرف قهوه محموصه فرع التخصصي;Rosted Beanes Sidomo BULE HORA (1Kg);(158.00);39.50;39.50;(158.00);(4.0000);0.00;636 - مخزون البن المحمص;636 - مخزون البن المحمص
09 يونيو 2025;Payable Credit Note;MP 2520;سند صرف قهوه محموصه فرع رفا;Rosted Beanes Sidomo BULE HORA (1Kg) 4كيس;(39.50);39.50;39.50;(39.50);(1.0000);0.00;636 - مخزون البن المحمص;636 - مخزون البن المحمص
11 يونيو 2025;Payable Credit Note;MP 2521;سند صرف قهوه محموصه فرع واو;Rosted Beanes Sidomo BULE HORA (1Kg);(39.50);39.50;39.50;(39.50);(1.0000);0.00;636 - مخزون البن المحمص;636 - مخزون البن المحمص
12 يونيو 2025;Payable Invoice;7216;تحميص وارد لمستودع البن المحمص;Rosted Beanes Sidomo BULE HORA (1Kg) قهوة سعودية;240.75;37.04;0.00;240.75;6.5000;0.00;;636 - مخزون البن المحمص
12 يونيو 2025;Payable Invoice;7216;تحميص وارد لمستودع البن المحمص;Rosted Beanes Sidomo BULE HORA (1Kg);770.40;36.69;0.00;770.40;21.0000;0.00;;636 - مخزون البن المحمص
16 يونيو 2025;Payable Credit Note;2534;سند صرف قهوه محموصه فرع رفا;Rosted Beanes Sidomo BULE HORA (1Kg);(158.00);39.50;39.50;(158.00);(4.0000);0.00;636 - مخزون البن المحمص;636 - مخزون البن المحمص
16 يونيو 2025;Payable Credit Note;MP 2532;سند صرف قهوه محموصه فرع التخصصي;Rosted Beanes Sidomo BULE HORA (1Kg);(79.00);39.50;39.50;(79.00);(2.0000);0.00;636 - مخزون البن المحمص;636 - مخزون البن المحمص
18 يونيو 2025;Payable Invoice;7217;تحميص وارد لمستودع البن المحمص;Rosted Beanes Sidomo BULE HORA (1Kg);9,790.47;37.37;0.00;9,790.47;262.0000;0.00;;636 - مخزون البن المحمص
21 يونيو 2025;Receivable Invoice;INV-3914;Arto Caffee ارتوكفى;Rosted Beanes Sidomo BULE HORA;(1,780.00);36.82;89.00;(736.45);(20.0000);52.18;202 - مبيعات القهوة المحمصه;636 - مخزون البن المحمص
24 يونيو 2025;Receivable Invoice;INV-3938;مؤسسة جذل لتقديم المشروبات;Rosted Beanes Sidomo BULE HORA;(1,780.00);36.80;89.00;(736.06);(20.0000);52.20;202 - مبيعات القهوة المحمصه;636 - مخزون البن المحمص
24 يونيو 2025;Payable Credit Note;MP 2544.;سند صرف قهوه محموصه فرع حطين;Rosted Beanes Sidomo BULE HORA (1Kg) 10 كيس;(98.75);39.50;39.50;(98.75);(2.5000);0.00;636 - مخزون البن المحمص;636 - مخزون البن المحمص
26 يونيو 2025;Payable Credit Note;MP 2551;سند صرف قهوه محموصه فرع التخصصي;Rosted Beanes Sidomo BULE HORA (1Kg);(79.00);39.50;39.50;(79.00);(2.0000);0.00;636 - مخزون البن المحمص;636 - مخزون البن المحمص
30 يونيو 2025;Receivable Invoice;INV-4101;موقع سلة Salla website;Rosted Beanes Sidomo BULE HORA;(130.38);35.99;104.30;(44.98);(1.2500);68.32;203 - مبيعات المتجر الكترونى موقع سلة;636 - مخزون البن المحمص
07 يوليو 2025;Payable Credit Note;MP 2569;سند صرف قهوه محموصه فرع رفا;Rosted Beanes Sidomo BULE HORA (1Kg);(395.00);39.50;39.50;(395.00);(10.0000);0.00;636 - مخزون البن المحمص;636 - مخزون البن المحمص
10 يوليو 2025;Payable Credit Note;MP 2578;سند صرف قهوه محموصه فرع الصحافة;Rosted Beanes Sidomo BULE HORA (1Kg);(395.00);39.50;39.50;(395.00);(10.0000);0.00;636 - مخزون البن المحمص;636 - مخزون البن المحمص
13 يوليو 2025;Payable Credit Note;MP 2588;سند صرف قهوه محموصه فرع رفا;Rosted Beanes Sidomo BULE HORA (1Kg);(316.00);39.50;39.50;(316.00);(8.0000);0.00;636 - مخزون البن المحمص;636 - مخزون البن المحمص
13 يوليو 2025;Payable Credit Note;MP 2588;سند صرف قهوه محموصه فرع الصحافة;Rosted Beanes Sidomo BULE HORA (1Kg);(395.00);39.50;39.50;(395.00);(10.0000);0.00;636 - مخزون البن المحمص;636 - مخزون البن المحمص
20 يوليو 2025;Payable Credit Note;MP 2592;سند صرف قهوه محموصه فرع حطين;Rosted Beanes Sidomo BULE HORA (1Kg);(434.50);39.50;39.50;(434.50);(11.0000);0.00;636 - مخزون البن المحمص;636 - مخزون البن المحمص
20 يوليو 2025;Payable Credit Note;MP 2593;سند صرف قهوه محموصه فرع التخصصي;Rosted Beanes Sidomo BULE HORA (1Kg);(118.50);39.50;39.50;(118.50);(3.0000);0.00;636 - مخزون البن المحمص;636 - مخزون البن المحمص
20 يوليو 2025;Payable Credit Note;MP 2593;سند صرف قهوه محموصه فرع الصحافة;Rosted Beanes Sidomo BULE HORA (1Kg);(790.00);39.50;39.50;(790.00);(20.0000);0.00;636 - مخزون البن المحمص;636 - مخزون البن المحمص
23 يوليو 2025;Payable Credit Note;MP 2597;سند صرف قهوه محموصه فرع حطين;Rosted Beanes Sidomo BULE HORA (1Kg);(316.00);39.50;39.50;(316.00);(8.0000);0.00;636 - مخزون البن المحمص;636 - مخزون البن المحمص
23 يوليو 2025;Payable Credit Note;MP 2596;سند صرف قهوه محموصه فرع الصحافة;Rosted Beanes Sidomo BULE HORA (1Kg);(790.00);39.50;39.50;(790.00);(20.0000);0.00;636 - مخزون البن المحمص;636 - مخزون البن المحمص
24 يوليو 2025;Receivable Invoice;INV-4160;شركة مستشفي المحمدية للرعاية الطبية;Rosted Beanes Sidomo BULE HORA;(89.00);34.62;89.00;(34.62);(1.0000);54.38;202 - مبيعات القهوة المحمصه;636 - مخزون البن المحمص
29 يوليو 2025;Payable Credit Note;MP 2604;سند صرف قهوه محموصه فرع رفا;Rosted Beanes Sidomo BULE HORA (1Kg);(395.00);39.50;39.50;(395.00);(10.0000);0.00;636 - مخزون البن المحمص;636 - مخزون البن المحمص
29 يوليو 2025;Payable Credit Note;MP 2606;سند صرف قهوه محموصه فرع حطين;Rosted Beanes Sidomo BULE HORA (1Kg);(395.00);39.50;39.50;(395.00);(10.0000);0.00;636 - مخزون البن المحمص;636 - مخزون البن المحمص
29 يوليو 2025;Payable Credit Note;MP 2605;سند صرف قهوه محموصه فرع الصحافة;Rosted Beanes Sidomo BULE HORA (1Kg);(790.00);39.50;39.50;(790.00);(20.0000);0.00;636 - مخزون البن المحمص;636 - مخزون البن المحمص
30 يوليو 2025;Receivable Invoice;INV-4142;مؤسسة جذل لتقديم المشروبات;Rosted Beanes Sidomo BULE HORA;(1,780.00);34.62;89.00;(692.45);(20.0000);54.38;202 - مبيعات القهوة المحمصه;636 - مخزون البن المحمص
31 يوليو 2025;Receivable Invoice;INV-4243;موقع سلة Salla website;Rosted Beanes Sidomo BULE HORA;(130.38);35.60;104.30;(44.50);(1.2500);68.70;203 - مبيعات المتجر الكترونى موقع سلة;636 - مخزون البن المحمص
01 أغسطس 2025;Payable Credit Note;MP 2613;سند صرف قهوه محموصه فرع واو;Rosted Beanes Sidomo BULE HORA (1Kg);(118.50);39.50;39.50;(118.50);(3.0000);0.00;636 - مخزون البن المحمص;636 - مخزون البن المحمص
01 أغسطس 2025;Payable Credit Note;MP 2612;سند صرف قهوه محموصه فرع الصحافة;Rosted Beanes Sidomo BULE HORA (1Kg);(790.00);39.50;39.50;(790.00);(20.0000);0.00;636 - مخزون البن المحمص;636 - مخزون البن المحمص
01 أغسطس 2025;Payable Credit Note;MP 2613;سند صرف قهوه محموصه فرع حطين;Rosted Beanes Sidomo BULE HORA (1Kg);(355.50);39.50;39.50;(355.50);(9.0000);0.00;636 - مخزون البن المحمص;636 - مخزون البن المحمص
01 أغسطس 2025;Payable Credit Note;MP 2612;سند صرف قهوه محموصه فرع التخصصي;Rosted Beanes Sidomo BULE HORA (1Kg);(79.00);39.50;39.50;(79.00);(2.0000);0.00;636 - مخزون البن المحمص;636 - مخزون البن المحمص
04 أغسطس 2025;Receivable Invoice;INV-4173;Arto Caffee ارتوكفى;Rosted Beanes Sidomo BULE HORA;(1,335.00);36.16;89.00;(542.35);(15.0000);52.84;202 - مبيعات القهوة المحمصه;636 - مخزون البن المحمص
05 أغسطس 2025;Payable Invoice;7219;تحميص وارد لمستودع البن المحمص;Rosted Beanes Sidomo BULE HORA (1Kg);9,244.80;37.58;0.00;9,244.80;246.0000;0.00;;636 - مخزون البن المحمص
07 أغسطس 2025;Payable Credit Note;MP 2620;سند صرف قهوه محموصه فرع حطين;Rosted Beanes Sidomo BULE HORA (1Kg);(474.00);39.50;39.50;(474.00);(12.0000);0.00;636 - مخزون البن المحمص;636 - مخزون البن المحمص
07 أغسطس 2025;Payable Credit Note;MP 2619;سند صرف قهوه محموصه فرع رفا;Rosted Beanes Sidomo BULE HORA (1Kg);(395.00);39.50;39.50;(395.00);(10.0000);0.00;636 - مخزون البن المحمص;636 - مخزون البن المحمص
11 أغسطس 2025;Payable Credit Note;MP 2624;سند صرف قهوه محموصه فرع حطين;Rosted Beanes Sidomo BULE HORA (1Kg);(316.00);39.50;39.50;(316.00);(8.0000);0.00;636 - مخزون البن المحمص;636 - مخزون البن المحمص
11 أغسطس 2025;Payable Credit Note;MP 2623;سند صرف قهوه محموصه فرع الصحافة;Rosted Beanes Sidomo BULE HORA (1Kg);(790.00);39.50;39.50;(790.00);(20.0000);0.00;636 - مخزون البن المحمص;636 - مخزون البن المحمص
15 أغسطس 2025;Payable Credit Note;MP 2626;سند صرف قهوه محموصه فرع الصحافة;Rosted Beanes Sidomo BULE HORA (1Kg);(395.00);39.50;39.50;(395.00);(10.0000);0.00;636 - مخزون البن المحمص;636 - مخزون البن المحمص
15 أغسطس 2025;Payable Credit Note;MP 2627;سند صرف قهوه محموصه فرع رفا;Rosted Beanes Sidomo BULE HORA (1Kg);(197.50);39.50;39.50;(197.50);(5.0000);0.00;636 - مخزون البن المحمص;636 - مخزون البن المحمص
16 أغسطس 2025;Payable Credit Note;MP 2630;سند صرف قهوه محموصه فرع حطين;Rosted Beanes Sidomo BULE HORA (1Kg);(592.50);39.50;39.50;(592.50);(15.0000);0.00;636 - مخزون البن المحمص;636 - مخزون البن المحمص
18 أغسطس 2025;Payable Invoice;7221;تحميص وارد لمستودع البن المحمص;Rosted Beanes Sidomo BULE HORA (1Kg);7,383.00;36.92;0.00;7,383.00;200.0000;0.00;;636 - مخزون البن المحمص
19 أغسطس 2025;Payable Credit Note;MP 2635;سند صرف قهوه محموصه فرع واو;Rosted Beanes Sidomo BULE HORA (1Kg);(19.75);39.50;39.50;(19.75);(0.5000);0.00;636 - مخزون البن المحمص;636 - مخزون البن المحمص
19 أغسطس 2025;Payable Credit Note;MP 2633;سند صرف قهوه محموصه فرع حطين;Rosted Beanes Sidomo BULE HORA (1Kg);(118.50);39.50;39.50;(118.50);(3.0000);0.00;636 - مخزون البن المحمص;636 - مخزون البن المحمص
19 أغسطس 2025;Payable Credit Note;MP 2637;سند صرف قهوه محموصه فرع التخصصي;Rosted Beanes Sidomo BULE HORA (1Kg);(19.75);39.50;39.50;(19.75);(0.5000);0.00;636 - مخزون البن المحمص;636 - مخزون البن المحمص
19 أغسطس 2025;Payable Credit Note;MP 2634;سند صرف قهوه محموصه فرع رفا;Rosted Beanes Sidomo BULE HORA (1Kg);(39.50);39.50;39.50;(39.50);(1.0000);0.00;636 - مخزون البن المحمص;636 - مخزون البن المحمص
19 أغسطس 2025;Payable Credit Note;MP 2631;سند صرف قهوه محموصه فرع الصحافة;Rosted Beanes Sidomo BULE HORA (1Kg);(790.00);39.50;39.50;(790.00);(20.0000);0.00;636 - مخزون البن المحمص;636 - مخزون البن المحمص
19 أغسطس 2025;Payable Credit Note;MP 2631;سند صرف قهوه محموصه فرع الصحافة;Rosted Beanes Sidomo BULE HORA (1Kg);(158.00);39.50;39.50;(158.00);(4.0000);0.00;636 - مخزون البن المحمص;636 - مخزون البن المحمص
19 أغسطس 2025;Payable Credit Note;MP 2636;سند صرف قهوه محموصه فرع التخصصي;Rosted Beanes Sidomo BULE HORA (1Kg);(79.00);39.50;39.50;(79.00);(2.0000);0.00;636 - مخزون البن المحمص;636 - مخزون البن المحمص
23 أغسطس 2025;Payable Credit Note;MP 2645;سند صرف قهوه محموصه فرع حطين;Rosted Beanes Sidomo BULE HORA (1Kg);(474.00);39.50;39.50;(474.00);(12.0000);0.00;636 - مخزون البن المحمص;636 - مخزون البن المحمص
23 أغسطس 2025;Payable Credit Note;MP 2641;سند صرف قهوه محموصه فرع رفا;Rosted Beanes Sidomo BULE HORA (1Kg);(197.50);39.50;39.50;(197.50);(5.0000);0.00;636 - مخزون البن المحمص;636 - مخزون البن المحمص
24 أغسطس 2025;Payable Credit Note;MP 2646;سند صرف قهوه محموصه فرع الصحافة;Rosted Beanes Sidomo BULE HORA (1Kg);(395.00);39.50;39.50;(395.00);(10.0000);0.00;636 - مخزون البن المحمص;636 - مخزون البن المحمص
24 أغسطس 2025;Payable Credit Note;MP 2646;سند صرف قهوه محموصه فرع الصحافة;Rosted Beanes Sidomo BULE HORA (1Kg);(39.50);39.50;39.50;(39.50);(1.0000);0.00;636 - مخزون البن المحمص;636 - مخزون البن المحمص
25 أغسطس 2025;Payable Credit Note;MP 2647;سند صرف قهوه محموصه فرع التخصصي;Rosted Beanes Sidomo BULE HORA (1Kg);(9.88);39.52;39.52;(9.88);(0.2500);0.00;636 - مخزون البن المحمص;636 - مخزون البن المحمص
26 أغسطس 2025;Payable Credit Note;MP 2649;سند صرف قهوه محموصه فرع الصحافة;Rosted Beanes Sidomo BULE HORA (1Kg);(197.50);39.50;39.50;(197.50);(5.0000);0.00;636 - مخزون البن المحمص;636 - مخزون البن المحمص
26 أغسطس 2025;Receivable Invoice;INV-4289;Arto Caffee ارتوكفى;Rosted Beanes Sidomo BULE HORA;(1,335.00);35.39;89.00;(530.91);(15.0000);53.61;202 - مبيعات القهوة المحمصه;636 - مخزون البن المحمص
31 أغسطس 2025;Payable Credit Note;MP 2653;سند صرف قهوه محموصه فرع واو;Rosted Beanes Sidomo BULE HORA (1Kg);(79.00);39.50;39.50;(79.00);(2.0000);0.00;636 - مخزون البن المحمص;636 - مخزون البن المحمص
31 أغسطس 2025;Payable Credit Note;MP 2652;سند صرف قهوه محموصه فرع التخصصي;Rosted Beanes Sidomo BULE HORA (1Kg);(79.00);39.50;39.50;(79.00);(2.0000);0.00;636 - مخزون البن المحمص;636 - مخزون البن المحمص
31 أغسطس 2025;Payable Credit Note;MP 2657;سند صرف قهوه محموصه فرع حطين;Rosted Beanes Sidomo BULE HORA (1Kg);(553.00);39.50;39.50;(553.00);(14.0000);0.00;636 - مخزون البن المحمص;636 - مخزون البن المحمص
31 أغسطس 2025;Payable Credit Note;MP 2656;سند صرف قهوه محموصه فرع رفا;Rosted Beanes Sidomo BULE HORA (1Kg);(158.00);39.50;39.50;(158.00);(4.0000);0.00;636 - مخزون البن المحمص;636 - مخزون البن المحمص
31 أغسطس 2025;Payable Credit Note;MP 2656;سند صرف قهوه محموصه فرع رفا;Rosted Beanes Sidomo BULE HORA (1Kg);(39.50);39.50;39.50;(39.50);(1.0000);0.00;636 - مخزون البن المحمص;636 - مخزون البن المحمص
31 أغسطس 2025;Payable Credit Note;MP 2655;سند صرف قهوه محموصه فرع الصحافة;Rosted Beanes Sidomo BULE HORA (1Kg);(395.00);39.50;39.50;(395.00);(10.0000);0.00;636 - مخزون البن المحمص;636 - مخزون البن المحمص
31 أغسطس 2025;Receivable Invoice;INV-4356;موقع سلة Salla website;Rosted Beanes Sidomo BULE HORA;(52.15);34.52;104.30;(17.26);(0.5000);69.78;203 - مبيعات المتجر الكترونى موقع سلة;636 - مخزون البن المحمص
02 سبتمبر 2025;Payable Credit Note;MP 2659;سند صرف قهوه محموصه فرع التخصصي;Rosted Beanes Sidomo BULE HORA (1Kg);(79.00);39.50;39.50;(79.00);(2.0000);0.00;636 - مخزون البن المحمص;636 - مخزون البن المحمص
02 سبتمبر 2025;Payable Credit Note;MP 2660;سند صرف قهوه محموصه فرع الصحافة;Rosted Beanes Sidomo BULE HORA (1Kg);(592.50);39.50;39.50;(592.50);(15.0000);0.00;636 - مخزون البن المحمص;636 - مخزون البن المحمص
04 سبتمبر 2025;Payable Invoice;7222;تحميص وارد لمستودع البن المحمص;Rosted Beanes Sidomo BULE HORA (1Kg);770.40;36.69;0.00;770.40;21.0000;0.00;;636 - مخزون البن المحمص
04 سبتمبر 2025;Payable Credit Note;MP 2669;سند صرف قهوه محموصه فرع الصحافة;Rosted Beanes Sidomo BULE HORA (1Kg);(197.50);39.50;39.50;(197.50);(5.0000);0.00;636 - مخزون البن المحمص;636 - مخزون البن المحمص
04 سبتمبر 2025;Payable Credit Note;MP 2669;سند صرف قهوه محموصه فرع الصحافة;Rosted Beanes Sidomo BULE HORA (1Kg) 4 كيس;(39.50);39.50;39.50;(39.50);(1.0000);0.00;636 - مخزون البن المحمص;636 - مخزون البن المحمص
04 سبتمبر 2025;Receivable Invoice;INV-4338;شركة قطرة المحدودة;Rosted Beanes Sidomo BULE HORA;(2,025.00);34.73;135.00;(520.97);(15.0000);100.27;202 - مبيعات القهوة المحمصه;636 - مخزون البن المحمص
06 سبتمبر 2025;Payable Credit Note;MP 2668;سند صرف قهوه محموصه فرع التخصصي;Rosted Beanes Sidomo BULE HORA (1Kg);(39.50);39.50;39.50;(39.50);(1.0000);0.00;636 - مخزون البن المحمص;636 - مخزون البن المحمص
06 سبتمبر 2025;Payable Credit Note;MP 2667;سند صرف قهوه محموصه فرع حطين;Rosted Beanes Sidomo BULE HORA (1Kg);(632.00);39.50;39.50;(632.00);(16.0000);0.00;636 - مخزون البن المحمص;636 - مخزون البن المحمص
09 سبتمبر 2025;Payable Credit Note;MP 2674;سند صرف قهوه محموصه فرع رفا;Rosted Beanes Sidomo BULE HORA (1Kg);(158.00);39.50;39.50;(158.00);(4.0000);0.00;636 - مخزون البن المحمص;636 - مخزون البن المحمص
09 سبتمبر 2025;Payable Credit Note;MP 2676;سند صرف قهوه محموصه فرع التخصصي;Rosted Beanes Sidomo BULE HORA (1Kg);(79.00);39.50;39.50;(79.00);(2.0000);0.00;636 - مخزون البن المحمص;636 - مخزون البن المحمص
09 سبتمبر 2025;Payable Credit Note;MP 2676;سند صرف قهوه محموصه فرع التخصصي;Rosted Beanes Sidomo BULE HORA (1Kg);(19.75);39.50;39.50;(19.75);(0.5000);0.00;636 - مخزون البن المحمص;636 - مخزون البن المحمص
10 سبتمبر 2025;Receivable Invoice;INV-4380;مؤسسة جذل لتقديم المشروبات;Rosted Beanes Sidomo BULE HORA;(1,780.00);34.42;89.00;(688.34);(20.0000);54.58;202 - مبيعات القهوة المحمصه;636 - مخزون البن المحمص
11 سبتمبر 2025;Payable Credit Note;MP 2679;سند صرف قهوه محموصه فرع الصحافة;Rosted Beanes Sidomo BULE HORA (1Kg);(395.00);39.50;39.50;(395.00);(10.0000);0.00;636 - مخزون البن المحمص;636 - مخزون البن المحمص
14 سبتمبر 2025;Payable Invoice;7223;تحميص وارد لمستودع البن المحمص;Rosted Beanes Sidomo BULE HORA (1Kg) قهوة سعودية;240.75;35.93;0.00;240.75;6.7000;0.00;;636 - مخزون البن المحمص
14 سبتمبر 2025;Payable Invoice;7223;تحميص وارد لمستودع البن المحمص;Rosted Beanes Sidomo BULE HORA (1Kg);1,155.60;37.28;0.00;1,155.60;31.0000;0.00;;636 - مخزون البن المحمص
14 سبتمبر 2025;Payable Credit Note;MP 2687;سند صرف قهوه محموصه فرع رفا;Rosted Beanes Sidomo BULE HORA (1Kg);(395.00);39.50;39.50;(395.00);(10.0000);0.00;636 - مخزون البن المحمص;636 - مخزون البن المحمص
14 سبتمبر 2025;Payable Credit Note;MP 2683;سند صرف قهوه محموصه فرع الصحافة;Rosted Beanes Sidomo BULE HORA (1Kg);(118.50);39.50;39.50;(118.50);(3.0000);0.00;636 - مخزون البن المحمص;636 - مخزون البن المحمص
14 سبتمبر 2025;Payable Credit Note;MP 2684;سند صرف قهوه محموصه فرع الصحافة;Rosted Beanes Sidomo BULE HORA (1Kg);(592.50);39.50;39.50;(592.50);(15.0000);0.00;636 - مخزون البن المحمص;636 - مخزون البن المحمص
14 سبتمبر 2025;Payable Credit Note;MP 2686;سند صرف قهوه محموصه فرع رفا;Rosted Beanes Sidomo BULE HORA (1Kg);(79.00);39.50;39.50;(79.00);(2.0000);0.00;636 - مخزون البن المحمص;636 - مخزون البن المحمص
14 سبتمبر 2025;Payable Credit Note;MP 2680;عينات القهوة المحمصة;Rosted Beanes Sidomo BULE HORA (1Kg) تميم;(197.50);39.50;39.50;(197.50);(5.0000);0.00;636 - مخزون البن المحمص;636 - مخزون البن المحمص
14 سبتمبر 2025;Payable Credit Note;MP 2688;سند صرف قهوه محموصه فرع حطين;Rosted Beanes Sidomo BULE HORA (1Kg) 36 كيس;(355.50);39.50;39.50;(355.50);(9.0000);0.00;636 - مخزون البن المحمص;636 - مخزون البن المحمص
14 سبتمبر 2025;Payable Credit Note;MP 2682;سند صرف قهوه محموصه فرع واو;Rosted Beanes Sidomo BULE HORA (1Kg);(19.75);39.50;39.50;(19.75);(0.5000);0.00;636 - مخزون البن المحمص;636 - مخزون البن المحمص
14 سبتمبر 2025;Payable Credit Note;MP 2682;سند صرف قهوه محموصه فرع واو;Rosted Beanes Sidomo BULE HORA (1Kg);(118.50);39.50;39.50;(118.50);(3.0000);0.00;636 - مخزون البن المحمص;636 - مخزون البن المحمص
14 سبتمبر 2025;Payable Credit Note;MP 2680;سند صرف قهوه محموصه فرع حطين;Rosted Beanes Sidomo BULE HORA (1Kg);(632.00);39.50;39.50;(632.00);(16.0000);0.00;636 - مخزون البن المحمص;636 - مخزون البن المحمص
15 سبتمبر 2025;Payable Credit Note;MP 2681;سند صرف قهوه محموصه فرع التخصصي;Rosted Beanes Sidomo BULE HORA (1Kg);(39.50);39.50;39.50;(39.50);(1.0000);0.00;636 - مخزون البن المحمص;636 - مخزون البن المحمص
15 سبتمبر 2025;Payable Credit Note;MP 2690;سند صرف قهوه محموصه فرع التخصصي;Rosted Beanes Sidomo BULE HORA (1Kg);(118.50);39.50;39.50;(118.50);(3.0000);0.00;636 - مخزون البن المحمص;636 - مخزون البن المحمص
16 سبتمبر 2025;Payable Invoice;7224;تحميص وارد لمستودع البن المحمص;Rosted Beanes Sidomo BULE HORA (1Kg);8,602.81;37.24;0.00;8,602.81;231.0000;0.00;;636 - مخزون البن المحمص
20 سبتمبر 2025;Payable Credit Note;MP 2697;سند صرف قهوه محموصه فرع حطين;Rosted Beanes Sidomo BULE HORA (1Kg);(355.50);39.50;39.50;(355.50);(9.0000);0.00;636 - مخزون البن المحمص;636 - مخزون البن المحمص
21 سبتمبر 2025;Receivable Invoice;INV-4433;Arto Caffee ارتوكفى;Rosted Beanes Sidomo BULE HORA;(1,780.00);35.15;89.00;(702.99);(20.0000);53.85;202 - مبيعات القهوة المحمصه;636 - مخزون البن المحمص
23 سبتمبر 2025;Payable Credit Note;MP 2701;سند صرف قهوه محموصه فرع الصحافة;Rosted Beanes Sidomo BULE HORA (1Kg);(790.00);39.50;39.50;(790.00);(20.0000);0.00;636 - مخزون البن المحمص;636 - مخزون البن المحمص
27 سبتمبر 2025;Payable Credit Note;;سند صرف قهوه محموصه فرع رفا;Rosted Beanes Sidomo BULE HORA (1Kg);(158.00);39.50;39.50;(158.00);(4.0000);0.00;636 - مخزون البن المحمص;636 - مخزون البن المحمص
28 سبتمبر 2025;Payable Credit Note;MP 2708;سند صرف قهوه محموصه فرع واو;Rosted Beanes Sidomo BULE HORA (1Kg);(79.00);39.50;39.50;(79.00);(2.0000);0.00;636 - مخزون البن المحمص;636 - مخزون البن المحمص
28 سبتمبر 2025;Payable Credit Note;MP 2706;سند صرف قهوه محموصه فرع حطين;Rosted Beanes Sidomo BULE HORA (1Kg);(948.00);39.50;39.50;(948.00);(24.0000);0.00;636 - مخزون البن المحمص;636 - مخزون البن المحمص
28 سبتمبر 2025;Payable Credit Note;MP 2707;سند صرف قهوه محموصه فرع الصحافة;Rosted Beanes Sidomo BULE HORA (1Kg);(197.50);39.50;39.50;(197.50);(5.0000);0.00;636 - مخزون البن المحمص;636 - مخزون البن المحمص
28 سبتمبر 2025;Payable Credit Note;MP 2707;سند صرف قهوه محموصه فرع الصحافة;Rosted Beanes Sidomo BULE HORA (1Kg);(98.75);39.50;39.50;(98.75);(2.5000);0.00;636 - مخزون البن المحمص;636 - مخزون البن المحمص
29 سبتمبر 2025;Receivable Invoice;INV-4469;موقع سلة Salla website;Rosted Beanes Sidomo BULE HORA;(214.13);34.43;171.30;(43.04);(1.2500);136.88;203 - مبيعات المتجر الكترونى موقع سلة;636 - مخزون البن المحمص
30 سبتمبر 2025;Payable Credit Note;MP 2711;سند صرف قهوه محموصه فرع حطين;Rosted Beanes Sidomo BULE HORA (1Kg);(632.00);39.50;39.50;(632.00);(16.0000);0.00;636 - مخزون البن المحمص;636 - مخزون البن المحمص
30 سبتمبر 2025;Adjustment;Bulk Adjustment;;جرد البن المحمص 30/9;(449.96);34.22;0.00;(449.96);(13.1500);0.00;;636 - مخزون البن المحمص
02 أكتوبر 2025;Receivable Invoice;INV-4483;مؤسسة جذل لتقديم المشروبات;Rosted Beanes Sidomo BULE HORA;(1,780.00);34.22;89.00;(684.35);(20.0000);54.78;202 - مبيعات القهوة المحمصه;636 - مخزون البن المحمص
05 أكتوبر 2025;Payable Credit Note;MP 2721;سند صرف قهوه محموصه فرع الصحافة;Rosted Beanes Sidomo BULE HORA (1Kg) 8 كيس;(79.00);39.50;39.50;(79.00);(2.0000);0.00;636 - مخزون البن المحمص;636 - مخزون البن المحمص
05 أكتوبر 2025;Payable Credit Note;MP 2720;سند صرف قهوه محموصه فرع حطين;Rosted Beanes Sidomo BULE HORA (1Kg);(79.00);39.50;39.50;(79.00);(2.0000);0.00;636 - مخزون البن المحمص;636 - مخزون البن المحمص
05 أكتوبر 2025;Payable Credit Note;MP 2718;سند صرف قهوه محموصه فرع الصحافة;Rosted Beanes Sidomo BULE HORA (1Kg);(790.00);39.50;39.50;(790.00);(20.0000);0.00;636 - مخزون البن المحمص;636 - مخزون البن المحمص
05 أكتوبر 2025;Payable Credit Note;MP 2718;سند صرف قهوه محموصه فرع الصحافة;Rosted Beanes Sidomo BULE HORA (1Kg) 8 كيس;(79.00);39.50;39.50;(79.00);(2.0000);0.00;636 - مخزون البن المحمص;636 - مخزون البن المحمص
06 أكتوبر 2025;Payable Credit Note;MP 2722;سند صرف قهوه محموصه فرع التخصصي;Rosted Beanes Sidomo BULE HORA (1Kg);(395.00);39.50;39.50;(395.00);(10.0000);0.00;636 - مخزون البن المحمص;636 - مخزون البن المحمص
07 أكتوبر 2025;Payable Credit Note;MP 2725;سند صرف قهوه محموصه فرع التخصصي;Rosted Beanes Sidomo BULE HORA (1Kg);(158.00);39.50;39.50;(158.00);(4.0000);0.00;636 - مخزون البن المحمص;636 - مخزون البن المحمص
07 أكتوبر 2025;Payable Credit Note;MP 2725;سند صرف قهوه محموصه فرع التخصصي;Rosted Beanes Sidomo BULE HORA (1Kg);(39.50);39.50;39.50;(39.50);(1.0000);0.00;636 - مخزون البن المحمص;636 - مخزون البن المحمص
08 أكتوبر 2025;Payable Credit Note;MP 2728;سند صرف قهوه محموصه فرع الصحافة;Rosted Beanes Sidomo BULE HORA (1Kg);(790.00);39.50;39.50;(790.00);(20.0000);0.00;636 - مخزون البن المحمص;636 - مخزون البن المحمص
09 أكتوبر 2025;Payable Credit Note;MP 2727;سند صرف قهوه محموصه فرع رفا;Rosted Beanes Sidomo BULE HORA (1Kg);(237.00);39.50;39.50;(237.00);(6.0000);0.00;636 - مخزون البن المحمص;636 - مخزون البن المحمص
09 أكتوبر 2025;Payable Credit Note;MP 2727;سند صرف قهوه محموصه فرع رفا;Rosted Beanes Sidomo BULE HORA (1Kg) 4 كيس;(39.50);39.50;39.50;(39.50);(1.0000);0.00;636 - مخزون البن المحمص;636 - مخزون البن المحمص
09 أكتوبر 2025;Payable Credit Note;MP 2726;سند صرف قهوه محموصه فرع حطين;Rosted Beanes Sidomo BULE HORA (1Kg);(1,777.50);39.50;39.50;(1,777.50);(45.0000);0.00;636 - مخزون البن المحمص;636 - مخزون البن المحمص
09 أكتوبر 2025;Receivable Invoice;INV-4519;شركة قطرة المحدودة;Rosted Beanes Sidomo BULE HORA;(2,025.00);32.31;135.00;(484.70);(15.0000);102.69;202 - مبيعات القهوة المحمصه;636 - مخزون البن المحمص
14 أكتوبر 2025;Payable Credit Note;MP 2736;سند صرف قهوه محموصه فرع التخصصي;Rosted Beanes Sidomo BULE HORA (1Kg);(197.50);39.50;39.50;(197.50);(5.0000);0.00;636 - مخزون البن المحمص;636 - مخزون البن المحمص
15 أكتوبر 2025;Payable Credit Note;MP 2738;سند صرف قهوه محموصه فرع الصحافة;Rosted Beanes Sidomo BULE HORA (1Kg);(395.00);39.50;39.50;(395.00);(10.0000);0.00;636 - مخزون البن المحمص;636 - مخزون البن المحمص
16 أكتوبر 2025;Payable Invoice;7226;تحميص وارد لمستودع البن المحمص;Rosted Beanes Sidomo BULE HORA (1Kg);8,667.00;37.52;0.00;8,667.00;231.0000;0.00;;636 - مخزون البن المحمص
16 أكتوبر 2025;Payable Invoice;7226;تحميص وارد لمستودع البن المحمص;Rosted Beanes Sidomo BULE HORA (1Kg) قهوة سعودية;240.75;35.93;0.00;240.75;6.7000;0.00;;636 - مخزون البن المحمص
17 أكتوبر 2025;Receivable Invoice;INV-4562;Arto Caffee ارتوكفى;Rosted Beanes Sidomo BULE HORA;(2,225.00);31.10;89.00;(777.60);(25.0000);57.90;202 - مبيعات القهوة المحمصه;636 - مخزون البن المحمص
20 أكتوبر 2025;Payable Credit Note;MP 2742;سند صرف قهوه محموصه فرع حطين;Rosted Beanes Sidomo BULE HORA (1Kg);(2,054.00);39.50;39.50;(2,054.00);(52.0000);0.00;636 - مخزون البن المحمص;636 - مخزون البن المحمص
21 أكتوبر 2025;Payable Credit Note;MP 2747;سند صرف قهوه محموصه فرع الصحافة;Rosted Beanes Sidomo BULE HORA (1Kg);(790.00);39.50;39.50;(790.00);(20.0000);0.00;636 - مخزون البن المحمص;636 - مخزون البن المحمص
23 أكتوبر 2025;Payable Credit Note;MP 2749;سند صرف قهوه محموصه فرع التخصصي;Rosted Beanes Sidomo BULE HORA (1Kg);(237.00);39.50;39.50;(237.00);(6.0000);0.00;636 - مخزون البن المحمص;636 - مخزون البن المحمص
26 أكتوبر 2025;Payable Credit Note;MP 2753;سند صرف قهوه محموصه فرع حطين;Rosted Beanes Sidomo BULE HORA (1Kg);(1,343.00);39.50;39.50;(1,343.00);(34.0000);0.00;636 - مخزون البن المحمص;636 - مخزون البن المحمص
27 أكتوبر 2025;Payable Credit Note;MP 2755;سند صرف قهوه محموصه فرع رفا;Rosted Beanes Sidomo BULE HORA (1Kg);(316.00);39.50;39.50;(316.00);(8.0000);0.00;636 - مخزون البن المحمص;636 - مخزون البن المحمص
27 أكتوبر 2025;Payable Credit Note;MP 2757;سند صرف قهوه محموصه فرع الصحافة;Rosted Beanes Sidomo BULE HORA (1Kg);(395.00);39.50;39.50;(395.00);(10.0000);0.00;636 - مخزون البن المحمص;636 - مخزون البن المحمص
27 أكتوبر 2025;Payable Credit Note;MP 2754;سند صرف قهوه محموصه فرع حطين;Rosted Beanes Sidomo BULE HORA (1Kg) 12 كيس;(118.50);39.50;39.50;(118.50);(3.0000);0.00;636 - مخزون البن المحمص;636 - مخزون البن المحمص
28 أكتوبر 2025;Payable Credit Note;MP 2758;سند صرف قهوه محموصه فرع التخصصي;Rosted Beanes Sidomo BULE HORA (1Kg);(395.00);39.50;39.50;(395.00);(10.0000);0.00;636 - مخزون البن المحمص;636 - مخزون البن المحمص
31 أكتوبر 2025;Payable Credit Note;MP 2762;سند صرف قهوه محموصه فرع الصحافة;Rosted Beanes Sidomo BULE HORA (1Kg);(395.00);39.50;39.50;(395.00);(10.0000);0.00;636 - مخزون البن المحمص;636 - مخزون البن المحمص
31 أكتوبر 2025;Payable Credit Note;MP 2760;سند صرف قهوه محموصه فرع التخصصي;Rosted Beanes Sidomo BULE HORA (1Kg) 4كيس;(39.50);39.50;39.50;(39.50);(1.0000);0.00;636 - مخزون البن المحمص;636 - مخزون البن المحمص
31 أكتوبر 2025;Receivable Invoice;INV-4744;موقع سلة Salla website;Rosted Beanes Sidomo BULE HORA;(453.65);15.16;120.97;(56.87);(3.7500);105.81;203 - مبيعات المتجر الكترونى موقع سلة;636 - مخزون البن المحمص
01 نوفمبر 2025;Receivable Invoice;INV-4645;مؤسسة جذل لتقديم المشروبات;Rosted Beanes Sidomo BULE HORA;(1,780.00);31.93;89.00;(638.68);(20.0000);57.07;202 - مبيعات القهوة المحمصه;636 - مخزون البن المحمص
03 نوفمبر 2025;Payable Credit Note;MP 2772;سند صرف قهوه محموصه فرع رفا;Rosted Beanes Sidomo BULE HORA (1Kg);(158.00);39.50;39.50;(158.00);(4.0000);0.00;636 - مخزون البن المحمص;636 - مخزون البن المحمص
03 نوفمبر 2025;Payable Credit Note;MP 2766;سند صرف قهوه محموصه فرع الصحافة;Rosted Beanes Sidomo BULE HORA (1Kg);(118.50);39.50;39.50;(118.50);(3.0000);0.00;636 - مخزون البن المحمص;636 - مخزون البن المحمص
03 نوفمبر 2025;Payable Credit Note;MP 2768;سند صرف قهوه محموصه فرع التخصصي;Rosted Beanes Sidomo BULE HORA (1Kg);(39.50);39.50;39.50;(39.50);(1.0000);0.00;636 - مخزون البن المحمص;636 - مخزون البن المحمص
03 نوفمبر 2025;Payable Credit Note;MP 2767;سند صرف قهوه محموصه فرع رفا;Rosted Beanes Sidomo BULE HORA (1Kg);(39.50);39.50;39.50;(39.50);(1.0000);0.00;636 - مخزون البن المحمص;636 - مخزون البن المحمص
03 نوفمبر 2025;Payable Credit Note;MP 2765;سند صرف قهوه محموصه فرع حطين;Rosted Beanes Sidomo BULE HORA (1Kg);(118.50);39.50;39.50;(118.50);(3.0000);0.00;636 - مخزون البن المحمص;636 - مخزون البن المحمص
03 نوفمبر 2025;Payable Credit Note;MP 2769;سند صرف قهوه محموصه فرع الصحافة;Rosted Beanes Sidomo BULE HORA (1Kg);(395.00);39.50;39.50;(395.00);(10.0000);0.00;636 - مخزون البن المحمص;636 - مخزون البن المحمص
03 نوفمبر 2025;Payable Credit Note;MP 2771;سند صرف قهوه محموصه فرع التخصصي;Rosted Beanes Sidomo BULE HORA (1Kg);(395.00);39.50;39.50;(395.00);(10.0000);0.00;636 - مخزون البن المحمص;636 - مخزون البن المحمص
04 نوفمبر 2025;Payable Credit Note;MP 2774;سند صرف قهوه محموصه فرع حطين;Rosted Beanes Sidomo BULE HORA (1Kg);(1,264.00);39.50;39.50;(1,264.00);(32.0000);0.00;636 - مخزون البن المحمص;636 - مخزون البن المحمص
07 نوفمبر 2025;Payable Credit Note;MP 2778;سند صرف قهوه محموصه فرع التخصصي;Rosted Beanes Sidomo BULE HORA (1Kg);(395.00);39.50;39.50;(395.00);(10.0000);0.00;636 - مخزون البن المحمص;636 - مخزون البن المحمص
07 نوفمبر 2025;Payable Credit Note;MP 2778;سند صرف قهوه محموصه فرع التخصصي;Rosted Beanes Sidomo BULE HORA (1Kg);(39.50);39.50;39.50;(39.50);(1.0000);0.00;636 - مخزون البن المحمص;636 - مخزون البن المحمص
07 نوفمبر 2025;Payable Credit Note;MP 2779;سند صرف قهوه محموصه فرع حطين;Rosted Beanes Sidomo BULE HORA (1Kg);(118.50);39.50;39.50;(118.50);(3.0000);0.00;636 - مخزون البن المحمص;636 - مخزون البن المحمص
07 نوفمبر 2025;Payable Credit Note;MP 2777;سند صرف قهوه محموصه فرع الصحافة;Rosted Beanes Sidomo BULE HORA (1Kg);(79.00);39.50;39.50;(79.00);(2.0000);0.00;636 - مخزون البن المحمص;636 - مخزون البن المحمص
08 نوفمبر 2025;Payable Credit Note;MP 2780;سند صرف قهوه محموصه فرع الصحافة;Rosted Beanes Sidomo BULE HORA (1Kg);(592.50);39.50;39.50;(592.50);(15.0000);0.00;636 - مخزون البن المحمص;636 - مخزون البن المحمص
08 نوفمبر 2025;Payable Credit Note;MP 2782;سند صرف قهوه محموصه فرع رفا;Rosted Beanes Sidomo BULE HORA (1Kg);(158.00);39.50;39.50;(158.00);(4.0000);0.00;636 - مخزون البن المحمص;636 - مخزون البن المحمص
08 نوفمبر 2025;Payable Credit Note;MP 2782;سند صرف قهوه محموصه فرع رفا;Rosted Beanes Sidomo BULE HORA (1Kg);(39.50);39.50;39.50;(39.50);(1.0000);0.00;636 - مخزون البن المحمص;636 - مخزون البن المحمص
10 نوفمبر 2025;Payable Credit Note;MP 2786;سند صرف قهوه محموصه فرع واو;Rosted Beanes Sidomo BULE HORA (1Kg);(79.00);39.50;39.50;(79.00);(2.0000);0.00;636 - مخزون البن المحمص;636 - مخزون البن المحمص
11 نوفمبر 2025;Payable Credit Note;MP 2790;سند صرف قهوه محموصه فرع حطين;Rosted Beanes Sidomo BULE HORA (1Kg);(197.50);39.50;39.50;(197.50);(5.0000);0.00;636 - مخزون البن المحمص;636 - مخزون البن المحمص
11 نوفمبر 2025;Payable Credit Note;MP 2787;سند صرف قهوه محموصه فرع الصحافة;Rosted Beanes Sidomo BULE HORA (1Kg);(39.50);39.50;39.50;(39.50);(1.0000);0.00;636 - مخزون البن المحمص;636 - مخزون البن المحمص
11 نوفمبر 2025;Payable Credit Note;MP 2789;سند صرف قهوه محموصه فرع حطين;Rosted Beanes Sidomo BULE HORA (1Kg);(1,224.50);39.50;39.50;(1,224.50);(31.0000);0.00;636 - مخزون البن المحمص;636 - مخزون البن المحمص
11 نوفمبر 2025;Payable Credit Note;MP 2788;سند صرف قهوه محموصه فرع التخصصي;Rosted Beanes Sidomo BULE HORA (1Kg);(158.00);39.50;39.50;(158.00);(4.0000);0.00;636 - مخزون البن المحمص;636 - مخزون البن المحمص
12 نوفمبر 2025;Payable Credit Note;MP 2793;سند صرف قهوه محموصه فرع الصحافة;Rosted Beanes Sidomo BULE HORA (1Kg);(592.50);39.50;39.50;(592.50);(15.0000);0.00;636 - مخزون البن المحمص;636 - مخزون البن المحمص
12 نوفمبر 2025;Payable Credit Note;MP 2793;سند صرف قهوه محموصه فرع الصحافة;Rosted Beanes Sidomo BULE HORA (1Kg);(79.00);39.50;39.50;(79.00);(2.0000);0.00;636 - مخزون البن المحمص;636 - مخزون البن المحمص
12 نوفمبر 2025;Payable Credit Note;MP 2792;سند صرف قهوه محموصه فرع التخصصي;Rosted Beanes Sidomo BULE HORA (1Kg);(39.50);39.50;39.50;(39.50);(1.0000);0.00;636 - مخزون البن المحمص;636 - مخزون البن المحمص
12 نوفمبر 2025;Payable Credit Note;MP 2795;سند صرف قهوه محموصه فرع التخصصي;Rosted Beanes Sidomo BULE HORA (1Kg);(158.00);39.50;39.50;(158.00);(4.0000);0.00;636 - مخزون البن المحمص;636 - مخزون البن المحمص
12 نوفمبر 2025;Payable Credit Note;MP 2795;سند صرف قهوه محموصه فرع التخصصي;Rosted Beanes Sidomo BULE HORA (1Kg);(79.00);39.50;39.50;(79.00);(2.0000);0.00;636 - مخزون البن المحمص;636 - مخزون البن المحمص
13 نوفمبر 2025;Payable Credit Note;MP 2797;سند صرف قهوه محموصه فرع الصحافة;Rosted Beanes Sidomo BULE HORA (1Kg) 20كيس;(197.50);39.50;39.50;(197.50);(5.0000);0.00;636 - مخزون البن المحمص;636 - مخزون البن المحمص
16 نوفمبر 2025;Payable Credit Note;MP 2800;سند صرف قهوه محموصه فرع التخصصي;Rosted Beanes Sidomo BULE HORA (1Kg);(118.50);39.50;39.50;(118.50);(3.0000);0.00;636 - مخزون البن المحمص;636 - مخزون البن المحمص
18 نوفمبر 2025;Payable Credit Note;MP 2802;سند صرف قهوه محموصه فرع الصحافة;Rosted Beanes Sidomo BULE HORA (1Kg) 20كيس;(197.50);39.50;39.50;(197.50);(5.0000);0.00;636 - مخزون البن المحمص;636 - مخزون البن المحمص
18 نوفمبر 2025;Payable Credit Note;MP 2801;سند صرف قهوه محموصه فرع حطين;Rosted Beanes Sidomo BULE HORA (1Kg);(395.00);39.50;39.50;(395.00);(10.0000);0.00;636 - مخزون البن المحمص;636 - مخزون البن المحمص
18 نوفمبر 2025;Payable Credit Note;MP 2806;سند صرف قهوه محموصه فرع التخصصي;Rosted Beanes Sidomo BULE HORA (1Kg);(395.00);39.50;39.50;(395.00);(10.0000);0.00;636 - مخزون البن المحمص;636 - مخزون البن المحمص
18 نوفمبر 2025;Payable Credit Note;MP 2806;سند صرف قهوه محموصه فرع التخصصي;Rosted Beanes Sidomo BULE HORA (1Kg) 12 كيس;(118.50);39.50;39.50;(118.50);(3.0000);0.00;636 - مخزون البن المحمص;636 - مخزون البن المحمص
18 نوفمبر 2025;Payable Credit Note;MP 2808;سند صرف قهوه محموصه فرع واو;Rosted Beanes Sidomo BULE HORA (1Kg);(197.50);39.50;39.50;(197.50);(5.0000);0.00;636 - مخزون البن المحمص;636 - مخزون البن المحمص
18 نوفمبر 2025;Payable Credit Note;MP 2807;سند صرف قهوه محموصه فرع رفا;Rosted Beanes Sidomo BULE HORA (1Kg);(118.50);39.50;39.50;(118.50);(3.0000);0.00;636 - مخزون البن المحمص;636 - مخزون البن المحمص
18 نوفمبر 2025;Payable Credit Note;MP 2807;سند صرف قهوه محموصه فرع رفا;Rosted Beanes Sidomo BULE HORA (1Kg) 4 كيس;(39.50);39.50;39.50;(39.50);(1.0000);0.00;636 - مخزون البن المحمص;636 - مخزون البن المحمص
21 نوفمبر 2025;Payable Credit Note;MP 2813;سند صرف قهوه محموصه فرع الصحافة;Rosted Beanes Sidomo BULE HORA (1Kg)6كيس;(39.50);39.50;39.50;(39.50);(1.0000);0.00;636 - مخزون البن المحمص;636 - مخزون البن المحمص
21 نوفمبر 2025;Payable Credit Note;MP 2809;سند صرف قهوه محموصه فرع حطين;Rosted Beanes Sidomo BULE HORA (1Kg);(711.00);39.50;39.50;(711.00);(18.0000);0.00;636 - مخزون البن المحمص;636 - مخزون البن المحمص
21 نوفمبر 2025;Payable Credit Note;MP 2815;سند صرف قهوه محموصه فرع رفا;Rosted Beanes Sidomo BULE HORA (1Kg);(39.50);39.50;39.50;(39.50);(1.0000);0.00;636 - مخزون البن المحمص;636 - مخزون البن المحمص
30 نوفمبر 2025;Receivable Invoice;INV-4868;موقع سلة Salla website;Rosted Beanes Sidomo BULE HORA;(572.00);39.50;104.00;(217.25);(5.5000);64.50;203 - مبيعات المتجر الكترونى موقع سلة;636 - مخزون البن المحمص
30 نوفمبر 2025;Adjustment;Revaluation;;اعادة تقييم;1,775.27;0.00;0.00;1,775.27;0.0000;0.00;;636 - مخزون البن المحمص
31 ديسمبر 2025;Receivable Invoice;INV-5016;موقع سلة Salla website;November Blend roasted;(286.00);39.50;104.00;(108.63);(2.7500);64.50;203 - مبيعات المتجر الكترونى موقع سلة;636 - مخزون البن المحمص
31 ديسمبر 2025;Adjustment;Quantity Increase;;جرد 31/12;140.23;39.50;0.00;140.23;3.5500;0.00;;636 - مخزون البن المحمص
Total RB0147-سيدامو بلو هورا محمص - Rosted Beanes Sidomo BULE HORA;;;;;(21,410.39);;;(582.62);(14.7500);1,794.10;;
Closing Balance;;;;;0.00;0.00;0.00;246.88;6.2500;0.00;;
;;;;;;;;;;;;
RB0148-اوراقا محمص - Rosted Beanes Uraga Eth24;;;;;;;;;;;;
Opening Balance;;;;;0.00;0.00;0.00;3,740.00;88.0000;0.00;;
01 يناير 2025;Payable Credit Note;MP 2285;سند صرف قهوه محموصه فرع الصحافة;Rosted Beanes Uraga Eth24(1Kg);(127.50);42.50;42.50;(127.50);(3.0000);0.00;636 - مخزون البن المحمص;636 - مخزون البن المحمص
01 يناير 2025;Payable Credit Note;MP 2285;سند صرف قهوه محموصه فرع الصحافة;Rosted Beanes Uraga Eth24(1Kg);(127.50);42.50;42.50;(127.50);(3.0000);0.00;636 - مخزون البن المحمص;636 - مخزون البن المحمص
01 يناير 2025;Payable Credit Note;MP 2286;سند صرف قهوه محموصه فرع الصحافة;Rosted Beanes Uraga Eth24(1Kg) 4 كيس;(42.50);42.50;42.50;(42.50);(1.0000);0.00;636 - مخزون البن المحمص;636 - مخزون البن المحمص
02 يناير 2025;Payable Credit Note;MP 2289;سند صرف قهوه محموصه فرع حطين;Rosted Beanes Uraga Eth24(1Kg);(255.00);42.50;42.50;(255.00);(6.0000);0.00;636 - مخزون البن المحمص;636 - مخزون البن المحمص
02 يناير 2025;Payable Credit Note;MP 2290;سند صرف قهوه محموصه فرع حطين;Rosted Beanes Uraga Eth24(1Kg) 6 كيس;(63.75);42.50;42.50;(63.75);(1.5000);0.00;636 - مخزون البن المحمص;636 - مخزون البن المحمص
05 يناير 2025;Payable Credit Note;MP 2291;سند صرف قهوه محموصه فرع واو;Rosted Beanes Uraga Eth24(1Kg);(42.50);42.50;42.50;(42.50);(1.0000);0.00;636 - مخزون البن المحمص;636 - مخزون البن المحمص
06 يناير 2025;Payable Credit Note;MP 2295;سند صرف قهوه محموصه فرع التخصصي;Rosted Beanes Uraga Eth24(1Kg) 6 كيس;(63.75);42.50;42.50;(63.75);(1.5000);0.00;636 - مخزون البن المحمص;636 - مخزون البن المحمص
11 يناير 2025;Payable Credit Note;MP 2299;سند صرف قهوه محموصه فرع حطين;Rosted Beanes Uraga Eth24(1Kg);(212.50);42.50;42.50;(212.50);(5.0000);0.00;636 - مخزون البن المحمص;636 - مخزون البن المحمص
15 يناير 2025;Payable Invoice;7200;تحميص وارد لمستودع البن المحمص;Rosted Beanes Uraga Eth24(1Kg);2,555.00;40.56;0.00;2,555.00;63.0000;0.00;;636 - مخزون البن المحمص
18 يناير 2025;Payable Credit Note;MP 2310;سند صرف قهوه محموصه فرع حطين;Rosted Beanes Uraga Eth24(1Kg);(212.50);42.50;42.50;(212.50);(5.0000);0.00;636 - مخزون البن المحمص;636 - مخزون البن المحمص
18 يناير 2025;Payable Credit Note;MP 2308;سند صرف قهوه محموصه فرع التخصصي;Rosted Beanes Uraga Eth24(1Kg);(127.50);42.50;42.50;(127.50);(3.0000);0.00;636 - مخزون البن المحمص;636 - مخزون البن المحمص
18 يناير 2025;Payable Credit Note;MP 2307;سند صرف قهوه محموصه فرع الصحافة;Rosted Beanes Uraga Eth24(1Kg);(212.50);42.50;42.50;(212.50);(5.0000);0.00;636 - مخزون البن المحمص;636 - مخزون البن المحمص
23 يناير 2025;Payable Credit Note;MP 2316;سند صرف قهوه محموصه فرع حطين;Rosted Beanes Uraga Eth24(1Kg);(127.50);42.50;42.50;(127.50);(3.0000);0.00;636 - مخزون البن المحمص;636 - مخزون البن المحمص
23 يناير 2025;Payable Credit Note;MP 2314;سند صرف قهوه محموصه فرع الصحافة;Rosted Beanes Uraga Eth24(1Kg);(425.00);42.50;42.50;(425.00);(10.0000);0.00;636 - مخزون البن المحمص;636 - مخزون البن المحمص
23 يناير 2025;Payable Credit Note;MP 2314;سند صرف قهوه محموصه فرع الصحافة;Rosted Beanes Uraga Eth24(1Kg) 2 كيس;(21.25);42.50;42.50;(21.25);(0.5000);0.00;636 - مخزون البن المحمص;636 - مخزون البن المحمص
25 يناير 2025;Payable Credit Note;MP 2317;سند صرف قهوه محموصه فرع حطين;Rosted Beanes Uraga Eth24(1Kg);(127.50);42.50;42.50;(127.50);(3.0000);0.00;636 - مخزون البن المحمص;636 - مخزون البن المحمص
28 يناير 2025;Payable Invoice;7202;تحميص وارد لمستودع البن المحمص;Rosted Beanes Uraga Eth24(1Kg);1,260.00;40.65;0.00;1,260.00;31.0000;0.00;;636 - مخزون البن المحمص
28 يناير 2025;Receivable Invoice;INV-3097;Arto Caffee ارتوكفى;Rosted Beanes Uraga;(3,640.00);41.12;91.00;(1,644.83);(40.0000);49.88;202 - مبيعات القهوة المحمصه;636 - مخزون البن المحمص
29 يناير 2025;Payable Credit Note;MP 2328;سند صرف قهوه محموصه فرع الصحافة;Rosted Beanes Uraga Eth24(1Kg) 4 كيس;(42.50);42.50;42.50;(42.50);(1.0000);0.00;636 - مخزون البن المحمص;636 - مخزون البن المحمص
29 يناير 2025;Payable Credit Note;MP 2329;سند صرف قهوه محموصه فرع حطين;Rosted Beanes Uraga Eth24(1Kg);(63.75);42.50;42.50;(63.75);(1.5000);0.00;636 - مخزون البن المحمص;636 - مخزون البن المحمص
29 يناير 2025;Payable Credit Note;MP 2330;سند صرف قهوه محموصه فرع واو;Rosted Beanes Uraga Eth24(1Kg);(85.00);42.50;42.50;(85.00);(2.0000);0.00;636 - مخزون البن المحمص;636 - مخزون البن المحمص
31 يناير 2025;Receivable Invoice;INV-3179;موقع سلة Salla website;Rosted Beanes Uraga Eth24(1Kg);(58.26);39.84;233.04;(9.96);(0.2500);193.20;203 - مبيعات المتجر الكترونى موقع سلة;636 - مخزون البن المحمص
01 فبراير 2025;Payable Credit Note;MP 2333;سند صرف قهوه محموصه فرع رفا;Rosted Beanes Uraga Eth24(1Kg);(255.00);42.50;42.50;(255.00);(6.0000);0.00;636 - مخزون البن المحمص;636 - مخزون البن المحمص
01 فبراير 2025;Payable Credit Note;MP 2335;سند صرف قهوه محموصه فرع حطين;Rosted Beanes Uraga Eth24(1Kg);(212.50);42.50;42.50;(212.50);(5.0000);0.00;636 - مخزون البن المحمص;636 - مخزون البن المحمص
03 فبراير 2025;Payable Credit Note;MP 2337;سند صرف قهوه محموصه فرع التخصصي;Rosted Beanes Uraga Eth24(1Kg);(127.50);42.50;42.50;(127.50);(3.0000);0.00;636 - مخزون البن المحمص;636 - مخزون البن المحمص
05 فبراير 2025;Payable Credit Note;MP 2340;سند صرف قهوه محموصه فرع الصحافة;Rosted Beanes Uraga Eth24(1Kg);(425.00);42.50;42.50;(425.00);(10.0000);0.00;636 - مخزون البن المحمص;636 - مخزون البن المحمص
08 فبراير 2025;Payable Credit Note;MP 2343;سند صرف قهوه محموصه فرع حطين;Rosted Beanes Uraga Eth24(1Kg);(212.50);42.50;42.50;(212.50);(5.0000);0.00;636 - مخزون البن المحمص;636 - مخزون البن المحمص
10 فبراير 2025;Payable Credit Note;MP 2345;سند صرف قهوه محموصه فرع الصحافة;Rosted Beanes Uraga Eth24(1Kg);(425.00);42.50;42.50;(425.00);(10.0000);0.00;636 - مخزون البن المحمص;636 - مخزون البن المحمص
12 فبراير 2025;Payable Invoice;7203;تحميص وارد لمستودع البن المحمص;Rosted Beanes Uraga Eth24(1Kg);2,554.99;40.56;0.00;2,554.99;63.0000;0.00;;636 - مخزون البن المحمص
13 فبراير 2025;Payable Credit Note;MP 2350;سند صرف قهوه محموصه فرع حطين;Rosted Beanes Uraga Eth24(1Kg) 12 كيس;(127.50);42.50;42.50;(127.50);(3.0000);0.00;636 - مخزون البن المحمص;636 - مخزون البن المحمص
15 فبراير 2025;Payable Credit Note;MP 2351;سند صرف قهوه محموصه فرع التخصصي;Rosted Beanes Uraga Eth24(1Kg);(85.00);42.50;42.50;(85.00);(2.0000);0.00;636 - مخزون البن المحمص;636 - مخزون البن المحمص
15 فبراير 2025;Payable Credit Note;MP 2356;سند صرف قهوه محموصه فرع واو;Rosted Beanes Uraga Eth24(1Kg);(85.00);42.50;42.50;(85.00);(2.0000);0.00;636 - مخزون البن المحمص;636 - مخزون البن المحمص
15 فبراير 2025;Payable Credit Note;MP 2354;سند صرف قهوه محموصه فرع الصحافة;Rosted Beanes Uraga Eth24(1Kg);(425.00);42.50;42.50;(425.00);(10.0000);0.00;636 - مخزون البن المحمص;636 - مخزون البن المحمص
16 فبراير 2025;Payable Credit Note;MP 2359;سند صرف قهوه محموصه فرع حطين;Rosted Beanes Uraga Eth24(1Kg);(212.50);42.50;42.50;(212.50);(5.0000);0.00;636 - مخزون البن المحمص;636 - مخزون البن المحمص
19 فبراير 2025;Payable Credit Note;MP 2358;سند صرف قهوه محموصه فرع رفا;Rosted Beanes Uraga Eth24(1Kg);(212.50);42.50;42.50;(212.50);(5.0000);0.00;636 - مخزون البن المحمص;636 - مخزون البن المحمص
23 فبراير 2025;Payable Credit Note;MP 2369;سند صرف قهوه محموصه فرع التخصصي;Rosted Beanes Uraga Eth24(1Kg) 4 كيس;(42.50);42.50;42.50;(42.50);(1.0000);0.00;636 - مخزون البن المحمص;636 - مخزون البن المحمص
23 فبراير 2025;Payable Credit Note;MP 2368;سند صرف قهوه محموصه فرع حطين;Rosted Beanes Uraga Eth24(1Kg);(212.50);42.50;42.50;(212.50);(5.0000);0.00;636 - مخزون البن المحمص;636 - مخزون البن المحمص
23 فبراير 2025;Payable Credit Note;MP 2366;سند صرف قهوه محموصه فرع حطين;Rosted Beanes Uraga Eth24(1Kg);(212.50);42.50;42.50;(212.50);(5.0000);0.00;636 - مخزون البن المحمص;636 - مخزون البن المحمص
23 فبراير 2025;Payable Credit Note;MP 2364;سند صرف قهوه محموصه فرع رفا;Rosted Beanes Uraga Eth24(1Kg);(425.00);42.50;42.50;(425.00);(10.0000);0.00;636 - مخزون البن المحمص;636 - مخزون البن المحمص
25 فبراير 2025;Payable Credit Note;MP 2371;سند صرف قهوه محموصه فرع الصحافة;Rosted Beanes Uraga Eth24(1Kg) 4 كيس;(42.50);42.50;42.50;(42.50);(1.0000);0.00;636 - مخزون البن المحمص;636 - مخزون البن المحمص
25 فبراير 2025;Payable Credit Note;MP 2374;سند صرف قهوه محموصه فرع واو;Rosted Beanes Uraga Eth24(1Kg) 1 كيس;(21.25);42.50;42.50;(21.25);(0.5000);0.00;636 - مخزون البن المحمص;636 - مخزون البن المحمص
28 فبراير 2025;Receivable Invoice;INV-3412;موقع سلة Salla website;Rosted Beanes Uraga Eth24(1Kg);(675.00);39.15;135.00;(195.75);(5.0000);95.85;203 - مبيعات المتجر الكترونى موقع سلة;636 - مخزون البن المحمص
02 مارس 2025;Receivable Invoice;INV-3291;Arto Caffee ارتوكفى;Rosted Beanes Uraga;(3,640.00);39.60;91.00;(1,584.07);(40.0000);51.40;202 - مبيعات القهوة المحمصه;636 - مخزون البن المحمص
03 مارس 2025;Payable Credit Note;MP 2380;سند صرف قهوه محموصه فرع حطين;Rosted Beanes Uraga Eth24(1Kg);(212.50);42.50;42.50;(212.50);(5.0000);0.00;636 - مخزون البن المحمص;636 - مخزون البن المحمص
06 مارس 2025;Payable Credit Note;MP 2384;سند صرف قهوه محموصه فرع الصحافة;Rosted Beanes Uraga Eth24(1Kg);(425.00);42.50;42.50;(425.00);(10.0000);0.00;636 - مخزون البن المحمص;636 - مخزون البن المحمص
06 مارس 2025;Payable Credit Note;MP 2385;سند صرف قهوه محموصه فرع واو;Rosted Beanes Uraga Eth24(1Kg);(85.00);42.50;42.50;(85.00);(2.0000);0.00;636 - مخزون البن المحمص;636 - مخزون البن المحمص
11 مارس 2025;Payable Credit Note;MP 2390;سند صرف قهوه محموصه فرع رفا;Rosted Beanes Uraga Eth24(1Kg);(212.50);42.50;42.50;(212.50);(5.0000);0.00;636 - مخزون البن المحمص;636 - مخزون البن المحمص
13 مارس 2025;Payable Invoice;7206;تحميص وارد لمستودع البن المحمص;Rosted Beanes Uraga Eth24(1Kg);4,690.00;40.78;0.00;4,690.00;115.0000;0.00;;636 - مخزون البن المحمص
15 مارس 2025;Payable Credit Note;MP 2397;سند صرف قهوه محموصه فرع واو;Rosted Beanes Uraga Eth24(1Kg);(85.00);42.50;42.50;(85.00);(2.0000);0.00;636 - مخزون البن المحمص;636 - مخزون البن المحمص
15 مارس 2025;Payable Credit Note;MP 2396;سند صرف قهوه محموصه فرع الصحافة;Rosted Beanes Uraga Eth24(1Kg) 4 كيس;(42.50);42.50;42.50;(42.50);(1.0000);0.00;636 - مخزون البن المحمص;636 - مخزون البن المحمص
15 مارس 2025;Payable Credit Note;MP 2394;سند صرف قهوه محموصه فرع حطين;Rosted Beanes Uraga Eth24(1Kg);(212.50);42.50;42.50;(212.50);(5.0000);0.00;636 - مخزون البن المحمص;636 - مخزون البن المحمص
19 مارس 2025;Payable Credit Note;MP 2400;سند صرف قهوه محموصه فرع الصحافة;Rosted Beanes Uraga Eth24(1Kg);(425.00);42.50;42.50;(425.00);(10.0000);0.00;636 - مخزون البن المحمص;636 - مخزون البن المحمص
23 مارس 2025;Payable Credit Note;MP 2405;سند صرف قهوه محموصه فرع حطين;Rosted Beanes Uraga Eth24(1Kg);(212.50);42.50;42.50;(212.50);(5.0000);0.00;636 - مخزون البن المحمص;636 - مخزون البن المحمص
27 مارس 2025;Payable Credit Note;MP 2409;سند صرف قهوه محموصه فرع الصحافة;Rosted Beanes Uraga Eth24(1Kg) 4 كيس;(42.50);42.50;42.50;(42.50);(1.0000);0.00;636 - مخزون البن المحمص;636 - مخزون البن المحمص
28 مارس 2025;Payable Credit Note;MP 2411;سند صرف قهوه محموصه فرع حطين;Rosted Beanes Uraga Eth24(1Kg);(85.00);42.50;42.50;(85.00);(2.0000);0.00;636 - مخزون البن المحمص;636 - مخزون البن المحمص
30 مارس 2025;Adjustment;Quantity Increase;;جرد 29/3;1,391.88;42.50;0.00;1,391.88;32.7500;0.00;;636 - مخزون البن المحمص
31 مارس 2025;Payable Credit Note;MP 2413;سند صرف قهوه محموصه فرع رفا;Rosted Beanes Uraga Eth24(1Kg);(212.50);42.50;42.50;(212.50);(5.0000);0.00;636 - مخزون البن المحمص;636 - مخزون البن المحمص
31 مارس 2025;Payable Credit Note;MP 2416;سند صرف قهوه محموصه فرع واو;Rosted Beanes Uraga Eth24(1Kg);(85.00);42.50;42.50;(85.00);(2.0000);0.00;636 - مخزون البن المحمص;636 - مخزون البن المحمص
05 أبريل 2025;Payable Credit Note;MP 2417;سند صرف قهوه محموصه فرع حطين;Rosted Beanes Uraga Eth24(1Kg);(212.50);42.50;42.50;(212.50);(5.0000);0.00;636 - مخزون البن المحمص;636 - مخزون البن المحمص
07 أبريل 2025;Payable Credit Note;MP 2422;سند صرف قهوه محموصه فرع الصحافة;Rosted Beanes Uraga Eth24(1Kg);(425.00);42.50;42.50;(425.00);(10.0000);0.00;636 - مخزون البن المحمص;636 - مخزون البن المحمص
10 أبريل 2025;Payable Credit Note;MP 2425;سند صرف قهوه محموصه فرع التخصصي;Rosted Beanes Uraga Eth24(1Kg);(85.00);42.50;42.50;(85.00);(2.0000);0.00;636 - مخزون البن المحمص;636 - مخزون البن المحمص
10 أبريل 2025;Payable Credit Note;MP 2426;سند صرف قهوه محموصه فرع الصحافة;Rosted Beanes Uraga Eth24(1Kg) 6 كيس;(63.75);42.50;42.50;(63.75);(1.5000);0.00;636 - مخزون البن المحمص;636 - مخزون البن المحمص
13 أبريل 2025;Payable Credit Note;MP 2427;سند صرف قهوه محموصه فرع الصحافة;Rosted Beanes Uraga Eth24(1Kg);(212.50);42.50;42.50;(212.50);(5.0000);0.00;636 - مخزون البن المحمص;636 - مخزون البن المحمص
13 أبريل 2025;Payable Credit Note;MP ;سند صرف قهوه محموصه فرع حطين;Rosted Beanes Uraga Eth24(1Kg);(212.50);42.50;42.50;(212.50);(5.0000);0.00;636 - مخزون البن المحمص;636 - مخزون البن المحمص
13 أبريل 2025;Payable Credit Note;MP 2431;سند صرف قهوه محموصه فرع واو;Rosted Beanes Uraga Eth24(1Kg);(85.00);42.50;42.50;(85.00);(2.0000);0.00;636 - مخزون البن المحمص;636 - مخزون البن المحمص
13 أبريل 2025;Payable Credit Note;MP 2429;سند صرف قهوه محموصه فرع رفا;Rosted Beanes Uraga Eth24(1Kg);(212.50);42.50;42.50;(212.50);(5.0000);0.00;636 - مخزون البن المحمص;636 - مخزون البن المحمص
17 أبريل 2025;Payable Invoice;7210;تحميص وارد لمستودع البن المحمص;Rosted Beanes Uraga Eth24(1Kg);4,270.00;40.67;0.00;4,270.00;105.0000;0.00;;636 - مخزون البن المحمص
17 أبريل 2025;Payable Credit Note;MP 2437;سند صرف قهوه محموصه فرع رفا;Rosted Beanes Uraga Eth24(1Kg);(425.00);42.50;42.50;(425.00);(10.0000);0.00;636 - مخزون البن المحمص;636 - مخزون البن المحمص
17 أبريل 2025;Payable Credit Note;MP 2438;سند صرف قهوه محموصه فرع الصحافة;Rosted Beanes Uraga Eth24(1Kg);(425.00);42.50;42.50;(425.00);(10.0000);0.00;636 - مخزون البن المحمص;636 - مخزون البن المحمص
17 أبريل 2025;Payable Credit Note;MP 2436;سند صرف قهوه محموصه فرع التخصصي;Rosted Beanes Uraga Eth24(1Kg);(127.50);42.50;42.50;(127.50);(3.0000);0.00;636 - مخزون البن المحمص;636 - مخزون البن المحمص
20 أبريل 2025;Payable Credit Note;MP 2444;سند صرف قهوه محموصه فرع حطين;Rosted Beanes Uraga Eth24(1Kg);(425.00);42.50;42.50;(425.00);(10.0000);0.00;636 - مخزون البن المحمص;636 - مخزون البن المحمص
20 أبريل 2025;Payable Credit Note;MP 2442;سند صرف قهوه محموصه فرع رفا;Rosted Beanes Uraga Eth24(1Kg) 8 كيس;(85.00);42.50;42.50;(85.00);(2.0000);0.00;636 - مخزون البن المحمص;636 - مخزون البن المحمص
20 أبريل 2025;Payable Credit Note;MP 2443;سند صرف قهوه محموصه فرع واو;Rosted Beanes Uraga Eth24(1Kg);(85.00);42.50;42.50;(85.00);(2.0000);0.00;636 - مخزون البن المحمص;636 - مخزون البن المحمص
21 أبريل 2025;Receivable Invoice;INV-3572;Arto Caffee ارتوكفى;Rosted Beanes Uraga;(1,820.00);39.24;91.00;(784.76);(20.0000);51.76;202 - مبيعات القهوة المحمصه;636 - مخزون البن المحمص
25 أبريل 2025;Payable Credit Note;MP 2449;سند صرف قهوه محموصه فرع التخصصي;Rosted Beanes Uraga Eth24(1Kg);(85.00);42.50;42.50;(85.00);(2.0000);0.00;636 - مخزون البن المحمص;636 - مخزون البن المحمص
27 أبريل 2025;Payable Credit Note;MP 2452;سند صرف قهوه محموصه فرع واو;Rosted Beanes Uraga Eth24(1Kg) 2 كيس;(21.25);42.50;42.50;(21.25);(0.5000);0.00;636 - مخزون البن المحمص;636 - مخزون البن المحمص
27 أبريل 2025;Payable Credit Note;MP 2451;سند صرف قهوه محموصه فرع التخصصي;Rosted Beanes Uraga Eth24(1Kg) 4 كيس;(42.50);42.50;42.50;(42.50);(1.0000);0.00;636 - مخزون البن المحمص;636 - مخزون البن المحمص
03 مايو 2025;Payable Credit Note;MP 2459;سند صرف قهوه محموصه فرع الصحافة;Rosted Beanes Uraga Eth24(1Kg);(425.00);42.50;42.50;(425.00);(10.0000);0.00;636 - مخزون البن المحمص;636 - مخزون البن المحمص
03 مايو 2025;Payable Credit Note;MP 2456;سند صرف قهوه محموصه فرع حطين;Rosted Beanes Uraga Eth24(1Kg);(340.00);42.50;42.50;(340.00);(8.0000);0.00;636 - مخزون البن المحمص;636 - مخزون البن المحمص
07 مايو 2025;Payable Credit Note;MP 2462;سند صرف قهوه محموصه فرع التخصصي;Rosted Beanes Uraga Eth24(1Kg);(85.00);42.50;42.50;(85.00);(2.0000);0.00;636 - مخزون البن المحمص;636 - مخزون البن المحمص
11 مايو 2025;Payable Credit Note;MP 2470;سند صرف قهوه محموصه فرع الصحافة;Rosted Beanes Uraga Eth24(1Kg);(425.00);42.50;42.50;(425.00);(10.0000);0.00;636 - مخزون البن المحمص;636 - مخزون البن المحمص
17 مايو 2025;Payable Credit Note;MP 2477;سند صرف قهوه محموصه فرع واو;Rosted Beanes Uraga Eth24(1Kg);(85.00);42.50;42.50;(85.00);(2.0000);0.00;636 - مخزون البن المحمص;636 - مخزون البن المحمص
17 مايو 2025;Payable Credit Note;MP 2481;سند صرف قهوه محموصه فرع رفا;Rosted Beanes Uraga Eth24(1Kg);(212.50);42.50;42.50;(212.50);(5.0000);0.00;636 - مخزون البن المحمص;636 - مخزون البن المحمص
17 مايو 2025;Payable Credit Note;MP 2483;سند صرف قهوه محموصه فرع حطين;Rosted Beanes Uraga Eth24(1Kg);(637.50);42.50;42.50;(637.50);(15.0000);0.00;636 - مخزون البن المحمص;636 - مخزون البن المحمص
17 مايو 2025;Payable Credit Note;MP 2478;سند صرف قهوه محموصه فرع واو;Rosted Beanes Uraga Eth24(1Kg);(85.00);42.50;42.50;(85.00);(2.0000);0.00;636 - مخزون البن المحمص;636 - مخزون البن المحمص
17 مايو 2025;Payable Credit Note;MP 2480;سند صرف قهوه محموصه فرع الصحافة;Rosted Beanes Uraga Eth24(1Kg);(425.00);42.50;42.50;(425.00);(10.0000);0.00;636 - مخزون البن المحمص;636 - مخزون البن المحمص
19 مايو 2025;Payable Invoice;7214;تحميص وارد لمستودع البن المحمص;Rosted Beanes Uraga Eth24(1Kg);6,405.00;40.80;0.00;6,405.00;157.0000;0.00;;636 - مخزون البن المحمص
20 مايو 2025;Receivable Invoice;INV-3734;Arto Caffee ارتوكفى;Rosted Beanes Uraga;(2,275.00);39.14;91.00;(978.42);(25.0000);51.86;202 - مبيعات القهوة المحمصه;636 - مخزون البن المحمص
21 مايو 2025;Payable Credit Note;MP 2489;سند صرف قهوه محموصه فرع الصحافة;Rosted Beanes Uraga Eth24(1Kg);(425.00);42.50;42.50;(425.00);(10.0000);0.00;636 - مخزون البن المحمص;636 - مخزون البن المحمص
24 مايو 2025;Payable Credit Note;MP 2497;سند صرف قهوه محموصه فرع حطين;Rosted Beanes Uraga Eth24(1Kg);(212.50);42.50;42.50;(212.50);(5.0000);0.00;636 - مخزون البن المحمص;636 - مخزون البن المحمص
24 مايو 2025;Payable Credit Note;MP 2492;سند صرف قهوه محموصه فرع الصحافة;Rosted Beanes Uraga Eth24(1Kg);(425.00);42.50;42.50;(425.00);(10.0000);0.00;636 - مخزون البن المحمص;636 - مخزون البن المحمص
26 مايو 2025;Payable Credit Note;MP 2500;سند صرف قهوه محموصه فرع الصحافة;Rosted Beanes Uraga Eth24(1Kg);(425.00);42.50;42.50;(425.00);(10.0000);0.00;636 - مخزون البن المحمص;636 - مخزون البن المحمص
31 مايو 2025;Receivable Invoice;INV-3944;موقع سلة Salla website;Rosted Beanes Uraga Eth24(1Kg);(58.00);37.74;58.00;(37.74);(1.0000);20.26;203 - مبيعات المتجر الكترونى موقع سلة;636 - مخزون البن المحمص
31 مايو 2025;Payable Credit Note;MP 2508;سند صرف قهوه محموصه فرع الصحافة;Rosted Beanes Uraga Eth24(1Kg);(425.00);42.50;42.50;(425.00);(10.0000);0.00;636 - مخزون البن المحمص;636 - مخزون البن المحمص
31 مايو 2025;Payable Credit Note;MP 2509;سند صرف قهوه محموصه فرع حطين;Rosted Beanes Uraga Eth24(1Kg);(212.50);42.50;42.50;(212.50);(5.0000);0.00;636 - مخزون البن المحمص;636 - مخزون البن المحمص
02 يونيو 2025;Payable Credit Note;MP 2510;سند صرف قهوه محموصه فرع التخصصي;Rosted Beanes Uraga Eth24(1Kg);(85.00);42.50;42.50;(85.00);(2.0000);0.00;636 - مخزون البن المحمص;636 - مخزون البن المحمص
04 يونيو 2025;Payable Credit Note;MP 2515;سند صرف قهوه محموصه فرع الصحافة;Rosted Beanes Uraga Eth24(1Kg);(425.00);42.50;42.50;(425.00);(10.0000);0.00;636 - مخزون البن المحمص;636 - مخزون البن المحمص
09 يونيو 2025;Payable Credit Note;MP 2522;سند صرف قهوه محموصه فرع الصحافة;Rosted Beanes Uraga Eth24(1Kg) 4 كيس;(42.50);42.50;42.50;(42.50);(1.0000);0.00;636 - مخزون البن المحمص;636 - مخزون البن المحمص
09 يونيو 2025;Payable Credit Note;MP 2520;سند صرف قهوه محموصه فرع رفا;Rosted Beanes Uraga Eth24(1Kg) 4 كيس;(42.50);42.50;42.50;(42.50);(1.0000);0.00;636 - مخزون البن المحمص;636 - مخزون البن المحمص
09 يونيو 2025;Payable Credit Note;MP 2520;سند صرف قهوه محموصه فرع رفا;Rosted Beanes Uraga Eth24(1Kg);(212.50);42.50;42.50;(212.50);(5.0000);0.00;636 - مخزون البن المحمص;636 - مخزون البن المحمص
09 يونيو 2025;Payable Credit Note;MP 2517;سند صرف قهوه محموصه فرع حطين;Rosted Beanes Uraga Eth24(1Kg);(255.00);42.50;42.50;(255.00);(6.0000);0.00;636 - مخزون البن المحمص;636 - مخزون البن المحمص
11 يونيو 2025;Payable Credit Note;MP 2521;سند صرف قهوه محموصه فرع واو;Rosted Beanes Uraga Eth24(1Kg);(42.50);42.50;42.50;(42.50);(1.0000);0.00;636 - مخزون البن المحمص;636 - مخزون البن المحمص
12 يونيو 2025;Payable Invoice;7216;تحميص وارد لمستودع البن المحمص;Rosted Beanes Uraga Eth24(1Kg);4,270.00;40.67;0.00;4,270.00;105.0000;0.00;;636 - مخزون البن المحمص
12 يونيو 2025;Payable Credit Note;MP 2524;سند صرف قهوه محموصه فرع الصحافة;Rosted Beanes Uraga Eth24(1Kg);(425.00);42.50;42.50;(425.00);(10.0000);0.00;636 - مخزون البن المحمص;636 - مخزون البن المحمص
15 يونيو 2025;Payable Credit Note;MP 2531;سند صرف قهوه محموصه فرع حطين;Rosted Beanes Uraga Eth24(1Kg);(212.50);42.50;42.50;(212.50);(5.0000);0.00;636 - مخزون البن المحمص;636 - مخزون البن المحمص
15 يونيو 2025;Payable Credit Note;MP 2527;سند صرف قهوه محموصه فرع الصحافة;Rosted Beanes Uraga Eth24(1Kg);(425.00);42.50;42.50;(425.00);(10.0000);0.00;636 - مخزون البن المحمص;636 - مخزون البن المحمص
16 يونيو 2025;Payable Credit Note;MP 2532;سند صرف قهوه محموصه فرع التخصصي;Rosted Beanes Uraga Eth24(1Kg);(85.00);42.50;42.50;(85.00);(2.0000);0.00;636 - مخزون البن المحمص;636 - مخزون البن المحمص
21 يونيو 2025;Receivable Invoice;INV-3914;Arto Caffee ارتوكفى;Rosted Beanes Uraga;(1,820.00);38.14;91.00;(762.87);(20.0000);52.86;202 - مبيعات القهوة المحمصه;636 - مخزون البن المحمص
23 يونيو 2025;Payable Credit Note;MP 2543;سند صرف قهوه محموصه فرع حطين;Rosted Beanes Uraga Eth24(1Kg);(212.50);42.50;42.50;(212.50);(5.0000);0.00;636 - مخزون البن المحمص;636 - مخزون البن المحمص
23 يونيو 2025;Payable Credit Note;MP 2542;سند صرف قهوه محموصه فرع الصحافة;Rosted Beanes Uraga Eth24(1Kg);(425.00);42.50;42.50;(425.00);(10.0000);0.00;636 - مخزون البن المحمص;636 - مخزون البن المحمص
24 يونيو 2025;Payable Invoice;7218;تحميص وارد لمستودع البن المحمص;Rosted Beanes Uraga Eth24(1Kg);1,260.00;40.65;0.00;1,260.00;31.0000;0.00;;636 - مخزون البن المحمص
24 يونيو 2025;Payable Credit Note;MP 2545;سند صرف قهوه محموصه فرع الصحافة;Rosted Beanes Uraga Eth24(1Kg);(425.00);42.50;42.50;(425.00);(10.0000);0.00;636 - مخزون البن المحمص;636 - مخزون البن المحمص
24 يونيو 2025;Payable Credit Note;MP 2544.;سند صرف قهوه محموصه فرع حطين;Rosted Beanes Uraga Eth24(1Kg) 24 كيس;(255.00);42.50;42.50;(255.00);(6.0000);0.00;636 - مخزون البن المحمص;636 - مخزون البن المحمص
25 يونيو 2025;Payable Credit Note;MP 2550;سند صرف قهوه محموصه فرع حطين;Rosted Beanes Uraga Eth24(1Kg);(85.00);42.50;42.50;(85.00);(2.0000);0.00;636 - مخزون البن المحمص;636 - مخزون البن المحمص
26 يونيو 2025;Payable Credit Note;MP 2551;سند صرف قهوه محموصه فرع التخصصي;Rosted Beanes Uraga Eth24(1Kg);(85.00);42.50;42.50;(85.00);(2.0000);0.00;636 - مخزون البن المحمص;636 - مخزون البن المحمص
26 يونيو 2025;Adjustment;Quantity Increase;;جرد 25/6;510.00;42.50;0.00;510.00;12.0000;0.00;;636 - مخزون البن المحمص
30 يونيو 2025;Payable Credit Note;MP 2554;سند صرف قهوه محموصه فرع واو;Rosted Beanes Uraga Eth24(1Kg);(127.50);42.50;42.50;(127.50);(3.0000);0.00;636 - مخزون البن المحمص;636 - مخزون البن المحمص
30 يونيو 2025;Payable Credit Note;MP 2560;سند صرف قهوه محموصه فرع الصحافة;Rosted Beanes Uraga Eth24(1Kg);(425.00);42.50;42.50;(425.00);(10.0000);0.00;636 - مخزون البن المحمص;636 - مخزون البن المحمص
30 يونيو 2025;Receivable Invoice;INV-4101;موقع سلة Salla website;Rosted Beanes Uraga Eth24(1Kg);(60.50);28.81;60.50;(28.81);(1.0000);31.69;203 - مبيعات المتجر الكترونى موقع سلة;636 - مخزون البن المحمص
03 يوليو 2025;Payable Credit Note;MP 2567;سند صرف قهوه محموصه فرع الصحافة;Rosted Beanes Uraga Eth24(1Kg);(850.00);42.50;42.50;(850.00);(20.0000);0.00;636 - مخزون البن المحمص;636 - مخزون البن المحمص
07 يوليو 2025;Payable Credit Note;MP 2569;سند صرف قهوه محموصه فرع رفا;Rosted Beanes Uraga Eth24(1Kg);(425.00);42.50;42.50;(425.00);(10.0000);0.00;636 - مخزون البن المحمص;636 - مخزون البن المحمص
10 يوليو 2025;Payable Credit Note;MP 2579;سند صرف قهوه محموصه فرع التخصصي;Rosted Beanes Uraga Eth24(1Kg);(127.50);42.50;42.50;(127.50);(3.0000);0.00;636 - مخزون البن المحمص;636 - مخزون البن المحمص
10 يوليو 2025;Payable Credit Note;MP 2578;سند صرف قهوه محموصه فرع الصحافة;Rosted Beanes Uraga Eth24(1Kg);(425.00);42.50;42.50;(425.00);(10.0000);0.00;636 - مخزون البن المحمص;636 - مخزون البن المحمص
10 يوليو 2025;Payable Credit Note;MP 2578;سند صرف قهوه محموصه فرع واو;Rosted Beanes Uraga Eth24(1Kg);(85.00);42.50;42.50;(85.00);(2.0000);0.00;636 - مخزون البن المحمص;636 - مخزون البن المحمص
13 يوليو 2025;Payable Credit Note;MP 2588;سند صرف قهوه محموصه فرع رفا;Rosted Beanes Uraga Eth24(1Kg);(425.00);42.50;42.50;(425.00);(10.0000);0.00;636 - مخزون البن المحمص;636 - مخزون البن المحمص
13 يوليو 2025;Payable Credit Note;MP 2588;سند صرف قهوه محموصه فرع الصحافة;Rosted Beanes Uraga Eth24(1Kg);(850.00);42.50;42.50;(850.00);(20.0000);0.00;636 - مخزون البن المحمص;636 - مخزون البن المحمص
20 يوليو 2025;Payable Credit Note;MP 2592;سند صرف قهوه محموصه فرع حطين;Rosted Beanes Uraga Eth24(1Kg);(382.50);42.50;42.50;(382.50);(9.0000);0.00;636 - مخزون البن المحمص;636 - مخزون البن المحمص
20 يوليو 2025;Payable Credit Note;MP 2593;سند صرف قهوه محموصه فرع الصحافة;Rosted Beanes Uraga Eth24(1Kg);(850.00);42.50;42.50;(850.00);(20.0000);0.00;636 - مخزون البن المحمص;636 - مخزون البن المحمص
23 يوليو 2025;Payable Credit Note;MP 2597;سند صرف قهوه محموصه فرع حطين;Rosted Beanes Uraga Eth24(1Kg);(212.50);42.50;42.50;(212.50);(5.0000);0.00;636 - مخزون البن المحمص;636 - مخزون البن المحمص
23 يوليو 2025;Payable Credit Note;MP 2596;سند صرف قهوه محموصه فرع الصحافة;Rosted Beanes Uraga Eth24(1Kg);(850.00);42.50;42.50;(850.00);(20.0000);0.00;636 - مخزون البن المحمص;636 - مخزون البن المحمص
24 يوليو 2025;Receivable Invoice;INV-4160;شركة مستشفي المحمدية للرعاية الطبية;Rosted Beanes Uraga Eth24(1Kg);(98.00);42.50;98.00;(42.50);(1.0000);55.50;202 - مبيعات القهوة المحمصه;636 - مخزون البن المحمص
29 يوليو 2025;Payable Credit Note;MP 2604;سند صرف قهوه محموصه فرع رفا;Rosted Beanes Uraga Eth24(1Kg);(212.50);42.50;42.50;(212.50);(5.0000);0.00;636 - مخزون البن المحمص;636 - مخزون البن المحمص
29 يوليو 2025;Payable Credit Note;MP 2606;سند صرف قهوه محموصه فرع حطين;Rosted Beanes Uraga Eth24(1Kg);(382.50);42.50;42.50;(382.50);(9.0000);0.00;636 - مخزون البن المحمص;636 - مخزون البن المحمص
29 يوليو 2025;Payable Credit Note;MP 2605;سند صرف قهوه محموصه فرع الصحافة;Rosted Beanes Uraga Eth24(1Kg);(425.00);42.50;42.50;(425.00);(10.0000);0.00;636 - مخزون البن المحمص;636 - مخزون البن المحمص
29 يوليو 2025;Payable Credit Note;MP 2605;سند صرف قهوه محموصه فرع واو;Rosted Beanes Uraga Eth24(1Kg);(85.00);42.50;42.50;(85.00);(2.0000);0.00;636 - مخزون البن المحمص;636 - مخزون البن المحمص
30 يوليو 2025;Adjustment;Revaluation;;اعادة تقيم اوراقا;766.60;0.00;0.00;766.60;0.0000;0.00;;636 - مخزون البن المحمص
31 يوليو 2025;Receivable Invoice;INV-4243;موقع سلة Salla website;Rosted Beanes Uraga Eth24(1Kg);(125.10);39.67;62.55;(79.34);(2.0000);22.88;203 - مبيعات المتجر الكترونى موقع سلة;636 - مخزون البن المحمص
01 أغسطس 2025;Payable Credit Note;MP 2613;سند صرف قهوه محموصه فرع حطين;Rosted Beanes Uraga Eth24(1Kg);(212.50);42.50;42.50;(212.50);(5.0000);0.00;636 - مخزون البن المحمص;636 - مخزون البن المحمص
01 أغسطس 2025;Payable Credit Note;MP 2612;سند صرف قهوه محموصه فرع الصحافة;Rosted Beanes Uraga Eth24(1Kg);(425.00);42.50;42.50;(425.00);(10.0000);0.00;636 - مخزون البن المحمص;636 - مخزون البن المحمص
04 أغسطس 2025;Receivable Invoice;INV-4173;Arto Caffee ارتوكفى;Rosted Beanes Uraga;(1,820.00);40.94;91.00;(818.71);(20.0000);50.06;202 - مبيعات القهوة المحمصه;636 - مخزون البن المحمص
05 أغسطس 2025;Payable Invoice;7219;تحميص وارد لمستودع البن المحمص;Rosted Beanes Uraga Eth24(1Kg);7,140.00;41.03;0.00;7,140.00;174.0000;0.00;;636 - مخزون البن المحمص
07 أغسطس 2025;Payable Invoice;7220;تحميص وارد لمستودع البن المحمص;Rosted Beanes Uraga Eth24(1Kg);13,019.99;40.06;0.00;13,019.99;325.0000;0.00;;636 - مخزون البن المحمص
07 أغسطس 2025;Payable Credit Note;MP 2620;سند صرف قهوه محموصه فرع حطين;Rosted Beanes Uraga Eth24(1Kg);(297.50);42.50;42.50;(297.50);(7.0000);0.00;636 - مخزون البن المحمص;636 - مخزون البن المحمص
07 أغسطس 2025;Payable Credit Note;MP 2619;سند صرف قهوه محموصه فرع رفا;Rosted Beanes Uraga Eth24(1Kg);(425.00);42.50;42.50;(425.00);(10.0000);0.00;636 - مخزون البن المحمص;636 - مخزون البن المحمص
07 أغسطس 2025;Receivable Invoice;INV-4184;شركة الخزامي التجارية;Rosted Beanes Uraga Eth24(1Kg);(10,625.00);40.94;85.00;(5,116.95);(125.0000);44.06;202 - مبيعات القهوة المحمصه;636 - مخزون البن المحمص
11 أغسطس 2025;Payable Credit Note;MP 2624;سند صرف قهوه محموصه فرع حطين;Rosted Beanes Uraga Eth24(1Kg);(255.00);42.50;42.50;(255.00);(6.0000);0.00;636 - مخزون البن المحمص;636 - مخزون البن المحمص
11 أغسطس 2025;Payable Credit Note;MP 2623;سند صرف قهوه محموصه فرع الصحافة;Rosted Beanes Uraga Eth24(1Kg);(850.00);42.50;42.50;(850.00);(20.0000);0.00;636 - مخزون البن المحمص;636 - مخزون البن المحمص
11 أغسطس 2025;Payable Credit Note;MP 2624;سند صرف قهوه محموصه فرع رفا;Rosted Beanes Uraga Eth24(1Kg);(425.00);42.50;42.50;(425.00);(10.0000);0.00;636 - مخزون البن المحمص;636 - مخزون البن المحمص
15 أغسطس 2025;Payable Credit Note;MP 2626;سند صرف قهوه محموصه فرع الصحافة;Rosted Beanes Uraga Eth24(1Kg);(425.00);42.50;42.50;(425.00);(10.0000);0.00;636 - مخزون البن المحمص;636 - مخزون البن المحمص
16 أغسطس 2025;Payable Credit Note;MP 2630;سند صرف قهوه محموصه فرع حطين;Rosted Beanes Uraga Eth24(1Kg);(467.50);42.50;42.50;(467.50);(11.0000);0.00;636 - مخزون البن المحمص;636 - مخزون البن المحمص
18 أغسطس 2025;Payable Invoice;7221;تحميص وارد لمستودع البن المحمص;Rosted Beanes Uraga Eth24(1Kg);5,109.99;40.56;0.00;5,109.99;126.0000;0.00;;636 - مخزون البن المحمص
19 أغسطس 2025;Payable Credit Note;MP 2635;سند صرف قهوه محموصه فرع واو;Rosted Beanes Uraga Eth24(1Kg);(21.25);42.50;42.50;(21.25);(0.5000);0.00;636 - مخزون البن المحمص;636 - مخزون البن المحمص
19 أغسطس 2025;Payable Credit Note;MP 2633;سند صرف قهوه محموصه فرع حطين;Rosted Beanes Uraga Eth24(1Kg);(127.50);42.50;42.50;(127.50);(3.0000);0.00;636 - مخزون البن المحمص;636 - مخزون البن المحمص
19 أغسطس 2025;Payable Credit Note;MP 2637;سند صرف قهوه محموصه فرع التخصصي;Rosted Beanes Uraga Eth24(1Kg);(21.25);42.50;42.50;(21.25);(0.5000);0.00;636 - مخزون البن المحمص;636 - مخزون البن المحمص
19 أغسطس 2025;Payable Credit Note;MP 2634;سند صرف قهوه محموصه فرع رفا;Rosted Beanes Uraga Eth24(1Kg);(42.50);42.50;42.50;(42.50);(1.0000);0.00;636 - مخزون البن المحمص;636 - مخزون البن المحمص
19 أغسطس 2025;Payable Credit Note;MP 2631;سند صرف قهوه محموصه فرع الصحافة;Rosted Beanes Uraga Eth24(1Kg);(850.00);42.50;42.50;(850.00);(20.0000);0.00;636 - مخزون البن المحمص;636 - مخزون البن المحمص
19 أغسطس 2025;Payable Credit Note;MP 2631;سند صرف قهوه محموصه فرع الصحافة;Rosted Beanes Uraga Eth24(1Kg);(170.00);42.50;42.50;(170.00);(4.0000);0.00;636 - مخزون البن المحمص;636 - مخزون البن المحمص
19 أغسطس 2025;Payable Credit Note;MP 2636;سند صرف قهوه محموصه فرع التخصصي;Rosted Beanes Uraga Eth24(1Kg);(85.00);42.50;42.50;(85.00);(2.0000);0.00;636 - مخزون البن المحمص;636 - مخزون البن المحمص
20 أغسطس 2025;Receivable Invoice;INV-4255;شركة لوازم للتجارة والتسويق;Rosted Beanes Uraga Eth24(1Kg);(930.00);39.80;93.00;(398.03);(10.0000);53.20;202 - مبيعات القهوة المحمصه;636 - مخزون البن المحمص
23 أغسطس 2025;Payable Credit Note;MP 2645;سند صرف قهوه محموصه فرع حطين;Rosted Beanes Uraga Eth24(1Kg);(1,232.50);42.50;42.50;(1,232.50);(29.0000);0.00;636 - مخزون البن المحمص;636 - مخزون البن المحمص
23 أغسطس 2025;Payable Credit Note;MP 2641;سند صرف قهوه محموصه فرع رفا;Rosted Beanes Uraga Eth24(1Kg);(212.50);42.50;42.50;(212.50);(5.0000);0.00;636 - مخزون البن المحمص;636 - مخزون البن المحمص
24 أغسطس 2025;Payable Credit Note;MP 2646;سند صرف قهوه محموصه فرع الصحافة;Rosted Beanes Uraga Eth24(1Kg);(42.50);42.50;42.50;(42.50);(1.0000);0.00;636 - مخزون البن المحمص;636 - مخزون البن المحمص
26 أغسطس 2025;Payable Credit Note;MP 2649;سند صرف قهوه محموصه فرع الصحافة;Rosted Beanes Uraga Eth24(1Kg);(425.00);42.50;42.50;(425.00);(10.0000);0.00;636 - مخزون البن المحمص;636 - مخزون البن المحمص
26 أغسطس 2025;Receivable Invoice;INV-4289;Arto Caffee ارتوكفى;Rosted Beanes Uraga;(910.00);39.24;91.00;(392.41);(10.0000);51.76;202 - مبيعات القهوة المحمصه;636 - مخزون البن المحمص
31 أغسطس 2025;Payable Credit Note;MP 2653;سند صرف قهوه محموصه فرع واو;Rosted Beanes Uraga Eth24(1Kg);(85.00);42.50;42.50;(85.00);(2.0000);0.00;636 - مخزون البن المحمص;636 - مخزون البن المحمص
31 أغسطس 2025;Payable Credit Note;MP 2653;سند صرف قهوه محموصه فرع واو;Rosted Beanes Uraga Eth24(1Kg);(85.00);42.50;42.50;(85.00);(2.0000);0.00;636 - مخزون البن المحمص;636 - مخزون البن المحمص
31 أغسطس 2025;Payable Credit Note;MP 2652;سند صرف قهوه محموصه فرع التخصصي;Rosted Beanes Uraga Eth24(1Kg);(85.00);42.50;42.50;(85.00);(2.0000);0.00;636 - مخزون البن المحمص;636 - مخزون البن المحمص
31 أغسطس 2025;Payable Credit Note;MP 2657;سند صرف قهوه محموصه فرع حطين;Rosted Beanes Uraga Eth24(1Kg);(850.00);42.50;42.50;(850.00);(20.0000);0.00;636 - مخزون البن المحمص;636 - مخزون البن المحمص
31 أغسطس 2025;Payable Credit Note;MP 2656;سند صرف قهوه محموصه فرع رفا;Rosted Beanes Uraga Eth24(1Kg);(170.00);42.50;42.50;(170.00);(4.0000);0.00;636 - مخزون البن المحمص;636 - مخزون البن المحمص
31 أغسطس 2025;Payable Credit Note;MP 2656;سند صرف قهوه محموصه فرع رفا;Rosted Beanes Uraga Eth24(1Kg);(42.50);42.50;42.50;(42.50);(1.0000);0.00;636 - مخزون البن المحمص;636 - مخزون البن المحمص
31 أغسطس 2025;Payable Credit Note;MP 2655;سند صرف قهوه محموصه فرع الصحافة;Rosted Beanes Uraga Eth24(1Kg);(425.00);42.50;42.50;(425.00);(10.0000);0.00;636 - مخزون البن المحمص;636 - مخزون البن المحمص
31 أغسطس 2025;Receivable Invoice;INV-4356;موقع سلة Salla website;Rosted Beanes Uraga Eth24(1Kg);(31.28);38.40;62.56;(19.20);(0.5000);24.16;203 - مبيعات المتجر الكترونى موقع سلة;636 - مخزون البن المحمص
02 سبتمبر 2025;Payable Credit Note;MP 2659;سند صرف قهوه محموصه فرع التخصصي;Rosted Beanes Uraga Eth24(1Kg);(85.00);42.50;42.50;(85.00);(2.0000);0.00;636 - مخزون البن المحمص;636 - مخزون البن المحمص
02 سبتمبر 2025;Payable Credit Note;MP 2660;سند صرف قهوه محموصه فرع الصحافة;Rosted Beanes Uraga Eth24(1Kg);(637.50);42.50;42.50;(637.50);(15.0000);0.00;636 - مخزون البن المحمص;636 - مخزون البن المحمص
04 سبتمبر 2025;Payable Invoice;7222;تحميص وارد لمستودع البن المحمص;Rosted Beanes Uraga Eth24(1Kg);3,815.00;40.16;0.00;3,815.00;95.0000;0.00;;636 - مخزون البن المحمص
04 سبتمبر 2025;Payable Credit Note;MP 2669;سند صرف قهوه محموصه فرع الصحافة;Rosted Beanes Uraga Eth24(1Kg);(425.00);42.50;42.50;(425.00);(10.0000);0.00;636 - مخزون البن المحمص;636 - مخزون البن المحمص
04 سبتمبر 2025;Receivable Invoice;INV-4340;شركة الخزامي التجارية;Rosted Beanes Uraga Eth24(1Kg);(6,800.00);38.31;85.00;(3,065.12);(80.0000);46.69;202 - مبيعات القهوة المحمصه;636 - مخزون البن المحمص
06 سبتمبر 2025;Payable Credit Note;MP 2668;سند صرف قهوه محموصه فرع التخصصي;Rosted Beanes Uraga Eth24(1Kg);(21.25);42.50;42.50;(21.25);(0.5000);0.00;636 - مخزون البن المحمص;636 - مخزون البن المحمص
06 سبتمبر 2025;Payable Credit Note;MP 2667;سند صرف قهوه محموصه فرع حطين;Rosted Beanes Uraga Eth24(1Kg);(1,147.50);42.50;42.50;(1,147.50);(27.0000);0.00;636 - مخزون البن المحمص;636 - مخزون البن المحمص
09 سبتمبر 2025;Payable Credit Note;MP 2674;سند صرف قهوه محموصه فرع رفا;Rosted Beanes Uraga Eth24(1Kg);(170.00);42.50;42.50;(170.00);(4.0000);0.00;636 - مخزون البن المحمص;636 - مخزون البن المحمص
09 سبتمبر 2025;Payable Credit Note;MP 2676;سند صرف قهوه محموصه فرع التخصصي;Rosted Beanes Uraga Eth24(1Kg);(85.00);42.50;42.50;(85.00);(2.0000);0.00;636 - مخزون البن المحمص;636 - مخزون البن المحمص
09 سبتمبر 2025;Payable Credit Note;MP 2676;سند صرف قهوه محموصه فرع التخصصي;Rosted Beanes Uraga Eth24(1Kg);(21.25);42.50;42.50;(21.25);(0.5000);0.00;636 - مخزون البن المحمص;636 - مخزون البن المحمص
09 سبتمبر 2025;Receivable Invoice;INV-4368;شركة مستشفي المحمدية للرعاية الطبية;Rosted Beanes Uraga Eth24(1Kg) عدد10 ارباع;(225.00);38.40;90.00;(96.00);(2.5000);51.60;202 - مبيعات القهوة المحمصه;636 - مخزون البن المحمص
14 سبتمبر 2025;Payable Invoice;7223;تحميص وارد لمستودع البن المحمص;Rosted Beanes Uraga Eth24(1Kg);8,540.01;40.67;0.00;8,540.01;210.0000;0.00;;636 - مخزون البن المحمص
14 سبتمبر 2025;Payable Credit Note;MP 2687;سند صرف قهوه محموصه فرع رفا;Rosted Beanes Uraga Eth24(1Kg);(425.00);42.50;42.50;(425.00);(10.0000);0.00;636 - مخزون البن المحمص;636 - مخزون البن المحمص
14 سبتمبر 2025;Payable Credit Note;MP 2683;سند صرف قهوه محموصه فرع الصحافة;Rosted Beanes Uraga Eth24(1Kg);(127.50);42.50;42.50;(127.50);(3.0000);0.00;636 - مخزون البن المحمص;636 - مخزون البن المحمص
14 سبتمبر 2025;Payable Credit Note;MP 2684;سند صرف قهوه محموصه فرع الصحافة;Rosted Beanes Uraga Eth24(1Kg);(425.00);42.50;42.50;(425.00);(10.0000);0.00;636 - مخزون البن المحمص;636 - مخزون البن المحمص
14 سبتمبر 2025;Payable Credit Note;MP 2686;سند صرف قهوه محموصه فرع رفا;Rosted Beanes Uraga Eth24(1Kg);(85.00);42.50;42.50;(85.00);(2.0000);0.00;636 - مخزون البن المحمص;636 - مخزون البن المحمص
14 سبتمبر 2025;Payable Credit Note;MP 2688;سند صرف قهوه محموصه فرع حطين;Rosted Beanes Uraga Eth24(1Kg) 40 كيس;(425.00);42.50;42.50;(425.00);(10.0000);0.00;636 - مخزون البن المحمص;636 - مخزون البن المحمص
14 سبتمبر 2025;Payable Credit Note;MP 2682;سند صرف قهوه محموصه فرع واو;Rosted Beanes Uraga Eth24(1Kg);(21.25);42.50;42.50;(21.25);(0.5000);0.00;636 - مخزون البن المحمص;636 - مخزون البن المحمص
14 سبتمبر 2025;Payable Credit Note;MP 2682;سند صرف قهوه محموصه فرع واو;Rosted Beanes Uraga Eth24(1Kg);(127.50);42.50;42.50;(127.50);(3.0000);0.00;636 - مخزون البن المحمص;636 - مخزون البن المحمص
14 سبتمبر 2025;Payable Credit Note;MP 2680;سند صرف قهوه محموصه فرع حطين;Rosted Beanes Uraga Eth24(1Kg);(1,615.00);42.50;42.50;(1,615.00);(38.0000);0.00;636 - مخزون البن المحمص;636 - مخزون البن المحمص
14 سبتمبر 2025;Receivable Invoice;INV-4402;شركة لوازم للتجارة والتسويق;Rosted Beanes Uraga Eth24(1Kg);(1,860.00);38.75;93.00;(775.07);(20.0000);54.25;202 - مبيعات القهوة المحمصه;636 - مخزون البن المحمص
15 سبتمبر 2025;Payable Credit Note;MP 2681;سند صرف قهوه محموصه فرع التخصصي;Rosted Beanes Uraga Eth24(1Kg);(42.50);42.50;42.50;(42.50);(1.0000);0.00;636 - مخزون البن المحمص;636 - مخزون البن المحمص
15 سبتمبر 2025;Payable Credit Note;MP 2690;سند صرف قهوه محموصه فرع التخصصي;Rosted Beanes Uraga Eth24(1Kg);(127.50);42.50;42.50;(127.50);(3.0000);0.00;636 - مخزون البن المحمص;636 - مخزون البن المحمص
16 سبتمبر 2025;Payable Invoice;7224;تحميص وارد لمستودع البن المحمص;Rosted Beanes Uraga Eth24(1Kg);4,270.00;40.67;0.00;4,270.00;105.0000;0.00;;636 - مخزون البن المحمص
20 سبتمبر 2025;Payable Credit Note;MP 2697;سند صرف قهوه محموصه فرع حطين;Rosted Beanes Uraga Eth24(1Kg);(1,147.50);42.50;42.50;(1,147.50);(27.0000);0.00;636 - مخزون البن المحمص;636 - مخزون البن المحمص
20 سبتمبر 2025;Payable Credit Note;MP 2697;سند صرف قهوه محموصه فرع حطين;Rosted Beanes Uraga Eth24(1Kg) 8 كيس;(85.00);42.50;42.50;(85.00);(2.0000);0.00;636 - مخزون البن المحمص;636 - مخزون البن المحمص
21 سبتمبر 2025;Receivable Invoice;INV-4433;Arto Caffee ارتوكفى;Rosted Beanes Uraga;(1,365.00);39.23;91.00;(588.45);(15.0000);51.77;202 - مبيعات القهوة المحمصه;636 - مخزون البن المحمص
23 سبتمبر 2025;Payable Credit Note;MP 2701;سند صرف قهوه محموصه فرع الصحافة;Rosted Beanes Uraga Eth24(1Kg);(850.00);42.50;42.50;(850.00);(20.0000);0.00;636 - مخزون البن المحمص;636 - مخزون البن المحمص
25 سبتمبر 2025;Payable Credit Note;MP 2703;عينات القهوة المحمصة;Rosted Beanes Uraga Eth24(1Kg) عينات وتوزيعات وهدايا اليوم الوطني;(3,400.00);42.50;42.50;(3,400.00);(80.0000);0.00;636 - مخزون البن المحمص;636 - مخزون البن المحمص
27 سبتمبر 2025;Payable Credit Note;;سند صرف قهوه محموصه فرع رفا;Rosted Beanes Uraga Eth24(1Kg);(170.00);42.50;42.50;(170.00);(4.0000);0.00;636 - مخزون البن المحمص;636 - مخزون البن المحمص
27 سبتمبر 2025;Payable Credit Note;;سند صرف قهوه محموصه فرع رفا;Rosted Beanes Uraga Eth24(1Kg);(42.50);42.50;42.50;(42.50);(1.0000);0.00;636 - مخزون البن المحمص;636 - مخزون البن المحمص
28 سبتمبر 2025;Payable Credit Note;MP 2708;سند صرف قهوه محموصه فرع واو;Rosted Beanes Uraga Eth24(1Kg);(85.00);42.50;42.50;(85.00);(2.0000);0.00;636 - مخزون البن المحمص;636 - مخزون البن المحمص
28 سبتمبر 2025;Payable Credit Note;MP 2706;سند صرف قهوه محموصه فرع حطين;Rosted Beanes Uraga Eth24(1Kg);(1,105.00);42.50;42.50;(1,105.00);(26.0000);0.00;636 - مخزون البن المحمص;636 - مخزون البن المحمص
28 سبتمبر 2025;Payable Credit Note;MP 2707;سند صرف قهوه محموصه فرع الصحافة;Rosted Beanes Uraga Eth24(1Kg);(212.50);42.50;42.50;(212.50);(5.0000);0.00;636 - مخزون البن المحمص;636 - مخزون البن المحمص
28 سبتمبر 2025;Payable Credit Note;MP 2707;سند صرف قهوه محموصه فرع الصحافة;Rosted Beanes Uraga Eth24(1Kg);(127.50);42.50;42.50;(127.50);(3.0000);0.00;636 - مخزون البن المحمص;636 - مخزون البن المحمص
29 سبتمبر 2025;Receivable Invoice;INV-4469;موقع سلة Salla website;Rosted Beanes Uraga Eth24(1Kg)اظرف قهوة أوراقا;(207.83);36.88;207.83;(36.88);(1.0000);170.95;203 - مبيعات المتجر الكترونى موقع سلة;636 - مخزون البن المحمص
29 سبتمبر 2025;Receivable Invoice;INV-4469;موقع سلة Salla website;Rosted Beanes Uraga Eth24(1Kg);(524.35);36.88;174.78;(110.64);(3.0000);137.90;203 - مبيعات المتجر الكترونى موقع سلة;636 - مخزون البن المحمص
30 سبتمبر 2025;Payable Credit Note;MP 2711;سند صرف قهوه محموصه فرع حطين;Rosted Beanes Uraga Eth24(1Kg);(212.50);42.50;42.50;(212.50);(5.0000);0.00;636 - مخزون البن المحمص;636 - مخزون البن المحمص
30 سبتمبر 2025;Receivable Invoice;INV-4478;شركة زاوية الاختيار للتجارة;Rosted Beanes Uraga Eth24(1Kg);(960.00);36.76;160.00;(220.54);(6.0000);123.24;202 - مبيعات القهوة المحمصه;636 - مخزون البن المحمص
30 سبتمبر 2025;Adjustment;Bulk Adjustment;;جرد البن المحمص 30/9;2,958.85;36.76;0.00;2,958.85;80.5000;0.00;;636 - مخزون البن المحمص
05 أكتوبر 2025;Payable Credit Note;MP 2721;سند صرف قهوه محموصه فرع الصحافة;Rosted Beanes Uraga Eth24(1Kg) 8 كيس;(85.00);42.50;42.50;(85.00);(2.0000);0.00;636 - مخزون البن المحمص;636 - مخزون البن المحمص
05 أكتوبر 2025;Payable Credit Note;MP 2720;سند صرف قهوه محموصه فرع حطين;Rosted Beanes Uraga Eth24(1Kg);(85.00);42.50;42.50;(85.00);(2.0000);0.00;636 - مخزون البن المحمص;636 - مخزون البن المحمص
05 أكتوبر 2025;Payable Credit Note;MP 2716;سند صرف قهوه محموصه فرع رفا;Rosted Beanes Uraga Eth24(1Kg);(127.50);42.50;42.50;(127.50);(3.0000);0.00;636 - مخزون البن المحمص;636 - مخزون البن المحمص
05 أكتوبر 2025;Payable Credit Note;MP 2718;سند صرف قهوه محموصه فرع الصحافة;Rosted Beanes Uraga Eth24(1Kg) 8 كيس;(85.00);42.50;42.50;(85.00);(2.0000);0.00;636 - مخزون البن المحمص;636 - مخزون البن المحمص
06 أكتوبر 2025;Payable Credit Note;MP 2722;سند صرف قهوه محموصه فرع التخصصي;Rosted Beanes Uraga Eth24(1Kg);(425.00);42.50;42.50;(425.00);(10.0000);0.00;636 - مخزون البن المحمص;636 - مخزون البن المحمص
07 أكتوبر 2025;Payable Credit Note;MP 2725;سند صرف قهوه محموصه فرع التخصصي;Rosted Beanes Uraga Eth24(1Kg);(170.00);42.50;42.50;(170.00);(4.0000);0.00;636 - مخزون البن المحمص;636 - مخزون البن المحمص
07 أكتوبر 2025;Payable Credit Note;MP 2725;سند صرف قهوه محموصه فرع التخصصي;Rosted Beanes Uraga Eth24(1Kg);(42.50);42.50;42.50;(42.50);(1.0000);0.00;636 - مخزون البن المحمص;636 - مخزون البن المحمص
08 أكتوبر 2025;Payable Credit Note;MP 2728;سند صرف قهوه محموصه فرع الصحافة;Rosted Beanes Uraga Eth24(1Kg);(850.00);42.50;42.50;(850.00);(20.0000);0.00;636 - مخزون البن المحمص;636 - مخزون البن المحمص
09 أكتوبر 2025;Payable Credit Note;MP 2730;سند صرف قهوه محموصه فرع التخصصي;Rosted Beanes Uraga Eth24(1Kg);(212.50);42.50;42.50;(212.50);(5.0000);0.00;636 - مخزون البن المحمص;636 - مخزون البن المحمص
09 أكتوبر 2025;Payable Credit Note;MP 2727;سند صرف قهوه محموصه فرع رفا;Rosted Beanes Uraga Eth24(1Kg);(170.00);42.50;42.50;(170.00);(4.0000);0.00;636 - مخزون البن المحمص;636 - مخزون البن المحمص
09 أكتوبر 2025;Payable Credit Note;MP 2727;سند صرف قهوه محموصه فرع رفا;Rosted Beanes Uraga Eth24(1Kg)4 كيس;(42.50);42.50;42.50;(42.50);(1.0000);0.00;636 - مخزون البن المحمص;636 - مخزون البن المحمص
09 أكتوبر 2025;Payable Credit Note;MP 2726;سند صرف قهوه محموصه فرع حطين;Rosted Beanes Uraga Eth24(1Kg);(892.50);42.50;42.50;(892.50);(21.0000);0.00;636 - مخزون البن المحمص;636 - مخزون البن المحمص
14 أكتوبر 2025;Payable Credit Note;MP 2736;سند صرف قهوه محموصه فرع التخصصي;Rosted Beanes Uraga Eth24(1Kg);(425.00);42.50;42.50;(425.00);(10.0000);0.00;636 - مخزون البن المحمص;636 - مخزون البن المحمص
14 أكتوبر 2025;Payable Credit Note;MP 2735;سند صرف قهوه محموصه فرع الصحافة;Rosted Beanes Uraga Eth24(1Kg) 6كيس;(63.75);42.50;42.50;(63.75);(1.5000);0.00;636 - مخزون البن المحمص;636 - مخزون البن المحمص
15 أكتوبر 2025;Payable Credit Note;MP 2738;سند صرف قهوه محموصه فرع الصحافة;Rosted Beanes Uraga Eth24(1Kg);(850.00);42.50;42.50;(850.00);(20.0000);0.00;636 - مخزون البن المحمص;636 - مخزون البن المحمص
16 أكتوبر 2025;Payable Invoice;7226;تحميص وارد لمستودع البن المحمص;Rosted Beanes Uraga Eth24(1Kg);12,810.01;40.67;0.00;12,810.01;315.0000;0.00;;636 - مخزون البن المحمص
17 أكتوبر 2025;Receivable Invoice;INV-4562;Arto Caffee ارتوكفى;Rosted Beanes Uraga;(2,275.00);33.63;91.00;(840.67);(25.0000);57.37;202 - مبيعات القهوة المحمصه;636 - مخزون البن المحمص
20 أكتوبر 2025;Payable Credit Note;MP 2744;سند صرف قهوه محموصه فرع التخصصي;Rosted Beanes Uraga Eth24(1Kg);(382.50);42.50;42.50;(382.50);(9.0000);0.00;636 - مخزون البن المحمص;636 - مخزون البن المحمص
20 أكتوبر 2025;Payable Credit Note;MP 2742;سند صرف قهوه محموصه فرع حطين;Rosted Beanes Uraga Eth24(1Kg);(1,445.00);42.50;42.50;(1,445.00);(34.0000);0.00;636 - مخزون البن المحمص;636 - مخزون البن المحمص
20 أكتوبر 2025;Payable Credit Note;MP 2743;سند صرف قهوه محموصه فرع رفا;Rosted Beanes Uraga Eth24(1Kg);(340.00);42.50;42.50;(340.00);(8.0000);0.00;636 - مخزون البن المحمص;636 - مخزون البن المحمص
20 أكتوبر 2025;Payable Credit Note;MP 2743;سند صرف قهوه محموصه فرع رفا;Rosted Beanes Uraga Eth24(1Kg);(340.00);42.50;42.50;(340.00);(8.0000);0.00;636 - مخزون البن المحمص;636 - مخزون البن المحمص
21 أكتوبر 2025;Payable Credit Note;MP 2747;سند صرف قهوه محموصه فرع الصحافة;Rosted Beanes Uraga Eth24(1Kg) 4 كيس;(42.50);42.50;42.50;(42.50);(1.0000);0.00;636 - مخزون البن المحمص;636 - مخزون البن المحمص
22 أكتوبر 2025;Receivable Invoice;INV-4592;شركة لوازم للتجارة والتسويق;Rosted Beanes Uraga Eth24(1Kg);(1,860.00);34.12;93.00;(682.43);(20.0000);58.88;202 - مبيعات القهوة المحمصه;636 - مخزون البن المحمص
23 أكتوبر 2025;Payable Credit Note;MP 2749;سند صرف قهوه محموصه فرع التخصصي;Rosted Beanes Uraga Eth24(1Kg);(255.00);42.50;42.50;(255.00);(6.0000);0.00;636 - مخزون البن المحمص;636 - مخزون البن المحمص
23 أكتوبر 2025;Payable Credit Note;MP 2749;سند صرف قهوه محموصه فرع التخصصي;Rosted Beanes Uraga Eth24(1Kg) 4 كيس;(42.50);42.50;42.50;(42.50);(1.0000);0.00;636 - مخزون البن المحمص;636 - مخزون البن المحمص
23 أكتوبر 2025;Payable Credit Note;MP 2748;سند صرف قهوه محموصه فرع الصحافة;Rosted Beanes Uraga Eth24(1Kg);(850.00);42.50;42.50;(850.00);(20.0000);0.00;636 - مخزون البن المحمص;636 - مخزون البن المحمص
24 أكتوبر 2025;Payable Credit Note;MP 2750;سند صرف قهوه محموصه فرع واو;Rosted Beanes Uraga Eth24(1Kg);(127.50);42.50;42.50;(127.50);(3.0000);0.00;636 - مخزون البن المحمص;636 - مخزون البن المحمص
26 أكتوبر 2025;Payable Credit Note;MP 2753;سند صرف قهوه محموصه فرع حطين;Rosted Beanes Uraga Eth24(1Kg);(892.50);42.50;42.50;(892.50);(21.0000);0.00;636 - مخزون البن المحمص;636 - مخزون البن المحمص
27 أكتوبر 2025;Payable Credit Note;MP 2755;سند صرف قهوه محموصه فرع رفا;Rosted Beanes Uraga Eth24(1Kg);(340.00);42.50;42.50;(340.00);(8.0000);0.00;636 - مخزون البن المحمص;636 - مخزون البن المحمص
27 أكتوبر 2025;Payable Credit Note;MP 2757;سند صرف قهوه محموصه فرع الصحافة;Rosted Beanes Uraga Eth24(1Kg);(637.50);42.50;42.50;(637.50);(15.0000);0.00;636 - مخزون البن المحمص;636 - مخزون البن المحمص
27 أكتوبر 2025;Payable Credit Note;MP 2757;سند صرف قهوه محموصه فرع الصحافة;Rosted Beanes Uraga Eth24(1Kg) 4كيس;(42.50);42.50;42.50;(42.50);(1.0000);0.00;636 - مخزون البن المحمص;636 - مخزون البن المحمص
27 أكتوبر 2025;Payable Credit Note;MP 2754;سند صرف قهوه محموصه فرع حطين;Rosted Beanes Uraga Eth24(1Kg) 12 كيس;(127.50);42.50;42.50;(127.50);(3.0000);0.00;636 - مخزون البن المحمص;636 - مخزون البن المحمص
28 أكتوبر 2025;Payable Credit Note;MP 2758;سند صرف قهوه محموصه فرع التخصصي;Rosted Beanes Uraga Eth24(1Kg);(425.00);42.50;42.50;(425.00);(10.0000);0.00;636 - مخزون البن المحمص;636 - مخزون البن المحمص
31 أكتوبر 2025;Payable Credit Note;MP 2762;سند صرف قهوه محموصه فرع الصحافة;Rosted Beanes Uraga Eth24(1Kg);(425.00);42.50;42.50;(425.00);(10.0000);0.00;636 - مخزون البن المحمص;636 - مخزون البن المحمص
31 أكتوبر 2025;Payable Credit Note;MP 2760;سند صرف قهوه محموصه فرع التخصصي;Rosted Beanes Uraga Eth24(1Kg);(340.00);42.50;42.50;(340.00);(8.0000);0.00;636 - مخزون البن المحمص;636 - مخزون البن المحمص
31 أكتوبر 2025;Payable Credit Note;MP 2760;سند صرف قهوه محموصه فرع التخصصي;Rosted Beanes Uraga Eth24(1Kg) 4 كيييييس;(42.50);42.50;42.50;(42.50);(1.0000);0.00;636 - مخزون البن المحمص;636 - مخزون البن المحمص
31 أكتوبر 2025;Receivable Invoice;INV-4744;موقع سلة Salla website;Rosted Beanes Uraga Eth24(1Kg)اظرف قهوة أوراقا;(43.10);30.07;172.40;(7.52);(0.2500);142.33;203 - مبيعات المتجر الكترونى موقع سلة;636 - مخزون البن المحمص
31 أكتوبر 2025;Receivable Invoice;INV-4744;موقع سلة Salla website;Rosted Beanes Uraga Eth24(1Kg);(176.23);30.07;140.98;(37.58);(1.2500);110.92;203 - مبيعات المتجر الكترونى موقع سلة;636 - مخزون البن المحمص
03 نوفمبر 2025;Payable Credit Note;MP 2772;سند صرف قهوه محموصه فرع رفا;Rosted Beanes Uraga Eth24(1Kg);(170.00);42.50;42.50;(170.00);(4.0000);0.00;636 - مخزون البن المحمص;636 - مخزون البن المحمص
03 نوفمبر 2025;Payable Credit Note;MP 2766;سند صرف قهوه محموصه فرع الصحافة;Rosted Beanes Uraga Eth24(1Kg);(127.50);42.50;42.50;(127.50);(3.0000);0.00;636 - مخزون البن المحمص;636 - مخزون البن المحمص
03 نوفمبر 2025;Payable Credit Note;MP 2768;سند صرف قهوه محموصه فرع التخصصي;Rosted Beanes Uraga Eth24(1Kg);(42.50);42.50;42.50;(42.50);(1.0000);0.00;636 - مخزون البن المحمص;636 - مخزون البن المحمص
03 نوفمبر 2025;Payable Credit Note;MP 2767;سند صرف قهوه محموصه فرع رفا;Rosted Beanes Uraga Eth24(1Kg);(42.50);42.50;42.50;(42.50);(1.0000);0.00;636 - مخزون البن المحمص;636 - مخزون البن المحمص
03 نوفمبر 2025;Payable Credit Note;MP 2765;سند صرف قهوه محموصه فرع حطين;Rosted Beanes Uraga Eth24(1Kg);(127.50);42.50;42.50;(127.50);(3.0000);0.00;636 - مخزون البن المحمص;636 - مخزون البن المحمص
03 نوفمبر 2025;Payable Credit Note;MP 2769;سند صرف قهوه محموصه فرع الصحافة;Rosted Beanes Uraga Eth24(1Kg);(637.50);42.50;42.50;(637.50);(15.0000);0.00;636 - مخزون البن المحمص;636 - مخزون البن المحمص
03 نوفمبر 2025;Payable Credit Note;MP 2771;سند صرف قهوه محموصه فرع التخصصي;Rosted Beanes Uraga Eth24(1Kg);(425.00);42.50;42.50;(425.00);(10.0000);0.00;636 - مخزون البن المحمص;636 - مخزون البن المحمص
04 نوفمبر 2025;Payable Credit Note;MP 2774;سند صرف قهوه محموصه فرع حطين;Rosted Beanes Uraga Eth24(1Kg);(1,360.00);42.50;42.50;(1,360.00);(32.0000);0.00;636 - مخزون البن المحمص;636 - مخزون البن المحمص
07 نوفمبر 2025;Payable Credit Note;MP 2778;سند صرف قهوه محموصه فرع التخصصي;Rosted Beanes Uraga Eth24(1Kg);(42.50);42.50;42.50;(42.50);(1.0000);0.00;636 - مخزون البن المحمص;636 - مخزون البن المحمص
07 نوفمبر 2025;Payable Credit Note;MP 2779;سند صرف قهوه محموصه فرع حطين;Rosted Beanes Uraga Eth24(1Kg);(170.00);42.50;42.50;(170.00);(4.0000);0.00;636 - مخزون البن المحمص;636 - مخزون البن المحمص
07 نوفمبر 2025;Payable Credit Note;MP 2777;سند صرف قهوه محموصه فرع الصحافة;Rosted Beanes Uraga Eth24(1Kg);(85.00);42.50;42.50;(85.00);(2.0000);0.00;636 - مخزون البن المحمص;636 - مخزون البن المحمص
08 نوفمبر 2025;Payable Credit Note;MP 2780;سند صرف قهوه محموصه فرع الصحافة;"Rosted Beanes Uraga Eth24(1Kg)

";(850.00);42.50;42.50;(850.00);(20.0000);0.00;636 - مخزون البن المحمص;636 - مخزون البن المحمص
08 نوفمبر 2025;Payable Credit Note;MP 2780;سند صرف قهوه محموصه فرع الصحافة;Rosted Beanes Uraga Eth24(1Kg) 8كيس;(85.00);42.50;42.50;(85.00);(2.0000);0.00;636 - مخزون البن المحمص;636 - مخزون البن المحمص
08 نوفمبر 2025;Payable Credit Note;MP 2782;سند صرف قهوه محموصه فرع رفا;Rosted Beanes Uraga Eth24(1Kg);(170.00);42.50;42.50;(170.00);(4.0000);0.00;636 - مخزون البن المحمص;636 - مخزون البن المحمص
08 نوفمبر 2025;Payable Credit Note;MP 2782;سند صرف قهوه محموصه فرع رفا;Rosted Beanes Uraga Eth24(1Kg);(42.50);42.50;42.50;(42.50);(1.0000);0.00;636 - مخزون البن المحمص;636 - مخزون البن المحمص
10 نوفمبر 2025;Payable Credit Note;MP 2786;سند صرف قهوه محموصه فرع واو;Rosted Beanes Uraga Eth24(1Kg);(85.00);42.50;42.50;(85.00);(2.0000);0.00;636 - مخزون البن المحمص;636 - مخزون البن المحمص
11 نوفمبر 2025;Payable Credit Note;MP 2790;سند صرف قهوه محموصه فرع حطين;Rosted Beanes Uraga Eth24(1Kg);(212.50);42.50;42.50;(212.50);(5.0000);0.00;636 - مخزون البن المحمص;636 - مخزون البن المحمص
11 نوفمبر 2025;Payable Credit Note;MP 2787;سند صرف قهوه محموصه فرع الصحافة;Rosted Beanes Uraga Eth24(1Kg);(170.00);42.50;42.50;(170.00);(4.0000);0.00;636 - مخزون البن المحمص;636 - مخزون البن المحمص
11 نوفمبر 2025;Payable Credit Note;MP 2789;سند صرف قهوه محموصه فرع حطين;Rosted Beanes Uraga Eth24(1Kg);(1,530.00);42.50;42.50;(1,530.00);(36.0000);0.00;636 - مخزون البن المحمص;636 - مخزون البن المحمص
11 نوفمبر 2025;Payable Credit Note;MP 2788;سند صرف قهوه محموصه فرع التخصصي;Rosted Beanes Uraga Eth24(1Kg);(212.50);42.50;42.50;(212.50);(5.0000);0.00;636 - مخزون البن المحمص;636 - مخزون البن المحمص
11 نوفمبر 2025;Payable Credit Note;MP 2788;سند صرف قهوه محموصه فرع التخصصي;Rosted Beanes Uraga Eth24(1Kg);(42.50);42.50;42.50;(42.50);(1.0000);0.00;636 - مخزون البن المحمص;636 - مخزون البن المحمص
12 نوفمبر 2025;Payable Credit Note;MP 2793;سند صرف قهوه محموصه فرع الصحافة;Rosted Beanes Uraga Eth24(1Kg);(850.00);42.50;42.50;(850.00);(20.0000);0.00;636 - مخزون البن المحمص;636 - مخزون البن المحمص
12 نوفمبر 2025;Payable Credit Note;MP 2796;سند صرف قهوه محموصه فرع رفا;Rosted Beanes Uraga Eth24(1Kg);(85.00);42.50;42.50;(85.00);(2.0000);0.00;636 - مخزون البن المحمص;636 - مخزون البن المحمص
12 نوفمبر 2025;Payable Credit Note;MP 2792;سند صرف قهوه محموصه فرع التخصصي;Rosted Beanes Uraga Eth24(1Kg);(212.50);42.50;42.50;(212.50);(5.0000);0.00;636 - مخزون البن المحمص;636 - مخزون البن المحمص
12 نوفمبر 2025;Payable Credit Note;MP 2792;سند صرف قهوه محموصه فرع التخصصي;Rosted Beanes Uraga Eth24(1Kg);(42.50);42.50;42.50;(42.50);(1.0000);0.00;636 - مخزون البن المحمص;636 - مخزون البن المحمص
12 نوفمبر 2025;Payable Credit Note;MP 2795;سند صرف قهوه محموصه فرع التخصصي;Rosted Beanes Uraga Eth24(1Kg);(255.00);42.50;42.50;(255.00);(6.0000);0.00;636 - مخزون البن المحمص;636 - مخزون البن المحمص
12 نوفمبر 2025;Payable Credit Note;MP 2795;سند صرف قهوه محموصه فرع التخصصي;Rosted Beanes Uraga Eth24(1Kg);(85.00);42.50;42.50;(85.00);(2.0000);0.00;636 - مخزون البن المحمص;636 - مخزون البن المحمص
13 نوفمبر 2025;Payable Invoice;7228;تحميص وارد لمستودع البن المحمص;Rosted Beanes Uraga Eth24(1Kg);2,555.00;40.56;0.00;2,555.00;63.0000;0.00;;636 - مخزون البن المحمص
13 نوفمبر 2025;Payable Credit Note;MP 2797;سند صرف قهوه محموصه فرع الصحافة;Rosted Beanes Uraga Eth24(1Kg) 20كيس;(212.50);42.50;42.50;(212.50);(5.0000);0.00;636 - مخزون البن المحمص;636 - مخزون البن المحمص
16 نوفمبر 2025;Payable Credit Note;MP 2800;سند صرف قهوه محموصه فرع التخصصي;Rosted Beanes Uraga Eth24(1Kg);(212.50);42.50;42.50;(212.50);(5.0000);0.00;636 - مخزون البن المحمص;636 - مخزون البن المحمص
18 نوفمبر 2025;Payable Credit Note;MP 2803;سند صرف قهوه محموصه فرع الصحافة;Rosted Beanes Uraga Eth24(1Kg);(425.00);42.50;42.50;(425.00);(10.0000);0.00;636 - مخزون البن المحمص;636 - مخزون البن المحمص
18 نوفمبر 2025;Payable Credit Note;MP 2802;سند صرف قهوه محموصه فرع الصحافة;Rosted Beanes Uraga Eth24(1Kg) 20كيس;(212.50);42.50;42.50;(212.50);(5.0000);0.00;636 - مخزون البن المحمص;636 - مخزون البن المحمص
18 نوفمبر 2025;Payable Credit Note;MP 2801;سند صرف قهوه محموصه فرع حطين;Rosted Beanes Uraga Eth24(1Kg);(425.00);42.50;42.50;(425.00);(10.0000);0.00;636 - مخزون البن المحمص;636 - مخزون البن المحمص
18 نوفمبر 2025;Payable Credit Note;MP 2806;سند صرف قهوه محموصه فرع التخصصي;Rosted Beanes Uraga Eth24(1Kg);(425.00);42.50;42.50;(425.00);(10.0000);0.00;636 - مخزون البن المحمص;636 - مخزون البن المحمص
18 نوفمبر 2025;Payable Credit Note;MP 2806;سند صرف قهوه محموصه فرع التخصصي;Rosted Beanes Uraga Eth24(1Kg) 12 كيس;(127.50);42.50;42.50;(127.50);(3.0000);0.00;636 - مخزون البن المحمص;636 - مخزون البن المحمص
18 نوفمبر 2025;Payable Credit Note;MP 2808;سند صرف قهوه محموصه فرع واو;Rosted Beanes Uraga Eth24(1Kg);(212.50);42.50;42.50;(212.50);(5.0000);0.00;636 - مخزون البن المحمص;636 - مخزون البن المحمص
18 نوفمبر 2025;Payable Credit Note;MP 2807;سند صرف قهوه محموصه فرع رفا;Rosted Beanes Uraga Eth24(1Kg);(127.50);42.50;42.50;(127.50);(3.0000);0.00;636 - مخزون البن المحمص;636 - مخزون البن المحمص
18 نوفمبر 2025;Payable Credit Note;MP 2807;سند صرف قهوه محموصه فرع رفا;Rosted Beanes Uraga Eth24(1Kg) 4 كيس;(42.50);42.50;42.50;(42.50);(1.0000);0.00;636 - مخزون البن المحمص;636 - مخزون البن المحمص
21 نوفمبر 2025;Payable Invoice;7229;تحميص وارد لمستودع البن المحمص;Rosted Beanes Uraga Eth24(1Kg);4,270.00;40.67;0.00;4,270.00;105.0000;0.00;;636 - مخزون البن المحمص
21 نوفمبر 2025;Payable Credit Note;MP 2813;سند صرف قهوه محموصه فرع الصحافة;Rosted Beanes Uraga Eth24(1Kg);(1,062.50);42.50;42.50;(1,062.50);(25.0000);0.00;636 - مخزون البن المحمص;636 - مخزون البن المحمص
21 نوفمبر 2025;Payable Credit Note;MP 2813;سند صرف قهوه محموصه فرع الصحافة;Rosted Beanes Uraga Eth24(1Kg)8كيس;(85.00);42.50;42.50;(85.00);(2.0000);0.00;636 - مخزون البن المحمص;636 - مخزون البن المحمص
21 نوفمبر 2025;Payable Credit Note;MP 2811;سند صرف قهوه محموصه فرع التخصصي;Rosted Beanes Uraga Eth24(1Kg);(425.00);42.50;42.50;(425.00);(10.0000);0.00;636 - مخزون البن المحمص;636 - مخزون البن المحمص
21 نوفمبر 2025;Payable Credit Note;MP 2811;سند صرف قهوه محموصه فرع التخصصي;Rosted Beanes Uraga Eth24(1Kg)  8كيس;(85.00);42.50;42.50;(85.00);(2.0000);0.00;636 - مخزون البن المحمص;636 - مخزون البن المحمص
21 نوفمبر 2025;Payable Credit Note;MP 2809;سند صرف قهوه محموصه فرع حطين;Rosted Beanes Uraga Eth24(1Kg);(2,295.00);42.50;42.50;(2,295.00);(54.0000);0.00;636 - مخزون البن المحمص;636 - مخزون البن المحمص
21 نوفمبر 2025;Payable Credit Note;MP 2815;سند صرف قهوه محموصه فرع رفا;Rosted Beanes Uraga Eth24(1Kg);(42.50);42.50;42.50;(42.50);(1.0000);0.00;636 - مخزون البن المحمص;636 - مخزون البن المحمص
25 نوفمبر 2025;Payable Credit Note;MP 2826;سند صرف قهوه محموصه فرع رفا;Rosted Beanes Uraga Eth24(1Kg);(85.00);42.50;42.50;(85.00);(2.0000);0.00;636 - مخزون البن المحمص;636 - مخزون البن المحمص
25 نوفمبر 2025;Payable Credit Note;MP 2824;سند صرف قهوه محموصه فرع واو;Rosted Beanes Uraga Eth24(1Kg);(127.50);42.50;42.50;(127.50);(3.0000);0.00;636 - مخزون البن المحمص;636 - مخزون البن المحمص
25 نوفمبر 2025;Payable Credit Note;MP 2821;سند صرف قهوه محموصه فرع الصحافة;Rosted Beanes Uraga Eth24(1Kg);(425.00);42.50;42.50;(425.00);(10.0000);0.00;636 - مخزون البن المحمص;636 - مخزون البن المحمص
25 نوفمبر 2025;Payable Credit Note;MP 2825;سند صرف قهوه محموصه فرع رفا;Rosted Beanes Uraga Eth24(1Kg);(212.50);42.50;42.50;(212.50);(5.0000);0.00;636 - مخزون البن المحمص;636 - مخزون البن المحمص
25 نوفمبر 2025;Payable Credit Note;MP 2823;سند صرف قهوه محموصه فرع التخصصي;Rosted Beanes Uraga Eth24(1Kg);(510.00);42.50;42.50;(510.00);(12.0000);0.00;636 - مخزون البن المحمص;636 - مخزون البن المحمص
25 نوفمبر 2025;Receivable Invoice;INV-4782;شركة لوازم للتجارة والتسويق;Rosted Beanes Uraga Eth24(1Kg);(1,860.00);30.07;93.00;(601.33);(20.0000);62.93;202 - مبيعات القهوة المحمصه;636 - مخزون البن المحمص
27 نوفمبر 2025;Payable Credit Note;MP 2832;سند صرف قهوه محموصه فرع التخصصي;Rosted Beanes Uraga Eth24(1Kg);(297.50);42.50;42.50;(297.50);(7.0000);0.00;636 - مخزون البن المحمص;636 - مخزون البن المحمص
27 نوفمبر 2025;Payable Credit Note;MP 2827;سند صرف قهوه محموصه فرع حطين;Rosted Beanes Uraga Eth24(1Kg);(1,317.50);42.50;42.50;(1,317.50);(31.0000);0.00;636 - مخزون البن المحمص;636 - مخزون البن المحمص
27 نوفمبر 2025;Payable Credit Note;MP 2827;سند صرف قهوه محموصه فرع حطين;Rosted Beanes Uraga Eth24(1Kg) 40 كيس;(425.00);42.50;42.50;(425.00);(10.0000);0.00;636 - مخزون البن المحمص;636 - مخزون البن المحمص
27 نوفمبر 2025;Payable Invoice;7230;تحميص وارد لمستودع البن المحمص;Rosted Beanes Uraga Eth24(1Kg);8,539.99;40.67;0.00;8,539.99;210.0000;0.00;;636 - مخزون البن المحمص
27 نوفمبر 2025;Payable Credit Note;MP 2830;سند صرف قهوه محموصه فرع الصحافة;Rosted Beanes Uraga Eth24(1Kg);(425.00);42.50;42.50;(425.00);(10.0000);0.00;636 - مخزون البن المحمص;636 - مخزون البن المحمص
27 نوفمبر 2025;Payable Credit Note;MP 2830;سند صرف قهوه محموصه فرع الصحافة;Rosted Beanes Uraga Eth24(1Kg)12كيس;(127.50);42.50;42.50;(127.50);(3.0000);0.00;636 - مخزون البن المحمص;636 - مخزون البن المحمص
28 نوفمبر 2025;Payable Credit Note;MP 2833;سند صرف قهوه محموصه فرع رفا;Rosted Beanes Uraga Eth24(1Kg);(340.00);42.50;42.50;(340.00);(8.0000);0.00;636 - مخزون البن المحمص;636 - مخزون البن المحمص
28 نوفمبر 2025;Payable Credit Note;MP 2833;سند صرف قهوه محموصه فرع رفا;Rosted Beanes Uraga Eth24(1Kg);(42.50);42.50;42.50;(42.50);(1.0000);0.00;636 - مخزون البن المحمص;636 - مخزون البن المحمص
29 نوفمبر 2025;Receivable Invoice;INV-4811;Arto Caffee ارتوكفى;Rosted Beanes Uraga;(2,275.00);35.23;91.00;(880.75);(25.0000);55.77;202 - مبيعات القهوة المحمصه;636 - مخزون البن المحمص
30 نوفمبر 2025;Payable Credit Note;MP 2835;سند صرف قهوه محموصه فرع الصحافة;Rosted Beanes Uraga Eth24(1Kg);(425.00);42.50;42.50;(425.00);(10.0000);0.00;636 - مخزون البن المحمص;636 - مخزون البن المحمص
30 نوفمبر 2025;Payable Credit Note;MP 2835;سند صرف قهوه محموصه فرع الصحافة;Rosted Beanes Uraga Eth24(1Kg) 8كيس;(85.00);42.50;42.50;(85.00);(2.0000);0.00;636 - مخزون البن المحمص;636 - مخزون البن المحمص
30 نوفمبر 2025;Payable Credit Note;MP 2837;سند صرف قهوه محموصه فرع التخصصي;Rosted Beanes Uraga Eth24(1Kg);(170.00);42.50;42.50;(170.00);(4.0000);0.00;636 - مخزون البن المحمص;636 - مخزون البن المحمص
30 نوفمبر 2025;Payable Credit Note;MP 2837;سند صرف قهوه محموصه فرع التخصصي;Rosted Beanes Uraga Eth24(1Kg) 8 كيس;(85.00);42.50;42.50;(85.00);(2.0000);0.00;636 - مخزون البن المحمص;636 - مخزون البن المحمص
30 نوفمبر 2025;Receivable Invoice;INV-4868;موقع سلة Salla website;Rosted Beanes Uraga Eth24(1Kg)اظرف قهوة أوراقا;(361.12);29.48;90.28;(117.91);(4.0000);60.80;203 - مبيعات المتجر الكترونى موقع سلة;636 - مخزون البن المحمص
30 نوفمبر 2025;Receivable Invoice;INV-4868;موقع سلة Salla website;Rosted Beanes Uraga Eth24(1Kg);(4,863.90);29.48;162.13;(884.30);(30.0000);132.65;203 - مبيعات المتجر الكترونى موقع سلة;636 - مخزون البن المحمص
02 ديسمبر 2025;Payable Credit Note;MP 2843;سند صرف قهوه محموصه فرع رفا;Rosted Beanes Uraga Eth24(1Kg);(340.00);42.50;42.50;(340.00);(8.0000);0.00;636 - مخزون البن المحمص;636 - مخزون البن المحمص
02 ديسمبر 2025;Payable Credit Note;MP 2843;سند صرف قهوه محموصه فرع رفا;Rosted Beanes Uraga Eth24(1Kg)8كيس;(85.00);42.50;42.50;(85.00);(2.0000);0.00;636 - مخزون البن المحمص;636 - مخزون البن المحمص
02 ديسمبر 2025;Payable Credit Note;MP 2839;سند صرف قهوه محموصه فرع الصحافة;Rosted Beanes Uraga Eth24(1Kg);(425.00);42.50;42.50;(425.00);(10.0000);0.00;636 - مخزون البن المحمص;636 - مخزون البن المحمص
02 ديسمبر 2025;Payable Credit Note;MP 2839;سند صرف قهوه محموصه فرع الصحافة;Rosted Beanes Uraga Eth24(1Kg) 8 كيس;(85.00);42.50;42.50;(85.00);(2.0000);0.00;636 - مخزون البن المحمص;636 - مخزون البن المحمص
02 ديسمبر 2025;Payable Credit Note;MP 2842;سند صرف قهوه محموصه فرع التخصصي;Rosted Beanes Uraga Eth24(1Kg);(425.00);42.50;42.50;(425.00);(10.0000);0.00;636 - مخزون البن المحمص;636 - مخزون البن المحمص
02 ديسمبر 2025;Payable Credit Note;MP 2842;سند صرف قهوه محموصه فرع التخصصي;Rosted Beanes Uraga Eth24(1Kg) 4كيس;(42.50);42.50;42.50;(42.50);(1.0000);0.00;636 - مخزون البن المحمص;636 - مخزون البن المحمص
04 ديسمبر 2025;Payable Invoice;7231;تحميص وارد لمستودع البن المحمص;Rosted Beanes Uraga Eth24(1Kg);5,985.00;40.71;0.00;5,985.00;147.0000;0.00;;636 - مخزون البن المحمص
04 ديسمبر 2025;Payable Invoice;7231;تحميص وارد لمستودع البن المحمص;Rosted Beanes Uraga Eth24(1Kg) قهوة سعودية;262.50;40.38;0.00;262.50;6.5000;0.00;;636 - مخزون البن المحمص
04 ديسمبر 2025;Payable Credit Note;MP 2850;سند صرف قهوه محموصه فرع واو;Rosted Beanes Uraga Eth24(1Kg);(127.50);42.50;42.50;(127.50);(3.0000);0.00;636 - مخزون البن المحمص;636 - مخزون البن المحمص
04 ديسمبر 2025;Payable Credit Note;MP 2850;سند صرف قهوه محموصه فرع واو;Rosted Beanes Uraga Eth24(1Kg) 4كيس;(42.50);42.50;42.50;(42.50);(1.0000);0.00;636 - مخزون البن المحمص;636 - مخزون البن المحمص
04 ديسمبر 2025;Payable Credit Note;MP 2849;سند صرف قهوه محموصه فرع التخصصي;Rosted Beanes Uraga Eth24(1Kg);(170.00);42.50;42.50;(170.00);(4.0000);0.00;636 - مخزون البن المحمص;636 - مخزون البن المحمص
04 ديسمبر 2025;Payable Credit Note;MP 2848;سند صرف قهوه محموصه فرع الصحافة;Rosted Beanes Uraga Eth24(1Kg);(850.00);42.50;42.50;(850.00);(20.0000);0.00;636 - مخزون البن المحمص;636 - مخزون البن المحمص
04 ديسمبر 2025;Payable Credit Note;MP 2845;سند صرف قهوه محموصه فرع الصحافة;Rosted Beanes Uraga Eth24(1Kg);(425.00);42.50;42.50;(425.00);(10.0000);0.00;636 - مخزون البن المحمص;636 - مخزون البن المحمص
06 ديسمبر 2025;Payable Credit Note;MP 2851;عينات القهوة المحمصة;Rosted Beanes Uraga Eth24(1Kg) قهوة سعودية ل تميم التركي;(255.00);42.50;42.50;(255.00);(6.0000);0.00;636 - مخزون البن المحمص;636 - مخزون البن المحمص
06 ديسمبر 2025;Payable Credit Note;MP 2852;سند صرف قهوه محموصه فرع رفا;Rosted Beanes Uraga Eth24(1Kg);(212.50);42.50;42.50;(212.50);(5.0000);0.00;636 - مخزون البن المحمص;636 - مخزون البن المحمص
06 ديسمبر 2025;Payable Credit Note;2851;سند صرف قهوه محموصه فرع حطين;Rosted Beanes Uraga Eth24(1Kg);(2,082.50);42.50;42.50;(2,082.50);(49.0000);0.00;636 - مخزون البن المحمص;636 - مخزون البن المحمص
07 ديسمبر 2025;Payable Credit Note;MP 2854;سند صرف قهوه محموصه فرع التخصصي;Rosted Beanes Uraga Eth24(1Kg);(510.00);42.50;42.50;(510.00);(12.0000);0.00;636 - مخزون البن المحمص;636 - مخزون البن المحمص
09 ديسمبر 2025;Payable Credit Note;MP 2856;سند صرف قهوه محموصه فرع الصحافة;Rosted Beanes Uraga Eth24(1Kg);(850.00);42.50;42.50;(850.00);(20.0000);0.00;636 - مخزون البن المحمص;636 - مخزون البن المحمص
09 ديسمبر 2025;Payable Credit Note;MP 2858;سند صرف قهوه محموصه فرع التخصصي;Rosted Beanes Uraga Eth24(1Kg);(255.00);42.50;42.50;(255.00);(6.0000);0.00;636 - مخزون البن المحمص;636 - مخزون البن المحمص
10 ديسمبر 2025;Payable Invoice;7232;تحميص وارد لمستودع البن المحمص;Rosted Beanes Uraga Eth24(1Kg);1,714.99;40.83;0.00;1,714.99;42.0000;0.00;;636 - مخزون البن المحمص
12 ديسمبر 2025;Payable Credit Note;MP 2859;سند صرف قهوه محموصه فرع الصحافة;Rosted Beanes Uraga Eth24(1Kg);(425.00);42.50;42.50;(425.00);(10.0000);0.00;636 - مخزون البن المحمص;636 - مخزون البن المحمص
13 ديسمبر 2025;Payable Credit Note;MP 2863;سند صرف قهوه محموصه فرع حطين;Rosted Beanes Uraga Eth24(1Kg);(1,445.00);42.50;42.50;(1,445.00);(34.0000);0.00;636 - مخزون البن المحمص;636 - مخزون البن المحمص
13 ديسمبر 2025;Payable Credit Note;MP 2863;سند صرف قهوه محموصه فرع حطين;Rosted Beanes Uraga Eth24(1Kg) 20 كيس;(212.50);42.50;42.50;(212.50);(5.0000);0.00;636 - مخزون البن المحمص;636 - مخزون البن المحمص
13 ديسمبر 2025;Payable Credit Note;MP 2864;سند صرف قهوه محموصه فرع رفا;Rosted Beanes Uraga Eth24(1Kg);(127.50);42.50;42.50;(127.50);(3.0000);0.00;636 - مخزون البن المحمص;636 - مخزون البن المحمص
14 ديسمبر 2025;Payable Credit Note;MP 2865;سند صرف قهوه محموصه فرع الصحافة;Rosted Beanes Uraga Eth24(1Kg);(425.00);42.50;42.50;(425.00);(10.0000);0.00;636 - مخزون البن المحمص;636 - مخزون البن المحمص
14 ديسمبر 2025;Payable Credit Note;MP 2865;سند صرف قهوه محموصه فرع الصحافة;Rosted Beanes Uraga Eth24(1Kg) 8 كيس;(85.00);42.50;42.50;(85.00);(2.0000);0.00;636 - مخزون البن المحمص;636 - مخزون البن المحمص
15 ديسمبر 2025;Payable Credit Note;MP 2866;سند صرف قهوه محموصه فرع التخصصي;Rosted Beanes Uraga Eth24(1Kg);(850.00);42.50;42.50;(850.00);(20.0000);0.00;636 - مخزون البن المحمص;636 - مخزون البن المحمص
16 ديسمبر 2025;Payable Credit Note;MP 2869;سند صرف قهوه محموصه فرع واو;Rosted Beanes Uraga Eth24(1Kg);(85.00);42.50;42.50;(85.00);(2.0000);0.00;636 - مخزون البن المحمص;636 - مخزون البن المحمص
16 ديسمبر 2025;Payable Credit Note;MP 2868;سند صرف قهوه محموصه فرع الصحافة;Rosted Beanes Uraga Eth24(1Kg);(425.00);42.50;42.50;(425.00);(10.0000);0.00;636 - مخزون البن المحمص;636 - مخزون البن المحمص
18 ديسمبر 2025;Payable Credit Note;MP 2870;سند صرف قهوه محموصه فرع رفا;Rosted Beanes Uraga Eth24(1Kg);(255.00);42.50;42.50;(255.00);(6.0000);0.00;636 - مخزون البن المحمص;636 - مخزون البن المحمص
18 ديسمبر 2025;Payable Credit Note;MP 2871;سند صرف قهوه محموصه فرع التخصصي;Rosted Beanes Uraga Eth24(1Kg);(425.00);42.50;42.50;(425.00);(10.0000);0.00;636 - مخزون البن المحمص;636 - مخزون البن المحمص
18 ديسمبر 2025;Payable Credit Note;MP 2872;سند صرف قهوه محموصه فرع الصحافة;Rosted Beanes Uraga Eth24(1Kg);(637.50);42.50;42.50;(637.50);(15.0000);0.00;636 - مخزون البن المحمص;636 - مخزون البن المحمص
18 ديسمبر 2025;Payable Credit Note;MP 2872;سند صرف قهوه محموصه فرع الصحافة;Rosted Beanes Uraga Eth24(1Kg) 8 كيس;(85.00);42.50;42.50;(85.00);(2.0000);0.00;636 - مخزون البن المحمص;636 - مخزون البن المحمص
20 ديسمبر 2025;Payable Credit Note;MP 2875;سند صرف قهوه محموصه فرع حطين;Rosted Beanes Uraga Eth24(1Kg);(977.50);42.50;42.50;(977.50);(23.0000);0.00;636 - مخزون البن المحمص;636 - مخزون البن المحمص
21 ديسمبر 2025;Adjustment;Revaluation;;اعادة تقييم;2,077.23;0.00;0.00;2,077.23;0.0000;0.00;;636 - مخزون البن المحمص
22 ديسمبر 2025;Payable Credit Note;MP 2880;سند صرف قهوه محموصه فرع التخصصي;Rosted Beanes Uraga Eth24(1Kg);(170.00);42.50;42.50;(170.00);(4.0000);0.00;636 - مخزون البن المحمص;636 - مخزون البن المحمص
25 ديسمبر 2025;Receivable Invoice;INV-4949;شركة لوازم للتجارة والتسويق;Rosted Beanes Uraga Eth24(1Kg);(93.00);42.50;93.00;(42.50);(1.0000);50.50;202 - مبيعات القهوة المحمصه;636 - مخزون البن المحمص
31 ديسمبر 2025;Adjustment;Quantity Decrease;;جرد 31/12;(106.25);42.50;0.00;(106.25);(2.5000);0.00;;636 - مخزون البن المحمص
Total RB0148-اوراقا محمص - Rosted Beanes Uraga Eth24;;;;;(36,193.66);;;(3,740.00);(88.0000);2,268.95;;
Closing Balance;;;;;0.00;0.00;0.00;0.00;0.0000;0.00;;
;;;;;;;;;;;;
RB0149-اوراقا سوبر نتشرول محمص - Rosted Beanes Super Natural l Uraga;;;;;;;;;;;;
Opening Balance;;;;;0.00;0.00;0.00;837.04;10.5000;0.00;;
01 يناير 2025;Payable Credit Note;MP 2286;سند صرف قهوه محموصه فرع الصحافة;Rosted Beanes Super Natural l Uraga 4 كيس;(78.50);78.50;78.50;(78.50);(1.0000);0.00;636 - مخزون البن المحمص;636 - مخزون البن المحمص
02 يناير 2025;Payable Credit Note;MP 2290;سند صرف قهوه محموصه فرع حطين;Rosted Beanes Super Natural l Uraga 4 كيس;(117.75);78.50;78.50;(117.75);(1.5000);0.00;636 - مخزون البن المحمص;636 - مخزون البن المحمص
05 يناير 2025;Payable Credit Note;MP 2292;سند صرف قهوه محموصه فرع التخصصي;Rosted Beanes Super Natural l Uraga 4 كيس;(78.50);78.50;78.50;(78.50);(1.0000);0.00;636 - مخزون البن المحمص;636 - مخزون البن المحمص
05 يناير 2025;Payable Credit Note;MP 2291;سند صرف قهوه محموصه فرع واو;Rosted Beanes Super Natural l Uraga 2 كيس;(39.25);78.50;78.50;(39.25);(0.5000);0.00;636 - مخزون البن المحمص;636 - مخزون البن المحمص
11 يناير 2025;Payable Credit Note;MP 2299;سند صرف قهوه محموصه فرع حطين;Rosted Beanes Super Natural l Uraga;(157.00);78.50;78.50;(157.00);(2.0000);0.00;636 - مخزون البن المحمص;636 - مخزون البن المحمص
15 يناير 2025;Payable Invoice;7201;تحميص وارد لمستودع البن المحمص;Rosted Beanes Super Natural l Uraga;1,046.08;80.47;0.00;1,046.08;13.0000;0.00;;636 - مخزون البن المحمص
18 يناير 2025;Payable Credit Note;MP 2310;سند صرف قهوه محموصه فرع حطين;Rosted Beanes Super Natural l Uraga;(314.00);78.50;78.50;(314.00);(4.0000);0.00;636 - مخزون البن المحمص;636 - مخزون البن المحمص
20 يناير 2025;Payable Credit Note;MP 2312;سند صرف قهوه محموصه فرع رفا;Rosted Beanes Super Natural l Uraga;(157.00);78.50;78.50;(157.00);(2.0000);0.00;636 - مخزون البن المحمص;636 - مخزون البن المحمص
23 يناير 2025;Payable Credit Note;MP 2316;سند صرف قهوه محموصه فرع حطين;Rosted Beanes Super Natural l Uraga;(235.50);78.50;78.50;(235.50);(3.0000);0.00;636 - مخزون البن المحمص;636 - مخزون البن المحمص
23 يناير 2025;Payable Credit Note;MP 2314;سند صرف قهوه محموصه فرع الصحافة;Rosted Beanes Super Natural l Uraga 2 كيس;(39.25);78.50;78.50;(39.25);(0.5000);0.00;636 - مخزون البن المحمص;636 - مخزون البن المحمص
25 يناير 2025;Payable Credit Note;MP 2317;سند صرف قهوه محموصه فرع حطين;Rosted Beanes Super Natural l Uraga;(235.50);78.50;78.50;(235.50);(3.0000);0.00;636 - مخزون البن المحمص;636 - مخزون البن المحمص
28 يناير 2025;Payable Invoice;7202;تحميص وارد لمستودع البن المحمص;Rosted Beanes Super Natural l Uraga;523.03;80.47;0.00;523.03;6.5000;0.00;;636 - مخزون البن المحمص
29 يناير 2025;Payable Credit Note;MP 2329;سند صرف قهوه محموصه فرع حطين;Rosted Beanes Super Natural l Uraga;(117.75);78.50;78.50;(117.75);(1.5000);0.00;636 - مخزون البن المحمص;636 - مخزون البن المحمص
01 فبراير 2025;Payable Credit Note;MP 2335;سند صرف قهوه محموصه فرع حطين;Rosted Beanes Super Natural l Uraga;(157.00);78.50;78.50;(157.00);(2.0000);0.00;636 - مخزون البن المحمص;636 - مخزون البن المحمص
13 فبراير 2025;Payable Credit Note;MP 2350;سند صرف قهوه محموصه فرع حطين;Rosted Beanes Super Natural l Uraga 12 كيس;(235.50);78.50;78.50;(235.50);(3.0000);0.00;636 - مخزون البن المحمص;636 - مخزون البن المحمص
23 فبراير 2025;Payable Credit Note;MP 2364;سند صرف قهوه محموصه فرع رفا;Rosted Beanes Super Natural l Uraga;(353.25);78.50;78.50;(353.25);(4.5000);0.00;636 - مخزون البن المحمص;636 - مخزون البن المحمص
13 مارس 2025;Payable Invoice;7207;تحميص وارد لمستودع البن المحمص;Rosted Beanes Super Natural l Uraga;1,046.08;80.47;0.00;1,046.08;13.0000;0.00;;636 - مخزون البن المحمص
28 مارس 2025;Payable Credit Note;MP 2411;سند صرف قهوه محموصه فرع حطين;Rosted Beanes Super Natural l Uraga;(78.50);78.50;78.50;(78.50);(1.0000);0.00;636 - مخزون البن المحمص;636 - مخزون البن المحمص
30 مارس 2025;Adjustment;Quantity Increase;;جرد 29/3;196.25;78.50;0.00;196.25;2.5000;0.00;;636 - مخزون البن المحمص
31 مارس 2025;Payable Credit Note;MP 2413;سند صرف قهوه محموصه فرع رفا;Rosted Beanes Super Natural l Uraga;(78.50);78.50;78.50;(78.50);(1.0000);0.00;636 - مخزون البن المحمص;636 - مخزون البن المحمص
20 أبريل 2025;Payable Credit Note;MP 2443;سند صرف قهوه محموصه فرع واو;Rosted Beanes Super Natural l Uraga;(78.50);78.50;78.50;(78.50);(1.0000);0.00;636 - مخزون البن المحمص;636 - مخزون البن المحمص
27 أبريل 2025;Payable Credit Note;MP 2452;سند صرف قهوه محموصه فرع واو;Rosted Beanes Super Natural l Uraga 2 كيس;(39.25);78.50;78.50;(39.25);(0.5000);0.00;636 - مخزون البن المحمص;636 - مخزون البن المحمص
27 أبريل 2025;Payable Credit Note;MP 2451;سند صرف قهوه محموصه فرع التخصصي;Rosted Beanes Super Natural l Uraga 4 كيس;(78.50);78.50;78.50;(78.50);(1.0000);0.00;636 - مخزون البن المحمص;636 - مخزون البن المحمص
15 يونيو 2025;Payable Credit Note;MP 2531;سند صرف قهوه محموصه فرع حطين;Rosted Beanes Super Natural l Uraga;(157.00);78.50;78.50;(157.00);(2.0000);0.00;636 - مخزون البن المحمص;636 - مخزون البن المحمص
30 سبتمبر 2025;Adjustment;Bulk Adjustment;;جرد البن المحمص 30/9;(822.48);86.58;0.00;(822.48);(9.5000);0.00;;636 - مخزون البن المحمص
Total RB0149-اوراقا سوبر نتشرول محمص - Rosted Beanes Super Natural l Uraga;;;;;(837.04);;;(837.04);(10.5000);0.00;;
Closing Balance;;;;;0.00;0.00;0.00;0.00;0.0000;0.00;;
;;;;;;;;;;;;
RB0150-شاكيسو محمص - Rosted Beanes SHAKISSO Eth24;;;;;;;;;;;;
Opening Balance;;;;;0.00;0.00;0.00;819.00;21.0000;0.00;;
01 يناير 2025;Payable Credit Note;MP 2285;سند صرف قهوه محموصه فرع الصحافة;Rosted Beanes SHAKISSO Eth24 (1Kg);(117.00);39.00;39.00;(117.00);(3.0000);0.00;636 - مخزون البن المحمص;636 - مخزون البن المحمص
01 يناير 2025;Payable Credit Note;MP 2286;سند صرف قهوه محموصه فرع الصحافة;Rosted Beanes SHAKISSO Eth24 (1Kg) 4 كيس;(39.00);39.00;39.00;(39.00);(1.0000);0.00;636 - مخزون البن المحمص;636 - مخزون البن المحمص
05 يناير 2025;Payable Credit Note;MP 2291;سند صرف قهوه محموصه فرع واو;Rosted Beanes SHAKISSO Eth24 (1Kg);(78.00);39.00;39.00;(78.00);(2.0000);0.00;636 - مخزون البن المحمص;636 - مخزون البن المحمص
06 يناير 2025;Payable Credit Note;MP 2295;سند صرف قهوه محموصه فرع التخصصي;Rosted Beanes SHAKISSO Eth24 (1Kg);(78.00);39.00;39.00;(78.00);(2.0000);0.00;636 - مخزون البن المحمص;636 - مخزون البن المحمص
11 يناير 2025;Payable Credit Note;MP 2299;سند صرف قهوه محموصه فرع حطين;Rosted Beanes SHAKISSO Eth24 (1Kg);(78.00);39.00;39.00;(78.00);(2.0000);0.00;636 - مخزون البن المحمص;636 - مخزون البن المحمص
11 يناير 2025;Payable Credit Note;MP 2296;سند صرف قهوه محموصه فرع رفا;Rosted Beanes SHAKISSO Eth24 (1Kg);(234.00);39.00;39.00;(234.00);(6.0000);0.00;636 - مخزون البن المحمص;636 - مخزون البن المحمص
11 يناير 2025;Payable Credit Note;MP 2296;سند صرف قهوه محموصه فرع رفا;Rosted Beanes SHAKISSO Eth24 (1Kg) 8 كيس;(78.00);39.00;39.00;(78.00);(2.0000);0.00;636 - مخزون البن المحمص;636 - مخزون البن المحمص
15 يناير 2025;Payable Invoice;7200;تحميص وارد لمستودع البن المحمص;Rosted Beanes SHAKISSO Eth24 (1Kg);1,219.80;38.12;0.00;1,219.80;32.0000;0.00;;636 - مخزون البن المحمص
15 يناير 2025;Payable Credit Note;MP 2304;سند صرف قهوه محموصه فرع رفا;Rosted Beanes SHAKISSO Eth24 (1Kg);(195.00);39.00;39.00;(195.00);(5.0000);0.00;636 - مخزون البن المحمص;636 - مخزون البن المحمص
18 يناير 2025;Payable Credit Note;MP 2308;سند صرف قهوه محموصه فرع التخصصي;Rosted Beanes SHAKISSO Eth24 (1Kg);(117.00);39.00;39.00;(117.00);(3.0000);0.00;636 - مخزون البن المحمص;636 - مخزون البن المحمص
18 يناير 2025;Payable Credit Note;MP 2308;سند صرف قهوه محموصه فرع التخصصي;Rosted Beanes SHAKISSO Eth24 (1Kg) 3 كيس;(29.25);39.00;39.00;(29.25);(0.7500);0.00;636 - مخزون البن المحمص;636 - مخزون البن المحمص
19 يناير 2025;Payable Credit Note;MP 2311;سند صرف قهوه محموصه فرع واو;Rosted Beanes SHAKISSO Eth24 (1Kg);(78.00);39.00;39.00;(78.00);(2.0000);0.00;636 - مخزون البن المحمص;636 - مخزون البن المحمص
25 يناير 2025;Payable Credit Note;MP 2317;سند صرف قهوه محموصه فرع حطين;Rosted Beanes SHAKISSO Eth24 (1Kg);(117.00);39.00;39.00;(117.00);(3.0000);0.00;636 - مخزون البن المحمص;636 - مخزون البن المحمص
29 يناير 2025;Payable Credit Note;MP 2328;سند صرف قهوه محموصه فرع الصحافة;Rosted Beanes SHAKISSO Eth24 (1Kg) 4 كيس;(39.00);39.00;39.00;(39.00);(1.0000);0.00;636 - مخزون البن المحمص;636 - مخزون البن المحمص
29 يناير 2025;Payable Credit Note;MP 2329;سند صرف قهوه محموصه فرع حطين;Rosted Beanes SHAKISSO Eth24 (1Kg);(58.50);39.00;39.00;(58.50);(1.5000);0.00;636 - مخزون البن المحمص;636 - مخزون البن المحمص
29 يناير 2025;Payable Credit Note;MP 2330;سند صرف قهوه محموصه فرع واو;Rosted Beanes SHAKISSO Eth24 (1Kg);(78.00);39.00;39.00;(78.00);(2.0000);0.00;636 - مخزون البن المحمص;636 - مخزون البن المحمص
31 يناير 2025;Receivable Invoice;INV-3179;موقع سلة Salla website;Rosted Beanes SHAKISSO Eth24(1Kg);(410.39);22.89;234.51;(40.05);(1.7500);211.62;203 - مبيعات المتجر الكترونى موقع سلة;636 - مخزون البن المحمص
03 فبراير 2025;Payable Credit Note;MP 2337;سند صرف قهوه محموصه فرع التخصصي;Rosted Beanes SHAKISSO Eth24 (1Kg);(78.00);39.00;39.00;(78.00);(2.0000);0.00;636 - مخزون البن المحمص;636 - مخزون البن المحمص
05 فبراير 2025;Payable Credit Note;MP 2341;سند صرف قهوه محموصه فرع رفا;Rosted Beanes SHAKISSO Eth24 (1Kg);(390.00);39.00;39.00;(390.00);(10.0000);0.00;636 - مخزون البن المحمص;636 - مخزون البن المحمص
10 فبراير 2025;Payable Credit Note;MP 2346;سند صرف قهوه محموصه فرع الصحافة;Rosted Beanes SHAKISSO Eth24 (1Kg) 4 كيس;(39.00);39.00;39.00;(39.00);(1.0000);0.00;636 - مخزون البن المحمص;636 - مخزون البن المحمص
11 فبراير 2025;Payable Credit Note;MP 2347;سند صرف قهوه محموصه فرع واو;Rosted Beanes SHAKISSO Eth24 (1Kg);(78.00);39.00;39.00;(78.00);(2.0000);0.00;636 - مخزون البن المحمص;636 - مخزون البن المحمص
12 فبراير 2025;Payable Invoice;7204;تحميص وارد لمستودع البن المحمص;Rosted Beanes SHAKISSO Eth24 (1Kg);1,219.80;38.12;0.00;1,219.80;32.0000;0.00;;636 - مخزون البن المحمص
13 فبراير 2025;Payable Credit Note;MP 2350;سند صرف قهوه محموصه فرع حطين;Rosted Beanes SHAKISSO Eth24 (1Kg) 12 كيس;(117.00);39.00;39.00;(117.00);(3.0000);0.00;636 - مخزون البن المحمص;636 - مخزون البن المحمص
15 فبراير 2025;Payable Credit Note;MP 2351;سند صرف قهوه محموصه فرع التخصصي;Rosted Beanes SHAKISSO Eth24 (1Kg);(78.00);39.00;39.00;(78.00);(2.0000);0.00;636 - مخزون البن المحمص;636 - مخزون البن المحمص
15 فبراير 2025;Payable Credit Note;MP 2356;سند صرف قهوه محموصه فرع واو;Rosted Beanes SHAKISSO Eth24 (1Kg);(78.00);39.00;39.00;(78.00);(2.0000);0.00;636 - مخزون البن المحمص;636 - مخزون البن المحمص
15 فبراير 2025;Payable Credit Note;MP 2356;سند صرف قهوه محموصه فرع واو;Rosted Beanes SHAKISSO Eth24 (1Kg) 4 كيس;(39.00);39.00;39.00;(39.00);(1.0000);0.00;636 - مخزون البن المحمص;636 - مخزون البن المحمص
15 فبراير 2025;Payable Credit Note;MP 2354;سند صرف قهوه محموصه فرع الصحافة;Rosted Beanes SHAKISSO Eth24 (1Kg);(39.00);39.00;39.00;(39.00);(1.0000);0.00;636 - مخزون البن المحمص;636 - مخزون البن المحمص
15 فبراير 2025;Payable Credit Note;MP 2352;سند صرف قهوه محموصه فرع التخصصي;Rosted Beanes SHAKISSO Eth24 (1Kg) 4 كيس;(39.00);39.00;39.00;(39.00);(1.0000);0.00;636 - مخزون البن المحمص;636 - مخزون البن المحمص
23 فبراير 2025;Payable Credit Note;MP 2369;سند صرف قهوه محموصه فرع التخصصي;Rosted Beanes SHAKISSO Eth24 (1Kg) 4 كيس;(39.00);39.00;39.00;(39.00);(1.0000);0.00;636 - مخزون البن المحمص;636 - مخزون البن المحمص
23 فبراير 2025;Payable Credit Note;MP 2368;سند صرف قهوه محموصه فرع حطين;Rosted Beanes SHAKISSO Eth24 (1Kg);(195.00);39.00;39.00;(195.00);(5.0000);0.00;636 - مخزون البن المحمص;636 - مخزون البن المحمص
23 فبراير 2025;Payable Credit Note;MP 2367;سند صرف قهوه محموصه فرع واو;Rosted Beanes SHAKISSO Eth24 (1Kg);(78.00);39.00;39.00;(78.00);(2.0000);0.00;636 - مخزون البن المحمص;636 - مخزون البن المحمص
25 فبراير 2025;Payable Credit Note;MP 2371;سند صرف قهوه محموصه فرع الصحافة;Rosted Beanes SHAKISSO Eth24 (1Kg) 4 كيس;(39.00);39.00;39.00;(39.00);(1.0000);0.00;636 - مخزون البن المحمص;636 - مخزون البن المحمص
26 فبراير 2025;Payable Credit Note;MP 2375;سند صرف قهوه محموصه فرع التخصصي;Rosted Beanes SHAKISSO Eth24 (1Kg) 4 كيس;(39.00);39.00;39.00;(39.00);(1.0000);0.00;636 - مخزون البن المحمص;636 - مخزون البن المحمص
28 فبراير 2025;Receivable Invoice;INV-3412;موقع سلة Salla website;Rosted Beanes SHAKISSO Eth24(1Kg);(321.00);37.51;107.00;(112.52);(3.0000);69.49;203 - مبيعات المتجر الكترونى موقع سلة;636 - مخزون البن المحمص
06 مارس 2025;Payable Credit Note;MP 2385;سند صرف قهوه محموصه فرع واو;Rosted Beanes SHAKISSO Eth24 (1Kg);(78.00);39.00;39.00;(78.00);(2.0000);0.00;636 - مخزون البن المحمص;636 - مخزون البن المحمص
11 مارس 2025;Payable Credit Note;MP 2389;سند صرف قهوه محموصه فرع واو;Rosted Beanes SHAKISSO Eth24 (1Kg) 2 كيس;(19.50);39.00;39.00;(19.50);(0.5000);0.00;636 - مخزون البن المحمص;636 - مخزون البن المحمص
13 مارس 2025;Payable Invoice;7207;تحميص وارد لمستودع البن المحمص;Rosted Beanes SHAKISSO Eth24 (1Kg);963.00;37.04;0.00;963.00;26.0000;0.00;;636 - مخزون البن المحمص
13 مارس 2025;Payable Credit Note;MP 2391;سند صرف قهوه محموصه فرع التخصصي;Rosted Beanes SHAKISSO Eth24 (1Kg);(78.00);39.00;39.00;(78.00);(2.0000);0.00;636 - مخزون البن المحمص;636 - مخزون البن المحمص
15 مارس 2025;Payable Credit Note;MP 2397;سند صرف قهوه محموصه فرع واو;Rosted Beanes SHAKISSO Eth24 (1Kg);(78.00);39.00;39.00;(78.00);(2.0000);0.00;636 - مخزون البن المحمص;636 - مخزون البن المحمص
30 مارس 2025;Adjustment;Quantity Increase;;جرد 30/3;838.50;39.00;0.00;838.50;21.5000;0.00;;636 - مخزون البن المحمص
10 أبريل 2025;Payable Credit Note;MP 2425;سند صرف قهوه محموصه فرع التخصصي;Rosted Beanes SHAKISSO Eth24 (1Kg);(78.00);39.00;39.00;(78.00);(2.0000);0.00;636 - مخزون البن المحمص;636 - مخزون البن المحمص
13 أبريل 2025;Payable Credit Note;MP ;سند صرف قهوه محموصه فرع حطين;Rosted Beanes SHAKISSO Eth24 (1Kg);(546.00);39.00;39.00;(546.00);(14.0000);0.00;636 - مخزون البن المحمص;636 - مخزون البن المحمص
13 أبريل 2025;Payable Credit Note;MP 2431;سند صرف قهوه محموصه فرع واو;Rosted Beanes SHAKISSO Eth24 (1Kg);(78.00);39.00;39.00;(78.00);(2.0000);0.00;636 - مخزون البن المحمص;636 - مخزون البن المحمص
13 أبريل 2025;Payable Credit Note;MP 2429;سند صرف قهوه محموصه فرع رفا;Rosted Beanes SHAKISSO Eth24 (1Kg);(195.00);39.00;39.00;(195.00);(5.0000);0.00;636 - مخزون البن المحمص;636 - مخزون البن المحمص
17 أبريل 2025;Payable Credit Note;MP 2437;سند صرف قهوه محموصه فرع رفا;Rosted Beanes SHAKISSO Eth24 (1Kg);(195.00);39.00;39.00;(195.00);(5.0000);0.00;636 - مخزون البن المحمص;636 - مخزون البن المحمص
17 أبريل 2025;Payable Credit Note;MP 2436;سند صرف قهوه محموصه فرع التخصصي;Rosted Beanes SHAKISSO Eth24 (1Kg);(117.00);39.00;39.00;(117.00);(3.0000);0.00;636 - مخزون البن المحمص;636 - مخزون البن المحمص
20 أبريل 2025;Payable Credit Note;MP 2444;سند صرف قهوه محموصه فرع حطين;Rosted Beanes SHAKISSO Eth24 (1Kg);(195.00);39.00;39.00;(195.00);(5.0000);0.00;636 - مخزون البن المحمص;636 - مخزون البن المحمص
20 أبريل 2025;Payable Credit Note;MP 2442;سند صرف قهوه محموصه فرع رفا;"Rosted Beanes SHAKISSO Eth24 (1Kg)
 8 كيس";(78.00);39.00;39.00;(78.00);(2.0000);0.00;636 - مخزون البن المحمص;636 - مخزون البن المحمص
25 أبريل 2025;Payable Credit Note;MP 2449;سند صرف قهوه محموصه فرع التخصصي;Rosted Beanes SHAKISSO Eth24 (1Kg);(78.00);39.00;39.00;(78.00);(2.0000);0.00;636 - مخزون البن المحمص;636 - مخزون البن المحمص
27 أبريل 2025;Payable Credit Note;MP 2452;سند صرف قهوه محموصه فرع واو;Rosted Beanes SHAKISSO Eth24 (1Kg) 2 كيس;(19.50);39.00;39.00;(19.50);(0.5000);0.00;636 - مخزون البن المحمص;636 - مخزون البن المحمص
27 أبريل 2025;Payable Credit Note;MP 2451;سند صرف قهوه محموصه فرع التخصصي;Rosted Beanes SHAKISSO Eth24 (1Kg) 4 كيس;(39.00);39.00;39.00;(39.00);(1.0000);0.00;636 - مخزون البن المحمص;636 - مخزون البن المحمص
07 مايو 2025;Payable Credit Note;MP 2462;سند صرف قهوه محموصه فرع التخصصي;Rosted Beanes SHAKISSO Eth24 (1Kg);(78.00);39.00;39.00;(78.00);(2.0000);0.00;636 - مخزون البن المحمص;636 - مخزون البن المحمص
11 مايو 2025;Payable Credit Note;MP 2469;سند صرف قهوه محموصه فرع التخصصي;Rosted Beanes SHAKISSO Eth24 (1Kg);(78.00);39.00;39.00;(78.00);(2.0000);0.00;636 - مخزون البن المحمص;636 - مخزون البن المحمص
17 مايو 2025;Payable Credit Note;MP 2480;سند صرف قهوه محموصه فرع الصحافة;Rosted Beanes SHAKISSO Eth24 (1Kg) 4 كيس;(39.00);39.00;39.00;(39.00);(1.0000);0.00;636 - مخزون البن المحمص;636 - مخزون البن المحمص
19 مايو 2025;Payable Invoice;7213;تحميص وارد لمستودع البن المحمص;Rosted Beanes SHAKISSO Eth24 (1Kg);963.00;37.04;0.00;963.00;26.0000;0.00;;636 - مخزون البن المحمص
29 مايو 2025;Payable Credit Note;MP 2504;سند صرف قهوه محموصه فرع رفا;Rosted Beanes SHAKISSO Eth24 (1Kg) 4 كيس;(39.00);39.00;39.00;(39.00);(1.0000);0.00;636 - مخزون البن المحمص;636 - مخزون البن المحمص
09 يونيو 2025;Payable Credit Note;MP 2520;سند صرف قهوه محموصه فرع رفا;Rosted Beanes SHAKISSO Eth24 (1Kg) 4 كيس;(39.00);39.00;39.00;(39.00);(1.0000);0.00;636 - مخزون البن المحمص;636 - مخزون البن المحمص
11 يونيو 2025;Payable Credit Note;MP 2521;سند صرف قهوه محموصه فرع واو;Rosted Beanes SHAKISSO Eth24 (1Kg);(39.00);39.00;39.00;(39.00);(1.0000);0.00;636 - مخزون البن المحمص;636 - مخزون البن المحمص
16 يونيو 2025;Payable Credit Note;MP 2532;سند صرف قهوه محموصه فرع التخصصي;Rosted Beanes SHAKISSO Eth24 (1Kg);(78.00);39.00;39.00;(78.00);(2.0000);0.00;636 - مخزون البن المحمص;636 - مخزون البن المحمص
16 يونيو 2025;Receivable Invoice;INV-3883;شركة قطرة المحدودة;Rosted Beanes SHAKISSO;(948.00);34.26;158.00;(205.54);(6.0000);123.74;202 - مبيعات القهوة المحمصه;636 - مخزون البن المحمص
23 يونيو 2025;Payable Credit Note;MP 2539;سند صرف قهوه محموصه فرع التخصصي;Rosted Beanes SHAKISSO Eth24 (1Kg) 2 كيس;(19.50);39.00;39.00;(19.50);(0.5000);0.00;636 - مخزون البن المحمص;636 - مخزون البن المحمص
24 يونيو 2025;Payable Invoice;7218;تحميص وارد لمستودع البن المحمص;Rosted Beanes SHAKISSO Eth24 (1Kg);802.50;40.13;0.00;802.50;20.0000;0.00;;636 - مخزون البن المحمص
24 يونيو 2025;Payable Credit Note;MP 2544.;سند صرف قهوه محموصه فرع حطين;Rosted Beanes SHAKISSO Eth24 (1Kg) 12 كيس;(117.00);39.00;39.00;(117.00);(3.0000);0.00;636 - مخزون البن المحمص;636 - مخزون البن المحمص
26 يونيو 2025;Payable Credit Note;MP 2551;سند صرف قهوه محموصه فرع التخصصي;Rosted Beanes SHAKISSO Eth24 (1Kg);(78.00);39.00;39.00;(78.00);(2.0000);0.00;636 - مخزون البن المحمص;636 - مخزون البن المحمص
29 يونيو 2025;Receivable Invoice;INV-3960;شركة قطرة المحدودة;Rosted Beanes SHAKISSO;(2,370.00);36.73;158.00;(551.02);(15.0000);121.27;202 - مبيعات القهوة المحمصه;636 - مخزون البن المحمص
30 يونيو 2025;Payable Credit Note;MP 2554;سند صرف قهوه محموصه فرع واو;Rosted Beanes SHAKISSO Eth24 (1Kg);(78.00);39.00;39.00;(78.00);(2.0000);0.00;636 - مخزون البن المحمص;636 - مخزون البن المحمص
23 يوليو 2025;Payable Credit Note;MP 2596;سند صرف قهوه محموصه فرع واو;Rosted Beanes SHAKISSO Eth24 (1Kg);(78.00);39.00;39.00;(78.00);(2.0000);0.00;636 - مخزون البن المحمص;636 - مخزون البن المحمص
01 أغسطس 2025;Payable Credit Note;MP 2612;سند صرف قهوه محموصه فرع التخصصي;Rosted Beanes SHAKISSO Eth24 (1Kg);(156.00);39.00;39.00;(156.00);(4.0000);0.00;636 - مخزون البن المحمص;636 - مخزون البن المحمص
15 أغسطس 2025;Payable Credit Note;MP 2629;سند صرف قهوه محموصه فرع التخصصي;Rosted Beanes SHAKISSO Eth24 (1Kg);(78.00);39.00;39.00;(78.00);(2.0000);0.00;636 - مخزون البن المحمص;636 - مخزون البن المحمص
31 أغسطس 2025;Payable Credit Note;MP 2653;سند صرف قهوه محموصه فرع واو;Rosted Beanes SHAKISSO Eth24 (1Kg);(78.00);39.00;39.00;(78.00);(2.0000);0.00;636 - مخزون البن المحمص;636 - مخزون البن المحمص
27 سبتمبر 2025;Payable Credit Note;;سند صرف قهوه محموصه فرع رفا;Rosted Beanes SHAKISSO Eth24 (1Kg);(19.50);39.00;39.00;(19.50);(0.5000);0.00;636 - مخزون البن المحمص;636 - مخزون البن المحمص
30 سبتمبر 2025;Adjustment;Bulk Adjustment;;جرد البن المحمص 30/9;(173.73);31.59;0.00;(173.73);(5.5000);0.00;;636 - مخزون البن المحمص
Total RB0150-شاكيسو محمص - Rosted Beanes SHAKISSO Eth24;;;;;(3,959.27);;;(819.00);(21.0000);526.13;;
Closing Balance;;;;;0.00;0.00;0.00;0.00;0.0000;0.00;;
;;;;;;;;;;;;
RB0151- اريكا محمص - Rosted Beanes Natural Gr.lARICHA;;;;;;;;;;;;
Opening Balance;;;;;0.00;0.00;0.00;0.00;0.0000;0.00;;
24 يونيو 2025;Payable Invoice;7218;تحميص وارد لمستودع البن المحمص;Rosted Beanes Natural Gr.lARICHA;1,578.72;37.59;0.00;1,578.72;42.0000;0.00;;636 - مخزون البن المحمص
01 أغسطس 2025;Payable Credit Note;MP 2613;سند صرف قهوه محموصه فرع حطين;Rosted Beanes Natural Gr.lARICHA;(440.00);40.00;40.00;(440.00);(11.0000);0.00;636 - مخزون البن المحمص;636 - مخزون البن المحمص
07 أغسطس 2025;Payable Credit Note;MP 2620;سند صرف قهوه محموصه فرع حطين;Rosted Beanes Natural Gr.lARICHA;(440.00);40.00;40.00;(440.00);(11.0000);0.00;636 - مخزون البن المحمص;636 - مخزون البن المحمص
11 أغسطس 2025;Payable Credit Note;MP 2624;سند صرف قهوه محموصه فرع حطين;Rosted Beanes Natural Gr.lARICHA;(400.00);40.00;40.00;(400.00);(10.0000);0.00;636 - مخزون البن المحمص;636 - مخزون البن المحمص
16 أغسطس 2025;Payable Credit Note;MP 2630;سند صرف قهوه محموصه فرع حطين;Rosted Beanes Natural Gr.lARICHA;(240.00);40.00;40.00;(240.00);(6.0000);0.00;636 - مخزون البن المحمص;636 - مخزون البن المحمص
30 سبتمبر 2025;Adjustment;Bulk Adjustment;;جرد البن المحمص 30/9;(58.72);14.68;0.00;(58.72);(4.0000);0.00;;636 - مخزون البن المحمص
Total RB0151- اريكا محمص - Rosted Beanes Natural Gr.lARICHA;;;;;0.00;;;0.00;0.0000;0.00;;
Closing Balance;;;;;0.00;0.00;0.00;0.00;0.0000;0.00;;
;;;;;;;;;;;;
RB035- نيكارجوا كاتيمورمحمص - Rosted Beanes Nicaragua catimore natural;;;;;;;;;;;;
Opening Balance;;;;;0.00;0.00;0.00;2,454.47;65.0000;0.00;;
01 يناير 2025;Payable Credit Note;MP 2285;سند صرف قهوه محموصه فرع الصحافة;Rosted Beanes Nicaragua catimore natural;(112.50);37.50;37.50;(112.50);(3.0000);0.00;636 - مخزون البن المحمص;636 - مخزون البن المحمص
01 يناير 2025;Payable Credit Note;MP 2286;سند صرف قهوه محموصه فرع الصحافة;Rosted Beanes Nicaragua catimore natural 4 كيس;(37.50);37.50;37.50;(37.50);(1.0000);0.00;636 - مخزون البن المحمص;636 - مخزون البن المحمص
02 يناير 2025;Payable Credit Note;MP 2289;سند صرف قهوه محموصه فرع حطين;Rosted Beanes Nicaragua catimore natural;(187.50);37.50;37.50;(187.50);(5.0000);0.00;636 - مخزون البن المحمص;636 - مخزون البن المحمص
02 يناير 2025;Payable Credit Note;MP 2290;سند صرف قهوه محموصه فرع حطين;Rosted Beanes Nicaragua catimore natural 6 كيس;(56.25);37.50;37.50;(56.25);(1.5000);0.00;636 - مخزون البن المحمص;636 - مخزون البن المحمص
05 يناير 2025;Payable Credit Note;MP 2293;سند صرف قهوه محموصه فرع رفا;Rosted Beanes Nicaragua catimore natural;(187.50);37.50;37.50;(187.50);(5.0000);0.00;636 - مخزون البن المحمص;636 - مخزون البن المحمص
05 يناير 2025;Payable Credit Note;MP 2291;سند صرف قهوه محموصه فرع واو;Rosted Beanes Nicaragua catimore natural;(75.00);37.50;37.50;(75.00);(2.0000);0.00;636 - مخزون البن المحمص;636 - مخزون البن المحمص
06 يناير 2025;Payable Credit Note;MP 2295;سند صرف قهوه محموصه فرع التخصصي;Rosted Beanes Nicaragua catimore natural;(75.00);37.50;37.50;(75.00);(2.0000);0.00;636 - مخزون البن المحمص;636 - مخزون البن المحمص
11 يناير 2025;Payable Credit Note;MP 2299;سند صرف قهوه محموصه فرع حطين;Rosted Beanes Nicaragua catimore natural;(262.50);37.50;37.50;(262.50);(7.0000);0.00;636 - مخزون البن المحمص;636 - مخزون البن المحمص
15 يناير 2025;Payable Invoice;7201;تحميص وارد لمستودع البن المحمص;Rosted Beanes Nicaragua catimore natural;3,226.69;37.52;0.00;3,226.69;86.0000;0.00;;636 - مخزون البن المحمص
18 يناير 2025;Payable Credit Note;MP 2310;سند صرف قهوه محموصه فرع حطين;Rosted Beanes Nicaragua catimore natural;(450.00);37.50;37.50;(450.00);(12.0000);0.00;636 - مخزون البن المحمص;636 - مخزون البن المحمص
18 يناير 2025;Payable Credit Note;MP 2308;سند صرف قهوه محموصه فرع التخصصي;Rosted Beanes Nicaragua catimore natural;(112.50);37.50;37.50;(112.50);(3.0000);0.00;636 - مخزون البن المحمص;636 - مخزون البن المحمص
25 يناير 2025;Payable Credit Note;MP 2321;سند صرف قهوه محموصه فرع التخصصي;Rosted Beanes Nicaragua catimore natural 4 كيس;(37.50);37.50;37.50;(37.50);(1.0000);0.00;636 - مخزون البن المحمص;636 - مخزون البن المحمص
25 يناير 2025;Payable Credit Note;MP 2317;سند صرف قهوه محموصه فرع حطين;Rosted Beanes Nicaragua catimore natural;(187.50);37.50;37.50;(187.50);(5.0000);0.00;636 - مخزون البن المحمص;636 - مخزون البن المحمص
28 يناير 2025;Payable Invoice;7202;تحميص وارد لمستودع البن المحمص;Rosted Beanes Nicaragua catimore natural;1,198.06;38.65;0.00;1,198.06;31.0000;0.00;;636 - مخزون البن المحمص
01 فبراير 2025;Payable Credit Note;MP 2335;سند صرف قهوه محموصه فرع حطين;Rosted Beanes Nicaragua catimore natural;(375.00);37.50;37.50;(375.00);(10.0000);0.00;636 - مخزون البن المحمص;636 - مخزون البن المحمص
08 فبراير 2025;Payable Credit Note;MP 2343;سند صرف قهوه محموصه فرع حطين;Rosted Beanes Nicaragua catimore natural;(412.50);37.50;37.50;(412.50);(11.0000);0.00;636 - مخزون البن المحمص;636 - مخزون البن المحمص
12 فبراير 2025;Payable Invoice;7203;تحميص وارد لمستودع البن المحمص;Rosted Beanes Nicaragua catimore natural;1,198.06;38.65;0.00;1,198.06;31.0000;0.00;;636 - مخزون البن المحمص
15 فبراير 2025;Payable Credit Note;MP 2351;سند صرف قهوه محموصه فرع التخصصي;Rosted Beanes Nicaragua catimore natural;(75.00);37.50;37.50;(75.00);(2.0000);0.00;636 - مخزون البن المحمص;636 - مخزون البن المحمص
15 فبراير 2025;Payable Credit Note;MP 2352;سند صرف قهوه محموصه فرع التخصصي;Rosted Beanes Nicaragua catimore natural 4كيس;(37.50);37.50;37.50;(37.50);(1.0000);0.00;636 - مخزون البن المحمص;636 - مخزون البن المحمص
16 فبراير 2025;Payable Credit Note;MP 2359;سند صرف قهوه محموصه فرع حطين;Rosted Beanes Nicaragua catimore natural;(562.50);37.50;37.50;(562.50);(15.0000);0.00;636 - مخزون البن المحمص;636 - مخزون البن المحمص
20 فبراير 2025;Payable Credit Note;MP 2362;سند صرف قهوه محموصه فرع الصحافة;Rosted Beanes Nicaragua catimore natural 4 كيس;(37.50);37.50;37.50;(37.50);(1.0000);0.00;636 - مخزون البن المحمص;636 - مخزون البن المحمص
23 فبراير 2025;Payable Credit Note;MP 2369;سند صرف قهوه محموصه فرع التخصصي;Rosted Beanes Nicaragua catimore natural 4 كيس;(37.50);37.50;37.50;(37.50);(1.0000);0.00;636 - مخزون البن المحمص;636 - مخزون البن المحمص
23 فبراير 2025;Payable Credit Note;MP 2368;سند صرف قهوه محموصه فرع حطين;Rosted Beanes Nicaragua catimore natural 20 كيس;(187.50);37.50;37.50;(187.50);(5.0000);0.00;636 - مخزون البن المحمص;636 - مخزون البن المحمص
23 فبراير 2025;Payable Credit Note;MP 2366;سند صرف قهوه محموصه فرع حطين;Rosted Beanes Nicaragua catimore natural;(375.00);37.50;37.50;(375.00);(10.0000);0.00;636 - مخزون البن المحمص;636 - مخزون البن المحمص
23 فبراير 2025;Payable Credit Note;MP 2364;سند صرف قهوه محموصه فرع رفا;Rosted Beanes Nicaragua catimore natural;(375.00);37.50;37.50;(375.00);(10.0000);0.00;636 - مخزون البن المحمص;636 - مخزون البن المحمص
26 فبراير 2025;Payable Credit Note;MP 2375;سند صرف قهوه محموصه فرع التخصصي;Rosted Beanes Nicaragua catimore natural;(75.00);37.50;37.50;(75.00);(2.0000);0.00;636 - مخزون البن المحمص;636 - مخزون البن المحمص
28 فبراير 2025;Receivable Invoice;INV-3412;موقع سلة Salla website;Rosted Beanes Nicaragua catimore natural;(256.50);38.14;114.00;(85.81);(2.2500);75.86;203 - مبيعات المتجر الكترونى موقع سلة;636 - مخزون البن المحمص
03 مارس 2025;Payable Credit Note;MP 2380;سند صرف قهوه محموصه فرع حطين;Rosted Beanes Nicaragua catimore natural;(562.50);37.50;37.50;(562.50);(15.0000);0.00;636 - مخزون البن المحمص;636 - مخزون البن المحمص
13 مارس 2025;Payable Invoice;7206;تحميص وارد لمستودع البن المحمص;Rosted Beanes Nicaragua catimore natural;6,735.04;37.84;0.00;6,735.04;178.0000;0.00;;636 - مخزون البن المحمص
13 مارس 2025;Payable Credit Note;MP 2391;سند صرف قهوه محموصه فرع التخصصي;Rosted Beanes Nicaragua catimore natural;(75.00);37.50;37.50;(75.00);(2.0000);0.00;636 - مخزون البن المحمص;636 - مخزون البن المحمص
15 مارس 2025;Payable Credit Note;MP 2394;سند صرف قهوه محموصه فرع حطين;Rosted Beanes Nicaragua catimore natural;(375.00);37.50;37.50;(375.00);(10.0000);0.00;636 - مخزون البن المحمص;636 - مخزون البن المحمص
23 مارس 2025;Payable Credit Note;MP 2405;سند صرف قهوه محموصه فرع حطين;Rosted Beanes Nicaragua catimore natural;(187.50);37.50;37.50;(187.50);(5.0000);0.00;636 - مخزون البن المحمص;636 - مخزون البن المحمص
28 مارس 2025;Payable Credit Note;MP 2411;سند صرف قهوه محموصه فرع حطين;Rosted Beanes Nicaragua catimore natural;(112.50);37.50;37.50;(112.50);(3.0000);0.00;636 - مخزون البن المحمص;636 - مخزون البن المحمص
30 مارس 2025;Adjustment;Quantity Decrease;;جرد 29/3;(352.64);38.12;0.00;(352.64);(9.2500);0.00;;636 - مخزون البن المحمص
31 مارس 2025;Receivable Invoice;INV-3605;موقع سلة Salla website;Rosted Beanes Nicaragua catimore natural;(1,100.00);37.89;110.00;(378.87);(10.0000);72.11;203 - مبيعات المتجر الكترونى موقع سلة;636 - مخزون البن المحمص
05 أبريل 2025;Payable Credit Note;MP 2417;سند صرف قهوه محموصه فرع حطين;Rosted Beanes Nicaragua catimore natural;(187.50);37.50;37.50;(187.50);(5.0000);0.00;636 - مخزون البن المحمص;636 - مخزون البن المحمص
10 أبريل 2025;Payable Credit Note;MP 2425;سند صرف قهوه محموصه فرع التخصصي;Rosted Beanes Nicaragua catimore natural;(75.00);37.50;37.50;(75.00);(2.0000);0.00;636 - مخزون البن المحمص;636 - مخزون البن المحمص
13 أبريل 2025;Payable Credit Note;MP ;سند صرف قهوه محموصه فرع حطين;Rosted Beanes Nicaragua catimore natural;(1,875.00);37.50;37.50;(1,875.00);(50.0000);0.00;636 - مخزون البن المحمص;636 - مخزون البن المحمص
17 أبريل 2025;Payable Invoice;7210;تحميص وارد لمستودع البن المحمص;Rosted Beanes Nicaragua catimore natural;7,479.78;37.40;0.00;7,479.78;200.0000;0.00;;636 - مخزون البن المحمص
17 أبريل 2025;Payable Credit Note;MP 2437;سند صرف قهوه محموصه فرع رفا;Rosted Beanes Nicaragua catimore natural;(187.50);37.50;37.50;(187.50);(5.0000);0.00;636 - مخزون البن المحمص;636 - مخزون البن المحمص
20 أبريل 2025;Payable Credit Note;MP 2444;سند صرف قهوه محموصه فرع حطين;Rosted Beanes Nicaragua catimore natural;(1,875.00);37.50;37.50;(1,875.00);(50.0000);0.00;636 - مخزون البن المحمص;636 - مخزون البن المحمص
25 أبريل 2025;Payable Credit Note;MP 2447;سند صرف قهوه محموصه فرع الصحافة;Rosted Beanes Nicaragua catimore natural 4 كيس;(37.50);37.50;37.50;(37.50);(1.0000);0.00;636 - مخزون البن المحمص;636 - مخزون البن المحمص
03 مايو 2025;Payable Credit Note;MP 2456;سند صرف قهوه محموصه فرع حطين;Rosted Beanes Nicaragua catimore natural;(3,450.00);37.50;37.50;(3,450.00);(92.0000);0.00;636 - مخزون البن المحمص;636 - مخزون البن المحمص
07 مايو 2025;Payable Credit Note;MP 2462;سند صرف قهوه محموصه فرع التخصصي;Rosted Beanes Nicaragua catimore natural;(75.00);37.50;37.50;(75.00);(2.0000);0.00;636 - مخزون البن المحمص;636 - مخزون البن المحمص
11 مايو 2025;Payable Credit Note;MP 2469;سند صرف قهوه محموصه فرع التخصصي;Rosted Beanes Nicaragua catimore natural;(75.00);37.50;37.50;(75.00);(2.0000);0.00;636 - مخزون البن المحمص;636 - مخزون البن المحمص
11 مايو 2025;Payable Credit Note;MP 2470;سند صرف قهوه محموصه فرع الصحافة;Rosted Beanes Nicaragua catimore natural;(375.00);37.50;37.50;(375.00);(10.0000);0.00;636 - مخزون البن المحمص;636 - مخزون البن المحمص
17 مايو 2025;Payable Credit Note;MP 2483;سند صرف قهوه محموصه فرع حطين;Rosted Beanes Nicaragua catimore natural;(937.50);37.50;37.50;(937.50);(25.0000);0.00;636 - مخزون البن المحمص;636 - مخزون البن المحمص
17 مايو 2025;Payable Credit Note;MP 2480;سند صرف قهوه محموصه فرع الصحافة;Rosted Beanes Nicaragua catimore natural;(375.00);37.50;37.50;(375.00);(10.0000);0.00;636 - مخزون البن المحمص;636 - مخزون البن المحمص
19 مايو 2025;Payable Invoice;7213;تحميص وارد لمستودع البن المحمص;Rosted Beanes Nicaragua catimore natural;8,046.42;38.32;0.00;8,046.42;210.0000;0.00;;636 - مخزون البن المحمص
24 مايو 2025;Payable Credit Note;MP 2497;سند صرف قهوه محموصه فرع حطين;Rosted Beanes Nicaragua catimore natural;(262.50);37.50;37.50;(262.50);(7.0000);0.00;636 - مخزون البن المحمص;636 - مخزون البن المحمص
31 مايو 2025;Payable Credit Note;MP 2509;سند صرف قهوه محموصه فرع حطين;Rosted Beanes Nicaragua catimore natural;(750.00);37.50;37.50;(750.00);(20.0000);0.00;636 - مخزون البن المحمص;636 - مخزون البن المحمص
02 يونيو 2025;Payable Credit Note;MP 2510;سند صرف قهوه محموصه فرع التخصصي;Rosted Beanes Nicaragua catimore natural;(75.00);37.50;37.50;(75.00);(2.0000);0.00;636 - مخزون البن المحمص;636 - مخزون البن المحمص
09 يونيو 2025;Payable Credit Note;MP 2517;سند صرف قهوه محموصه فرع حطين;Rosted Beanes Nicaragua catimore natural;(2,025.00);37.50;37.50;(2,025.00);(54.0000);0.00;636 - مخزون البن المحمص;636 - مخزون البن المحمص
15 يونيو 2025;Payable Credit Note;MP 2531;سند صرف قهوه محموصه فرع حطين;Rosted Beanes Nicaragua catimore natural;(1,875.00);37.50;37.50;(1,875.00);(50.0000);0.00;636 - مخزون البن المحمص;636 - مخزون البن المحمص
16 يونيو 2025;Payable Credit Note;MP 2532;سند صرف قهوه محموصه فرع التخصصي;Rosted Beanes Nicaragua catimore natural;(75.00);37.50;37.50;(75.00);(2.0000);0.00;636 - مخزون البن المحمص;636 - مخزون البن المحمص
23 يونيو 2025;Payable Credit Note;MP 2543;سند صرف قهوه محموصه فرع حطين;Rosted Beanes Nicaragua catimore natural;(1,875.00);37.50;37.50;(1,875.00);(50.0000);0.00;636 - مخزون البن المحمص;636 - مخزون البن المحمص
24 يونيو 2025;Payable Credit Note;MP 2544;سند صرف قهوه محموصه فرع حطين;Rosted Beanes Nicaragua catimore natural;(337.50);37.50;37.50;(337.50);(9.0000);0.00;636 - مخزون البن المحمص;636 - مخزون البن المحمص
25 يونيو 2025;Payable Credit Note;MP 2550;سند صرف قهوه محموصه فرع حطين;Rosted Beanes Nicaragua catimore natural;(450.00);37.50;37.50;(450.00);(12.0000);0.00;636 - مخزون البن المحمص;636 - مخزون البن المحمص
26 يونيو 2025;Payable Credit Note;MP 2551;سند صرف قهوه محموصه فرع التخصصي;Rosted Beanes Nicaragua catimore natural;(75.00);37.50;37.50;(75.00);(2.0000);0.00;636 - مخزون البن المحمص;636 - مخزون البن المحمص
26 يونيو 2025;Adjustment;Quantity Decrease;;جرد 25/6;(235.29);39.22;0.00;(235.29);(6.0000);0.00;;636 - مخزون البن المحمص
30 يونيو 2025;Payable Credit Note;MP 2560;سند صرف قهوه محموصه فرع حطين;Rosted Beanes Nicaragua catimore natural;(1,650.00);37.50;37.50;(1,650.00);(44.0000);0.00;636 - مخزون البن المحمص;636 - مخزون البن المحمص
03 يوليو 2025;Payable Credit Note;MP 2567;سند صرف قهوه محموصه فرع حطين;Rosted Beanes Nicaragua catimore natural;(1,087.50);37.50;37.50;(1,087.50);(29.0000);0.00;636 - مخزون البن المحمص;636 - مخزون البن المحمص
03 يوليو 2025;Payable Credit Note;MP 2567;سند صرف قهوه محموصه فرع الصحافة;Rosted Beanes Nicaragua catimore natural;(187.50);37.50;37.50;(187.50);(5.0000);0.00;636 - مخزون البن المحمص;636 - مخزون البن المحمص
07 يوليو 2025;Payable Credit Note;MP 2569;سند صرف قهوه محموصه فرع الصحافة;Rosted Beanes Nicaragua catimore natural;(300.00);37.50;37.50;(300.00);(8.0000);0.00;636 - مخزون البن المحمص;636 - مخزون البن المحمص
07 يوليو 2025;Payable Credit Note;MP 2571;سند صرف قهوه محموصه فرع حطين;Rosted Beanes Nicaragua catimore natural;(900.00);37.50;37.50;(900.00);(24.0000);0.00;636 - مخزون البن المحمص;636 - مخزون البن المحمص
10 يوليو 2025;Payable Credit Note;MP 2579;سند صرف قهوه محموصه فرع التخصصي;Rosted Beanes Nicaragua catimore natural;(112.50);37.50;37.50;(112.50);(3.0000);0.00;636 - مخزون البن المحمص;636 - مخزون البن المحمص
10 يوليو 2025;Payable Credit Note;MP 2572;سند صرف قهوه محموصه فرع حطين;Rosted Beanes Nicaragua catimore natural;(1,012.50);37.50;37.50;(1,012.50);(27.0000);0.00;636 - مخزون البن المحمص;636 - مخزون البن المحمص
14 يوليو 2025;Payable Credit Note;MP 2589;سند صرف قهوه محموصه فرع حطين;Rosted Beanes Nicaragua catimore natural;(750.00);37.50;37.50;(750.00);(20.0000);0.00;636 - مخزون البن المحمص;636 - مخزون البن المحمص
30 سبتمبر 2025;Adjustment;Bulk Adjustment;;جرد البن المحمص 30/9;(317.16);317.16;0.00;(317.16);(1.0000);0.00;;636 - مخزون البن المحمص
Total RB035- نيكارجوا كاتيمورمحمص - Rosted Beanes Nicaragua catimore natural;;;;;(3,346.29);;;(2,454.47);(65.0000);147.98;;
Closing Balance;;;;;0.00;0.00;0.00;0.00;0.0000;0.00;;
;;;;;;;;;;;;
RB037-نيكارجوا كاتورمحمص - Rosted Beanes Nicaragur caturra honey;;;;;;;;;;;;
Opening Balance;;;;;0.00;0.00;0.00;1,431.79;39.0000;0.00;;
15 يناير 2025;Payable Invoice;7201;تحميص وارد لمستودع البن المحمص;Rosted Beanes Nicaragur caturra honey;36.94;36.94;0.00;36.94;1.0000;0.00;;636 - مخزون البن المحمص
18 يناير 2025;Payable Credit Note;MP 2307;سند صرف قهوه محموصه فرع الصحافة;Rosted Beanes Nicaragur caturra honey;(368.50);36.85;36.85;(368.50);(10.0000);0.00;636 - مخزون البن المحمص;636 - مخزون البن المحمص
28 يناير 2025;Payable Invoice;7202;تحميص وارد لمستودع البن المحمص;Rosted Beanes Nicaragur caturra honey;757.20;36.06;0.00;757.20;21.0000;0.00;;636 - مخزون البن المحمص
31 يناير 2025;Receivable Invoice;INV-3179;موقع سلة Salla website;Rosted Beanes Nicaragur caturra honey;(104.34);36.24;208.68;(18.12);(0.5000);172.44;203 - مبيعات المتجر الكترونى موقع سلة;636 - مخزون البن المحمص
08 فبراير 2025;Payable Credit Note;MP 2343;سند صرف قهوه محموصه فرع حطين;Rosted Beanes Nicaragur caturra honey;(184.25);36.85;36.85;(184.25);(5.0000);0.00;636 - مخزون البن المحمص;636 - مخزون البن المحمص
10 فبراير 2025;Payable Credit Note;MP 2345;سند صرف قهوه محموصه فرع الصحافة;Rosted Beanes Nicaragur caturra honey;(368.50);36.85;36.85;(368.50);(10.0000);0.00;636 - مخزون البن المحمص;636 - مخزون البن المحمص
12 فبراير 2025;Payable Invoice;7204;تحميص وارد لمستودع البن المحمص;Rosted Beanes Nicaragur caturra honey;1,924.55;37.01;0.00;1,924.55;52.0000;0.00;;636 - مخزون البن المحمص
16 فبراير 2025;Payable Credit Note;MP 2359;سند صرف قهوه محموصه فرع حطين;Rosted Beanes Nicaragur caturra honey;(1,363.45);36.85;36.85;(1,363.45);(37.0000);0.00;636 - مخزون البن المحمص;636 - مخزون البن المحمص
23 فبراير 2025;Payable Credit Note;MP 2366;سند صرف قهوه محموصه فرع حطين;Rosted Beanes Nicaragur caturra honey;(737.00);36.85;36.85;(737.00);(20.0000);0.00;636 - مخزون البن المحمص;636 - مخزون البن المحمص
03 مارس 2025;Payable Credit Note;MP 2380;سند صرف قهوه محموصه فرع حطين;Rosted Beanes Nicaragur caturra honey;(737.00);36.85;36.85;(737.00);(20.0000);0.00;636 - مخزون البن المحمص;636 - مخزون البن المحمص
13 مارس 2025;Payable Invoice;7206;تحميص وارد لمستودع البن المحمص;Rosted Beanes Nicaragur caturra honey;11,925.91;36.70;0.00;11,925.91;325.0000;0.00;;636 - مخزون البن المحمص
13 مارس 2025;Payable Credit Note;MP 2391;سند صرف قهوه محموصه فرع التخصصي;Rosted Beanes Nicaragur caturra honey;(73.70);36.85;36.85;(73.70);(2.0000);0.00;636 - مخزون البن المحمص;636 - مخزون البن المحمص
15 مارس 2025;Payable Credit Note;MP 2394;سند صرف قهوه محموصه فرع حطين;Rosted Beanes Nicaragur caturra honey;(2,948.00);36.85;36.85;(2,948.00);(80.0000);0.00;636 - مخزون البن المحمص;636 - مخزون البن المحمص
19 مارس 2025;Payable Credit Note;MP 2400;سند صرف قهوه محموصه فرع الصحافة;Rosted Beanes Nicaragur caturra honey;(368.50);36.85;36.85;(368.50);(10.0000);0.00;636 - مخزون البن المحمص;636 - مخزون البن المحمص
23 مارس 2025;Payable Credit Note;MP 2405;سند صرف قهوه محموصه فرع حطين;Rosted Beanes Nicaragur caturra honey;(2,211.00);36.85;36.85;(2,211.00);(60.0000);0.00;636 - مخزون البن المحمص;636 - مخزون البن المحمص
28 مارس 2025;Payable Credit Note;MP 2411;سند صرف قهوه محموصه فرع حطين;Rosted Beanes Nicaragur caturra honey;(1,437.15);36.85;36.85;(1,437.15);(39.0000);0.00;636 - مخزون البن المحمص;636 - مخزون البن المحمص
30 مارس 2025;Adjustment;Quantity Decrease;;جرد 29/3;(892.04);36.41;0.00;(892.04);(24.5000);0.00;;636 - مخزون البن المحمص
31 مارس 2025;Receivable Invoice;INV-3605;موقع سلة Salla website;Rosted Beanes Nicaragur caturra honey;(104.33);36.04;139.11;(27.03);(0.7500);103.06;203 - مبيعات المتجر الكترونى موقع سلة;636 - مخزون البن المحمص
05 أبريل 2025;Payable Credit Note;MP 2417;سند صرف قهوه محموصه فرع حطين;Rosted Beanes Nicaragur caturra honey;(3,390.20);36.85;36.85;(3,390.20);(92.0000);0.00;636 - مخزون البن المحمص;636 - مخزون البن المحمص
07 أبريل 2025;Payable Credit Note;MP 2422;سند صرف قهوه محموصه فرع الصحافة;Rosted Beanes Nicaragur caturra honey;(184.25);36.85;36.85;(184.25);(5.0000);0.00;636 - مخزون البن المحمص;636 - مخزون البن المحمص
10 أبريل 2025;Payable Invoice;7209;تحميص وارد لمستودع البن المحمص;Rosted Beanes Nicaragur caturra honey;8,720.88;36.34;0.00;8,720.88;240.0000;0.00;;636 - مخزون البن المحمص
13 أبريل 2025;Payable Credit Note;MP 2427;سند صرف قهوه محموصه فرع الصحافة;Rosted Beanes Nicaragur caturra honey;(368.50);36.85;36.85;(368.50);(10.0000);0.00;636 - مخزون البن المحمص;636 - مخزون البن المحمص
13 أبريل 2025;Payable Credit Note;MP ;سند صرف قهوه محموصه فرع حطين;Rosted Beanes Nicaragur caturra honey;(552.75);36.85;36.85;(552.75);(15.0000);0.00;636 - مخزون البن المحمص;636 - مخزون البن المحمص
13 أبريل 2025;Payable Credit Note;MP 2429;سند صرف قهوه محموصه فرع رفا;Rosted Beanes Nicaragur caturra honey;(184.25);36.85;36.85;(184.25);(5.0000);0.00;636 - مخزون البن المحمص;636 - مخزون البن المحمص
17 أبريل 2025;Payable Credit Note;MP 2437;سند صرف قهوه محموصه فرع رفا;Rosted Beanes Nicaragur caturra honey;(184.25);36.85;36.85;(184.25);(5.0000);0.00;636 - مخزون البن المحمص;636 - مخزون البن المحمص
25 أبريل 2025;Payable Credit Note;MP 2447;سند صرف قهوه محموصه فرع الصحافة;Rosted Beanes Nicaragur caturra honey;(368.50);36.85;36.85;(368.50);(10.0000);0.00;636 - مخزون البن المحمص;636 - مخزون البن المحمص
30 أبريل 2025;Receivable Invoice;INV-3781;موقع سلة Salla website;Rosted Beanes Nicaragur caturra honey;(139.10);35.35;139.10;(35.35);(1.0000);103.75;203 - مبيعات المتجر الكترونى موقع سلة;636 - مخزون البن المحمص
03 مايو 2025;Payable Credit Note;MP 2459;سند صرف قهوه محموصه فرع الصحافة;Rosted Beanes Nicaragur caturra honey;(368.50);36.85;36.85;(368.50);(10.0000);0.00;636 - مخزون البن المحمص;636 - مخزون البن المحمص
17 مايو 2025;Payable Credit Note;MP 2483;سند صرف قهوه محموصه فرع حطين;Rosted Beanes Nicaragur caturra honey;(2,579.50);36.85;36.85;(2,579.50);(70.0000);0.00;636 - مخزون البن المحمص;636 - مخزون البن المحمص
17 مايو 2025;Payable Credit Note;MP 2480;سند صرف قهوه محموصه فرع الصحافة;Rosted Beanes Nicaragur caturra honey;(368.50);36.85;36.85;(368.50);(10.0000);0.00;636 - مخزون البن المحمص;636 - مخزون البن المحمص
21 مايو 2025;Payable Credit Note;MP 2489;سند صرف قهوه محموصه فرع الصحافة;Rosted Beanes Nicaragur caturra honey;(368.50);36.85;36.85;(368.50);(10.0000);0.00;636 - مخزون البن المحمص;636 - مخزون البن المحمص
27 مايو 2025;Payable Credit Note;MP 2503;الصحا;Rosted Beanes Nicaragur caturra honey;(552.75);36.85;36.85;(552.75);(15.0000);0.00;636 - مخزون البن المحمص;636 - مخزون البن المحمص
31 مايو 2025;Receivable Invoice;INV-3944;موقع سلة Salla website;Rosted Beanes Nicaragur caturra honey;(139.10);18.06;139.10;(18.06);(1.0000);121.04;203 - مبيعات المتجر الكترونى موقع سلة;636 - مخزون البن المحمص
31 مايو 2025;Payable Credit Note;MP 2509;سند صرف قهوه محموصه فرع حطين;Rosted Beanes Nicaragur caturra honey;(1,105.50);36.85;36.85;(1,105.50);(30.0000);0.00;636 - مخزون البن المحمص;636 - مخزون البن المحمص
03 يونيو 2025;Payable Credit Note;MP 2511;سند صرف قهوه محموصه فرع الصحافة;Rosted Beanes Nicaragur caturra honey;(368.50);36.85;36.85;(368.50);(10.0000);0.00;636 - مخزون البن المحمص;636 - مخزون البن المحمص
09 يونيو 2025;Payable Credit Note;MP 2522;سند صرف قهوه محموصه فرع الصحافة;Rosted Beanes Nicaragur caturra honey;(368.50);36.85;36.85;(368.50);(10.0000);0.00;636 - مخزون البن المحمص;636 - مخزون البن المحمص
09 يونيو 2025;Payable Credit Note;MP 2520;سند صرف قهوه محموصه فرع رفا;Rosted Beanes Nicaragur caturra honey;(442.20);36.85;36.85;(442.20);(12.0000);0.00;636 - مخزون البن المحمص;636 - مخزون البن المحمص
15 يونيو 2025;Payable Credit Note;MP 2527;سند صرف قهوه محموصه فرع الصحافة;Rosted Beanes Nicaragur caturra honey;(368.50);36.85;36.85;(368.50);(10.0000);0.00;636 - مخزون البن المحمص;636 - مخزون البن المحمص
18 يونيو 2025;Payable Credit Note;MP 2536;سند صرف قهوه محموصه فرع الصحافة;Rosted Beanes Nicaragur caturra honey;(294.80);36.85;36.85;(294.80);(8.0000);0.00;636 - مخزون البن المحمص;636 - مخزون البن المحمص
18 يونيو 2025;Payable Credit Note;MP 2536;سند صرف قهوه محموصه فرع الصحافة;Rosted Beanes Nicaragur caturra honey 8 كيس;(73.70);36.85;36.85;(73.70);(2.0000);0.00;636 - مخزون البن المحمص;636 - مخزون البن المحمص
24 يونيو 2025;Payable Credit Note;MP 2545;سند صرف قهوه محموصه فرع الصحافة;Rosted Beanes Nicaragur caturra honey;(368.50);36.85;36.85;(368.50);(10.0000);0.00;636 - مخزون البن المحمص;636 - مخزون البن المحمص
30 يونيو 2025;Receivable Invoice;INV-4101;موقع سلة Salla website;Rosted Beanes Nicaragur caturra honey;(405.30);18.06;135.10;(54.17);(3.0000);117.04;203 - مبيعات المتجر الكترونى موقع سلة;636 - مخزون البن المحمص
31 يوليو 2025;Receivable Invoice;INV-4243;موقع سلة Salla website;Rosted Beanes Nicaragur caturra honey;(203.18);18.06;135.45;(27.08);(1.5000);117.40;203 - مبيعات المتجر الكترونى موقع سلة;636 - مخزون البن المحمص
15 أغسطس 2025;Payable Credit Note;MP 2629;سند صرف قهوه محموصه فرع التخصصي;Rosted Beanes Nicaragur caturra honey;(73.70);36.85;36.85;(73.70);(2.0000);0.00;636 - مخزون البن المحمص;636 - مخزون البن المحمص
18 أغسطس 2025;Adjustment;Revaluation;;اعادة تقييم;70.48;0.00;0.00;70.48;0.0000;0.00;;636 - مخزون البن المحمص
31 أغسطس 2025;Receivable Invoice;INV-4356;موقع سلة Salla website;Rosted Beanes Nicaragur caturra honey;(33.86);36.85;135.44;(9.21);(0.2500);98.59;203 - مبيعات المتجر الكترونى موقع سلة;636 - مخزون البن المحمص
30 سبتمبر 2025;Adjustment;Bulk Adjustment;;جرد البن المحمص 30/9;(55.28);36.85;0.00;(55.28);(1.5000);0.00;;636 - مخزون البن المحمص
Total RB037-نيكارجوا كاتورمحمص - Rosted Beanes Nicaragur caturra honey;;;;;(2,371.97);;;(1,431.79);(39.0000);833.32;;
Closing Balance;;;;;0.00;0.00;0.00;0.00;0.0000;0.00;;
;;;;;;;;;;;;
RB0433- اميدرادو محمص - Rosted Beanes Ethiopian Amedroro;;;;;;;;;;;;
Opening Balance;;;;;0.00;0.00;0.00;0.00;0.0000;0.00;;
28 يناير 2025;Payable Invoice;7202;تحميص وارد لمستودع البن المحمص;Rosted Beanes Ethiopian Amedroro;2,433.60;93.60;0.00;2,433.60;26.0000;0.00;;636 - مخزون البن المحمص
13 مارس 2025;Payable Invoice;7207;تحميص وارد لمستودع البن المحمص;Rosted Beanes Ethiopian Amedroro;4,867.20;93.60;0.00;4,867.20;52.0000;0.00;;636 - مخزون البن المحمص
15 مارس 2025;Payable Credit Note;MP 2394;سند صرف قهوه محموصه فرع حطين;Rosted Beanes Ethiopian Amedroro;(2,199.00);87.96;87.96;(2,199.00);(25.0000);0.00;636 - مخزون البن المحمص;636 - مخزون البن المحمص
31 مارس 2025;Adjustment;Quantity Increase;;جرد 30/3;264.00;88.00;0.00;264.00;3.0000;0.00;;636 - مخزون البن المحمص
13 أبريل 2025;Payable Credit Note;MP ;سند صرف قهوه محموصه فرع حطين;Rosted Beanes Ethiopian Amedroro;(351.84);87.96;87.96;(351.84);(4.0000);0.00;636 - مخزون البن المحمص;636 - مخزون البن المحمص
20 أبريل 2025;Payable Credit Note;MP 2444;سند صرف قهوه محموصه فرع حطين;Rosted Beanes Ethiopian Amedroro;(615.72);87.96;87.96;(615.72);(7.0000);0.00;636 - مخزون البن المحمص;636 - مخزون البن المحمص
03 مايو 2025;Payable Credit Note;MP 2456;سند صرف قهوه محموصه فرع حطين;Rosted Beanes Ethiopian Amedroro;(703.68);87.96;87.96;(703.68);(8.0000);0.00;636 - مخزون البن المحمص;636 - مخزون البن المحمص
17 مايو 2025;Payable Credit Note;MP 2483;سند صرف قهوه محموصه فرع حطين;Rosted Beanes Ethiopian Amedroro;(703.68);87.96;87.96;(703.68);(8.0000);0.00;636 - مخزون البن المحمص;636 - مخزون البن المحمص
24 مايو 2025;Payable Credit Note;MP 2497;سند صرف قهوه محموصه فرع حطين;Rosted Beanes Ethiopian Amedroro;(175.92);87.96;87.96;(175.92);(2.0000);0.00;636 - مخزون البن المحمص;636 - مخزون البن المحمص
24 مايو 2025;Payable Credit Note;MP 2496;سند صرف قهوه محموصه فرع واو;Rosted Beanes Ethiopian Amedroro;(175.92);87.96;87.96;(175.92);(2.0000);0.00;636 - مخزون البن المحمص;636 - مخزون البن المحمص
31 مايو 2025;Payable Credit Note;MP 2509;سند صرف قهوه محموصه فرع حطين;Rosted Beanes Ethiopian Amedroro;(175.92);87.96;87.96;(175.92);(2.0000);0.00;636 - مخزون البن المحمص;636 - مخزون البن المحمص
09 يونيو 2025;Payable Credit Note;MP 2517;سند صرف قهوه محموصه فرع حطين;Rosted Beanes Ethiopian Amedroro;(263.88);87.96;87.96;(263.88);(3.0000);0.00;636 - مخزون البن المحمص;636 - مخزون البن المحمص
12 يونيو 2025;Payable Invoice;7216;تحميص وارد لمستودع البن المحمص;Rosted Beanes Ethiopian Amedroro;1,216.80;93.60;0.00;1,216.80;13.0000;0.00;;636 - مخزون البن المحمص
15 يونيو 2025;Payable Credit Note;MP 2531;سند صرف قهوه محموصه فرع حطين;Rosted Beanes Ethiopian Amedroro;(615.72);87.96;87.96;(615.72);(7.0000);0.00;636 - مخزون البن المحمص;636 - مخزون البن المحمص
25 يونيو 2025;Payable Credit Note;MP 2550;سند صرف قهوه محموصه فرع حطين;Rosted Beanes Ethiopian Amedroro;(87.96);87.96;87.96;(87.96);(1.0000);0.00;636 - مخزون البن المحمص;636 - مخزون البن المحمص
30 يونيو 2025;Payable Credit Note;MP 2560;سند صرف قهوه محموصه فرع حطين;Rosted Beanes Ethiopian Amedroro;(175.92);87.96;87.96;(175.92);(2.0000);0.00;636 - مخزون البن المحمص;636 - مخزون البن المحمص
20 يوليو 2025;Payable Credit Note;MP 2592;سند صرف قهوه محموصه فرع حطين;Rosted Beanes Ethiopian Amedroro;(879.60);87.96;87.96;(879.60);(10.0000);0.00;636 - مخزون البن المحمص;636 - مخزون البن المحمص
23 يوليو 2025;Payable Credit Note;MP 2597;سند صرف قهوه محموصه فرع حطين;Rosted Beanes Ethiopian Amedroro;(527.76);87.96;87.96;(527.76);(6.0000);0.00;636 - مخزون البن المحمص;636 - مخزون البن المحمص
29 يوليو 2025;Payable Credit Note;MP 2606;سند صرف قهوه محموصه فرع حطين;Rosted Beanes Ethiopian Amedroro;(439.80);87.96;87.96;(439.80);(5.0000);0.00;636 - مخزون البن المحمص;636 - مخزون البن المحمص
05 أغسطس 2025;Payable Invoice;7219;تحميص وارد لمستودع البن المحمص;Rosted Beanes Ethiopian Amedroro;1,216.81;86.92;0.00;1,216.81;14.0000;0.00;;636 - مخزون البن المحمص
07 أغسطس 2025;Payable Invoice;7220;تحميص وارد لمستودع البن المحمص;Rosted Beanes Ethiopian Amedroro;2,319.53;84.35;0.00;2,319.53;27.5000;0.00;;636 - مخزون البن المحمص
16 أغسطس 2025;Payable Credit Note;MP 2630;سند صرف قهوه محموصه فرع حطين;Rosted Beanes Ethiopian Amedroro;(351.84);87.96;87.96;(351.84);(4.0000);0.00;636 - مخزون البن المحمص;636 - مخزون البن المحمص
23 أغسطس 2025;Payable Credit Note;MP 2645;سند صرف قهوه محموصه فرع حطين;Rosted Beanes Ethiopian Amedroro;(351.84);87.96;87.96;(351.84);(4.0000);0.00;636 - مخزون البن المحمص;636 - مخزون البن المحمص
31 أغسطس 2025;Payable Credit Note;MP 2657;سند صرف قهوه محموصه فرع حطين;Rosted Beanes Ethiopian Amedroro;(263.88);87.96;87.96;(263.88);(3.0000);0.00;636 - مخزون البن المحمص;636 - مخزون البن المحمص
06 سبتمبر 2025;Payable Credit Note;MP 2667;سند صرف قهوه محموصه فرع حطين;Rosted Beanes Ethiopian Amedroro;(439.80);87.96;87.96;(439.80);(5.0000);0.00;636 - مخزون البن المحمص;636 - مخزون البن المحمص
14 سبتمبر 2025;Payable Credit Note;MP 2680;سند صرف قهوه محموصه فرع حطين;Rosted Beanes Ethiopian Amedroro;(87.96);87.96;87.96;(87.96);(1.0000);0.00;636 - مخزون البن المحمص;636 - مخزون البن المحمص
30 سبتمبر 2025;Adjustment;Bulk Adjustment;;جرد البن المحمص 30/9;(154.55);103.03;0.00;(154.55);(1.5000);0.00;;636 - مخزون البن المحمص
09 أكتوبر 2025;Payable Credit Note;MP 2726;سند صرف قهوه محموصه فرع حطين;Rosted Beanes Ethiopian Amedroro;(87.96);87.96;87.96;(87.96);(1.0000);0.00;636 - مخزون البن المحمص;636 - مخزون البن المحمص
20 أكتوبر 2025;Payable Credit Note;MP 2742;سند صرف قهوه محموصه فرع حطين;Rosted Beanes Ethiopian Amedroro;(175.92);87.96;87.96;(175.92);(2.0000);0.00;636 - مخزون البن المحمص;636 - مخزون البن المحمص
21 نوفمبر 2025;Payable Credit Note;MP 2809;سند صرف قهوه محموصه فرع حطين;Rosted Beanes Ethiopian Amedroro;(439.80);87.96;87.96;(439.80);(5.0000);0.00;636 - مخزون البن المحمص;636 - مخزون البن المحمص
18 ديسمبر 2025;Payable Credit Note;MP 2870;سند صرف قهوه محموصه فرع رفا;Rosted Beanes Ethiopian Amedroro;(263.88);87.96;87.96;(263.88);(3.0000);0.00;636 - مخزون البن المحمص;636 - مخزون البن المحمص
24 ديسمبر 2025;Payable Credit Note;MP 2885;سند صرف قهوه محموصه فرع رفا;Rosted Beanes Ethiopian Amedroro;(263.88);87.96;87.96;(263.88);(3.0000);0.00;636 - مخزون البن المحمص;636 - مخزون البن المحمص
30 ديسمبر 2025;Payable Credit Note;MP 2895;سند صرف قهوه محموصه فرع رفا;Rosted Beanes Ethiopian Amedroro;(439.80);87.96;87.96;(439.80);(5.0000);0.00;636 - مخزون البن المحمص;636 - مخزون البن المحمص
31 ديسمبر 2025;Adjustment;Quantity Decrease;;جرد 31/12;(904.51);150.75;0.00;(904.51);(6.0000);0.00;;636 - مخزون البن المحمص
Total RB0433- اميدرادو محمص - Rosted Beanes Ethiopian Amedroro;;;;;(0.00);;;(0.00);0.0000;0.00;;
Closing Balance;;;;;0.00;0.00;0.00;0.00;0.0000;0.00;;
;;;;;;;;;;;;
RB0465- كولومبى محمص - Colombi roasted beans(1Kg);;;;;;;;;;;;
Opening Balance;;;;;0.00;0.00;0.00;4,837.46;113.0000;0.00;;
01 يناير 2025;Payable Credit Note;MP 2286;سند صرف قهوه محموصه فرع الصحافة;Colombi roasted beans(1Kg) 4 كيس;(43.00);43.00;43.00;(43.00);(1.0000);0.00;636 - مخزون البن المحمص;636 - مخزون البن المحمص
02 يناير 2025;Payable Credit Note;MP 2289;سند صرف قهوه محموصه فرع حطين;Colombi roasted beans(1Kg);(215.00);43.00;43.00;(215.00);(5.0000);0.00;636 - مخزون البن المحمص;636 - مخزون البن المحمص
02 يناير 2025;Payable Credit Note;MP 2290;سند صرف قهوه محموصه فرع حطين;Colombi roasted beans(1Kg) 6 كيس;(64.50);43.00;43.00;(64.50);(1.5000);0.00;636 - مخزون البن المحمص;636 - مخزون البن المحمص
05 يناير 2025;Payable Credit Note;MP 2293;سند صرف قهوه محموصه فرع رفا;Colombi roasted beans(1Kg);(344.00);43.00;43.00;(344.00);(8.0000);0.00;636 - مخزون البن المحمص;636 - مخزون البن المحمص
05 يناير 2025;Payable Credit Note;MP 2291;سند صرف قهوه محموصه فرع واو;Colombi roasted beans(1Kg);(43.00);43.00;43.00;(43.00);(1.0000);0.00;636 - مخزون البن المحمص;636 - مخزون البن المحمص
06 يناير 2025;Payable Credit Note;MP 2295;سند صرف قهوه محموصه فرع التخصصي;Colombi roasted beans(1Kg);(86.00);43.00;43.00;(86.00);(2.0000);0.00;636 - مخزون البن المحمص;636 - مخزون البن المحمص
11 يناير 2025;Payable Credit Note;MP 2299;سند صرف قهوه محموصه فرع حطين;Colombi roasted beans(1Kg);(301.00);43.00;43.00;(301.00);(7.0000);0.00;636 - مخزون البن المحمص;636 - مخزون البن المحمص
11 يناير 2025;Payable Credit Note;MP 2298;سند صرف قهوه محموصه فرع الصحافة;Colombi roasted beans(1Kg);(86.00);43.00;43.00;(86.00);(2.0000);0.00;636 - مخزون البن المحمص;636 - مخزون البن المحمص
11 يناير 2025;Payable Credit Note;MP 2298;سند صرف قهوه محموصه فرع الصحافة;Colombi roasted beans(1Kg) 4 كيس;(43.00);43.00;43.00;(43.00);(1.0000);0.00;636 - مخزون البن المحمص;636 - مخزون البن المحمص
15 يناير 2025;Payable Invoice;7200;تحميص وارد لمستودع البن المحمص;Colombi roasted beans(1Kg);2,223.45;42.76;0.00;2,223.45;52.0000;0.00;;636 - مخزون البن المحمص
15 يناير 2025;Payable Credit Note;MP 2304;سند صرف قهوه محموصه فرع رفا;Colombi roasted beans(1Kg);(129.00);43.00;43.00;(129.00);(3.0000);0.00;636 - مخزون البن المحمص;636 - مخزون البن المحمص
15 يناير 2025;Payable Credit Note;MP 2304;سند صرف قهوه محموصه فرع رفا;Colombi roasted beans(1Kg) 8 كيس;(86.00);43.00;43.00;(86.00);(2.0000);0.00;636 - مخزون البن المحمص;636 - مخزون البن المحمص
18 يناير 2025;Payable Credit Note;MP 2310;سند صرف قهوه محموصه فرع حطين;Colombi roasted beans(1Kg);(215.00);43.00;43.00;(215.00);(5.0000);0.00;636 - مخزون البن المحمص;636 - مخزون البن المحمص
18 يناير 2025;Payable Credit Note;MP 2308;سند صرف قهوه محموصه فرع التخصصي;Colombi roasted beans(1Kg);(86.00);43.00;43.00;(86.00);(2.0000);0.00;636 - مخزون البن المحمص;636 - مخزون البن المحمص
23 يناير 2025;Payable Credit Note;MP 2316;سند صرف قهوه محموصه فرع حطين;Colombi roasted beans(1Kg) 12 كيس;(129.00);43.00;43.00;(129.00);(3.0000);0.00;636 - مخزون البن المحمص;636 - مخزون البن المحمص
23 يناير 2025;Payable Credit Note;MP 2314;سند صرف قهوه محموصه فرع الصحافة;Colombi roasted beans(1Kg) 2 كيس;(21.50);43.00;43.00;(21.50);(0.5000);0.00;636 - مخزون البن المحمص;636 - مخزون البن المحمص
25 يناير 2025;Payable Credit Note;MP 2317;سند صرف قهوه محموصه فرع حطين;Colombi roasted beans(1Kg);(215.00);43.00;43.00;(215.00);(5.0000);0.00;636 - مخزون البن المحمص;636 - مخزون البن المحمص
28 يناير 2025;Receivable Invoice;INV-3097;Arto Caffee ارتوكفى;Colombi roasted beans;(1,500.00);42.71;100.00;(640.59);(15.0000);57.29;202 - مبيعات القهوة المحمصه;636 - مخزون البن المحمص
29 يناير 2025;Payable Credit Note;MP 2329;سند صرف قهوه محموصه فرع حطين;Colombi roasted beans(1Kg);(64.50);43.00;43.00;(64.50);(1.5000);0.00;636 - مخزون البن المحمص;636 - مخزون البن المحمص
01 فبراير 2025;Payable Credit Note;MP 2333;سند صرف قهوه محموصه فرع رفا;Colombi roasted beans(1Kg);(344.00);43.00;43.00;(344.00);(8.0000);0.00;636 - مخزون البن المحمص;636 - مخزون البن المحمص
01 فبراير 2025;Payable Credit Note;MP 2335;سند صرف قهوه محموصه فرع حطين;Colombi roasted beans(1Kg);(215.00);43.00;43.00;(215.00);(5.0000);0.00;636 - مخزون البن المحمص;636 - مخزون البن المحمص
03 فبراير 2025;Payable Credit Note;MP 2337;سند صرف قهوه محموصه فرع التخصصي;Colombi roasted beans(1Kg);(86.00);43.00;43.00;(86.00);(2.0000);0.00;636 - مخزون البن المحمص;636 - مخزون البن المحمص
08 فبراير 2025;Payable Credit Note;MP 2343;سند صرف قهوه محموصه فرع حطين;Colombi roasted beans(1Kg);(215.00);43.00;43.00;(215.00);(5.0000);0.00;636 - مخزون البن المحمص;636 - مخزون البن المحمص
11 فبراير 2025;Payable Credit Note;MP 2347;سند صرف قهوه محموصه فرع واو;Colombi roasted beans(1Kg);(86.00);43.00;43.00;(86.00);(2.0000);0.00;636 - مخزون البن المحمص;636 - مخزون البن المحمص
12 فبراير 2025;Payable Invoice;7204;تحميص وارد لمستودع البن المحمص;Colombi roasted beans(1Kg);820.13;41.01;0.00;820.13;20.0000;0.00;;636 - مخزون البن المحمص
13 فبراير 2025;Payable Credit Note;MP 2350;سند صرف قهوه محموصه فرع حطين;Colombi roasted beans(1Kg) 12 كيس;(129.00);43.00;43.00;(129.00);(3.0000);0.00;636 - مخزون البن المحمص;636 - مخزون البن المحمص
15 فبراير 2025;Payable Credit Note;MP 2351;سند صرف قهوه محموصه فرع التخصصي;Colombi roasted beans(1Kg);(86.00);43.00;43.00;(86.00);(2.0000);0.00;636 - مخزون البن المحمص;636 - مخزون البن المحمص
16 فبراير 2025;Payable Credit Note;MP 2359;سند صرف قهوه محموصه فرع حطين;Colombi roasted beans(1Kg);(645.00);43.00;43.00;(645.00);(15.0000);0.00;636 - مخزون البن المحمص;636 - مخزون البن المحمص
23 فبراير 2025;Payable Credit Note;MP 2369;سند صرف قهوه محموصه فرع التخصصي;Colombi roasted beans(1Kg) 4 كيس;(43.00);43.00;43.00;(43.00);(1.0000);0.00;636 - مخزون البن المحمص;636 - مخزون البن المحمص
23 فبراير 2025;Payable Credit Note;MP 2368;سند صرف قهوه محموصه فرع حطين;Colombi roasted beans(1Kg);(215.00);43.00;43.00;(215.00);(5.0000);0.00;636 - مخزون البن المحمص;636 - مخزون البن المحمص
23 فبراير 2025;Payable Credit Note;MP 2366;سند صرف قهوه محموصه فرع حطين;Colombi roasted beans(1Kg);(903.00);43.00;43.00;(903.00);(21.0000);0.00;636 - مخزون البن المحمص;636 - مخزون البن المحمص
23 فبراير 2025;Payable Credit Note;MP 2367;سند صرف قهوه محموصه فرع واو;Colombi roasted beans(1Kg);(86.00);43.00;43.00;(86.00);(2.0000);0.00;636 - مخزون البن المحمص;636 - مخزون البن المحمص
23 فبراير 2025;Payable Credit Note;MP 2364;سند صرف قهوه محموصه فرع رفا;Colombi roasted beans(1Kg);(215.00);43.00;43.00;(215.00);(5.0000);0.00;636 - مخزون البن المحمص;636 - مخزون البن المحمص
26 فبراير 2025;Payable Invoice;7205;تحميص وارد لمستودع البن المحمص;Colombi roasted beans(1Kg);4,446.90;42.76;0.00;4,446.90;104.0000;0.00;;636 - مخزون البن المحمص
26 فبراير 2025;Payable Credit Note;MP 2375;سند صرف قهوه محموصه فرع التخصصي;Colombi roasted beans(1Kg);(86.00);43.00;43.00;(86.00);(2.0000);0.00;636 - مخزون البن المحمص;636 - مخزون البن المحمص
26 فبراير 2025;Payable Credit Note;MP 2375;سند صرف قهوه محموصه فرع التخصصي;Colombi roasted beans(1Kg) 4 كيس;(43.00);43.00;43.00;(43.00);(1.0000);0.00;636 - مخزون البن المحمص;636 - مخزون البن المحمص
28 فبراير 2025;Payable Credit Note;MP 2377;سند صرف قهوه محموصه فرع الصحافة;Colombi roasted beans(1Kg) 4 كيس;(43.00);43.00;43.00;(43.00);(1.0000);0.00;636 - مخزون البن المحمص;636 - مخزون البن المحمص
28 فبراير 2025;Receivable Invoice;INV-3412;موقع سلة Salla website;Colombi roasted beans( 25-100Kg price 95 /100-500Kg price 80Sr);(324.00);41.88;216.00;(62.82);(1.5000);174.12;203 - مبيعات المتجر الكترونى موقع سلة;636 - مخزون البن المحمص
02 مارس 2025;Receivable Invoice;INV-3291;Arto Caffee ارتوكفى;Colombi roasted beans;(2,500.00);42.49;100.00;(1,062.26);(25.0000);57.51;202 - مبيعات القهوة المحمصه;636 - مخزون البن المحمص
03 مارس 2025;Payable Credit Note;MP 2380;سند صرف قهوه محموصه فرع حطين;Colombi roasted beans(1Kg);(860.00);43.00;43.00;(860.00);(20.0000);0.00;636 - مخزون البن المحمص;636 - مخزون البن المحمص
06 مارس 2025;Payable Credit Note;MP 2384;سند صرف قهوه محموصه فرع الصحافة;Colombi roasted beans(1Kg) 8 كيس;(86.00);43.00;43.00;(86.00);(2.0000);0.00;636 - مخزون البن المحمص;636 - مخزون البن المحمص
06 مارس 2025;Payable Credit Note;MP 2385;سند صرف قهوه محموصه فرع واو;Colombi roasted beans(1Kg);(86.00);43.00;43.00;(86.00);(2.0000);0.00;636 - مخزون البن المحمص;636 - مخزون البن المحمص
13 مارس 2025;Payable Invoice;7206;تحميص وارد لمستودع البن المحمص;Colombi roasted beans(1Kg);4,155.30;42.84;0.00;4,155.30;97.0000;0.00;;636 - مخزون البن المحمص
13 مارس 2025;Payable Credit Note;MP 2391;سند صرف قهوه محموصه فرع التخصصي;Colombi roasted beans(1Kg);(86.00);43.00;43.00;(86.00);(2.0000);0.00;636 - مخزون البن المحمص;636 - مخزون البن المحمص
15 مارس 2025;Payable Credit Note;MP 2396;سند صرف قهوه محموصه فرع الصحافة;Colombi roasted beans(1Kg) 4 كيس;(43.00);43.00;43.00;(43.00);(1.0000);0.00;636 - مخزون البن المحمص;636 - مخزون البن المحمص
15 مارس 2025;Receivable Invoice;INV-3365;مؤسسة مكيث لتقديم المشروبات;Colombi roasted beans;(2,400.00);42.48;80.00;(1,274.55);(30.0000);37.52;202 - مبيعات القهوة المحمصه;636 - مخزون البن المحمص
15 مارس 2025;Payable Credit Note;MP 2394;سند صرف قهوه محموصه فرع حطين;Colombi roasted beans(1Kg);(430.00);43.00;43.00;(430.00);(10.0000);0.00;636 - مخزون البن المحمص;636 - مخزون البن المحمص
19 مارس 2025;Payable Credit Note;MP 2400;سند صرف قهوه محموصه فرع الصحافة;Colombi roasted beans(1Kg);(215.00);43.00;43.00;(215.00);(5.0000);0.00;636 - مخزون البن المحمص;636 - مخزون البن المحمص
23 مارس 2025;Payable Credit Note;MP 2405;سند صرف قهوه محموصه فرع حطين;Colombi roasted beans(1Kg);(860.00);43.00;43.00;(860.00);(20.0000);0.00;636 - مخزون البن المحمص;636 - مخزون البن المحمص
27 مارس 2025;Payable Credit Note;MP 2409;سند صرف قهوه محموصه فرع الصحافة;Colombi roasted beans(1Kg) 4 كيس;(43.00);43.00;43.00;(43.00);(1.0000);0.00;636 - مخزون البن المحمص;636 - مخزون البن المحمص
28 مارس 2025;Payable Credit Note;MP 2411;سند صرف قهوه محموصه فرع حطين;Colombi roasted beans(1Kg);(559.00);43.00;43.00;(559.00);(13.0000);0.00;636 - مخزون البن المحمص;636 - مخزون البن المحمص
30 مارس 2025;Adjustment;Quantity Increase;;جرد 29/3;172.00;43.00;0.00;172.00;4.0000;0.00;;636 - مخزون البن المحمص
31 مارس 2025;Receivable Invoice;INV-3605;موقع سلة Salla website;Colombi roasted beans( 25-100Kg price 95 /100-500Kg price 80Sr);(626.08);42.46;313.04;(84.92);(2.0000);270.58;203 - مبيعات المتجر الكترونى موقع سلة;636 - مخزون البن المحمص
31 مارس 2025;Payable Credit Note;MP 2416;سند صرف قهوه محموصه فرع واو;Colombi roasted beans(1Kg);(86.00);43.00;43.00;(86.00);(2.0000);0.00;636 - مخزون البن المحمص;636 - مخزون البن المحمص
05 أبريل 2025;Payable Credit Note;MP 2417;سند صرف قهوه محموصه فرع حطين;Colombi roasted beans(1Kg);(1,634.00);43.00;43.00;(1,634.00);(38.0000);0.00;636 - مخزون البن المحمص;636 - مخزون البن المحمص
10 أبريل 2025;Payable Invoice;7209;تحميص وارد لمستودع البن المحمص;Colombi roasted beans(1Kg);4,483.25;43.11;0.00;4,483.25;104.0000;0.00;;636 - مخزون البن المحمص
10 أبريل 2025;Payable Credit Note;MP 2425;سند صرف قهوه محموصه فرع التخصصي;Colombi roasted beans(1Kg);(86.00);43.00;43.00;(86.00);(2.0000);0.00;636 - مخزون البن المحمص;636 - مخزون البن المحمص
13 أبريل 2025;Payable Credit Note;MP ;سند صرف قهوه محموصه فرع حطين;Colombi roasted beans(1Kg);(645.00);43.00;43.00;(645.00);(15.0000);0.00;636 - مخزون البن المحمص;636 - مخزون البن المحمص
13 أبريل 2025;Payable Credit Note;MP 2431;سند صرف قهوه محموصه فرع واو;Colombi roasted beans(1Kg);(86.00);43.00;43.00;(86.00);(2.0000);0.00;636 - مخزون البن المحمص;636 - مخزون البن المحمص
13 أبريل 2025;Payable Credit Note;MP 2429;سند صرف قهوه محموصه فرع رفا;Colombi roasted beans(1Kg);(215.00);43.00;43.00;(215.00);(5.0000);0.00;636 - مخزون البن المحمص;636 - مخزون البن المحمص
15 أبريل 2025;Receivable Invoice;INV-3533;مؤسسة مكيث لتقديم المشروبات;Colombi roasted beans;(2,400.00);42.54;80.00;(1,276.34);(30.0000);37.46;202 - مبيعات القهوة المحمصه;636 - مخزون البن المحمص
17 أبريل 2025;Payable Invoice;7210;تحميص وارد لمستودع البن المحمص;Colombi roasted beans(1Kg);4,118.85;42.46;0.00;4,118.85;97.0000;0.00;;636 - مخزون البن المحمص
17 أبريل 2025;Payable Credit Note;MP 2436;سند صرف قهوه محموصه فرع التخصصي;Colombi roasted beans(1Kg);(129.00);43.00;43.00;(129.00);(3.0000);0.00;636 - مخزون البن المحمص;636 - مخزون البن المحمص
20 أبريل 2025;Payable Credit Note;MP 2444;سند صرف قهوه محموصه فرع حطين;Colombi roasted beans(1Kg);(516.00);43.00;43.00;(516.00);(12.0000);0.00;636 - مخزون البن المحمص;636 - مخزون البن المحمص
20 أبريل 2025;Payable Credit Note;MP 2442;سند صرف قهوه محموصه فرع رفا;Colombi roasted beans(1Kg) 8 كيس;(86.00);43.00;43.00;(86.00);(2.0000);0.00;636 - مخزون البن المحمص;636 - مخزون البن المحمص
21 أبريل 2025;Receivable Invoice;INV-3572;Arto Caffee ارتوكفى;Colombi roasted beans;(2,500.00);42.50;100.00;(1,062.53);(25.0000);57.50;202 - مبيعات القهوة المحمصه;636 - مخزون البن المحمص
25 أبريل 2025;Payable Credit Note;MP 2449;سند صرف قهوه محموصه فرع التخصصي;Colombi roasted beans(1Kg);(86.00);43.00;43.00;(86.00);(2.0000);0.00;636 - مخزون البن المحمص;636 - مخزون البن المحمص
27 أبريل 2025;Payable Credit Note;MP 2452;سند صرف قهوه محموصه فرع واو;Colombi roasted beans(1Kg) 2 كيس;(21.50);43.00;43.00;(21.50);(0.5000);0.00;636 - مخزون البن المحمص;636 - مخزون البن المحمص
27 أبريل 2025;Payable Credit Note;MP 2451;سند صرف قهوه محموصه فرع التخصصي;Colombi roasted beans(1Kg) 4 كيس;(43.00);43.00;43.00;(43.00);(1.0000);0.00;636 - مخزون البن المحمص;636 - مخزون البن المحمص
30 أبريل 2025;Receivable Invoice;INV-3781;موقع سلة Salla website;Colombi roasted beans( 25-100Kg price 95 /100-500Kg price 80Sr);(626.08);40.97;313.04;(81.94);(2.0000);272.07;203 - مبيعات المتجر الكترونى موقع سلة;636 - مخزون البن المحمص
03 مايو 2025;Payable Credit Note;MP 2456;سند صرف قهوه محموصه فرع حطين;Colombi roasted beans(1Kg);(688.00);43.00;43.00;(688.00);(16.0000);0.00;636 - مخزون البن المحمص;636 - مخزون البن المحمص
07 مايو 2025;Payable Credit Note;MP 2462;سند صرف قهوه محموصه فرع التخصصي;Colombi roasted beans(1Kg);(86.00);43.00;43.00;(86.00);(2.0000);0.00;636 - مخزون البن المحمص;636 - مخزون البن المحمص
10 مايو 2025;Receivable Invoice;INV-3683;مؤسسة مكيث لتقديم المشروبات;Colombi roasted beans;(800.00);42.39;80.00;(423.87);(10.0000);37.61;202 - مبيعات القهوة المحمصه;636 - مخزون البن المحمص
11 مايو 2025;Payable Credit Note;MP 2469;سند صرف قهوه محموصه فرع التخصصي;Colombi roasted beans(1Kg);(86.00);43.00;43.00;(86.00);(2.0000);0.00;636 - مخزون البن المحمص;636 - مخزون البن المحمص
15 مايو 2025;Receivable Invoice;INV-3721;مؤسسة مكيث لتقديم المشروبات;Colombi roasted beans;(4,000.00);41.17;80.00;(2,058.29);(50.0000);38.83;202 - مبيعات القهوة المحمصه;636 - مخزون البن المحمص
17 مايو 2025;Payable Credit Note;MP 2477;سند صرف قهوه محموصه فرع واو;Colombi roasted beans(1Kg);(86.00);43.00;43.00;(86.00);(2.0000);0.00;636 - مخزون البن المحمص;636 - مخزون البن المحمص
17 مايو 2025;Payable Credit Note;MP 2483;سند صرف قهوه محموصه فرع حطين;Colombi roasted beans(1Kg);(1,075.00);43.00;43.00;(1,075.00);(25.0000);0.00;636 - مخزون البن المحمص;636 - مخزون البن المحمص
19 مايو 2025;Payable Invoice;7213;تحميص وارد لمستودع البن المحمص;Colombi roasted beans(1Kg);6,670.36;40.43;0.00;6,670.36;165.0000;0.00;;636 - مخزون البن المحمص
20 مايو 2025;Receivable Invoice;INV-3734;Arto Caffee ارتوكفى;Colombi roasted beans;(2,000.00);41.17;100.00;(823.31);(20.0000);58.83;202 - مبيعات القهوة المحمصه;636 - مخزون البن المحمص
24 مايو 2025;Payable Credit Note;MP 2497;سند صرف قهوه محموصه فرع حطين;Colombi roasted beans(1Kg);(430.00);43.00;43.00;(430.00);(10.0000);0.00;636 - مخزون البن المحمص;636 - مخزون البن المحمص
24 مايو 2025;Payable Credit Note;MP 2492;سند صرف قهوه محموصه فرع الصحافة;Colombi roasted beans(1Kg);(430.00);43.00;43.00;(430.00);(10.0000);0.00;636 - مخزون البن المحمص;636 - مخزون البن المحمص
24 مايو 2025;Payable Credit Note;MP 2496;سند صرف قهوه محموصه فرع واو;Colombi roasted beans(1Kg);(86.00);43.00;43.00;(86.00);(2.0000);0.00;636 - مخزون البن المحمص;636 - مخزون البن المحمص
26 مايو 2025;Payable Credit Note;MP 2499;سند صرف قهوه محموصه فرع رفا;Colombi roasted beans(1Kg);(215.00);43.00;43.00;(215.00);(5.0000);0.00;636 - مخزون البن المحمص;636 - مخزون البن المحمص
29 مايو 2025;Payable Credit Note;MP 2504;سند صرف قهوه محموصه فرع رفا;Colombi roasted beans(1Kg) 4 كيس;(43.00);43.00;43.00;(43.00);(1.0000);0.00;636 - مخزون البن المحمص;636 - مخزون البن المحمص
31 مايو 2025;Payable Credit Note;MP 2509;سند صرف قهوه محموصه فرع حطين;Colombi roasted beans(1Kg);(645.00);43.00;43.00;(645.00);(15.0000);0.00;636 - مخزون البن المحمص;636 - مخزون البن المحمص
03 يونيو 2025;Receivable Invoice;INV-3751;مؤسسة مكيث لتقديم المشروبات;Colombi roasted beans;(2,000.00);41.07;80.00;(1,026.67);(25.0000);38.93;202 - مبيعات القهوة المحمصه;636 - مخزون البن المحمص
04 يونيو 2025;Payable Invoice;7215;تحميص وارد لمستودع البن المحمص;Colombi roasted beans(1Kg);1,129.95;43.46;0.00;1,129.95;26.0000;0.00;;636 - مخزون البن المحمص
09 يونيو 2025;Payable Credit Note;MP 2522;سند صرف قهوه محموصه فرع الصحافة;Colombi roasted beans(1Kg) 4 كيس;(43.00);43.00;43.00;(43.00);(1.0000);0.00;636 - مخزون البن المحمص;636 - مخزون البن المحمص
09 يونيو 2025;Payable Credit Note;MP 2520;سند صرف قهوه محموصه فرع رفا;Colombi roasted beans(1Kg) 4 كيس;(43.00);43.00;43.00;(43.00);(1.0000);0.00;636 - مخزون البن المحمص;636 - مخزون البن المحمص
09 يونيو 2025;Payable Credit Note;MP 2520;سند صرف قهوه محموصه فرع رفا;Colombi roasted beans(1Kg);(215.00);43.00;43.00;(215.00);(5.0000);0.00;636 - مخزون البن المحمص;636 - مخزون البن المحمص
09 يونيو 2025;Payable Credit Note;MP 2517;سند صرف قهوه محموصه فرع حطين;Colombi roasted beans(1Kg);(645.00);43.00;43.00;(645.00);(15.0000);0.00;636 - مخزون البن المحمص;636 - مخزون البن المحمص
11 يونيو 2025;Payable Credit Note;MP 2521;سند صرف قهوه محموصه فرع واو;Colombi roasted beans(1Kg);(43.00);43.00;43.00;(43.00);(1.0000);0.00;636 - مخزون البن المحمص;636 - مخزون البن المحمص
12 يونيو 2025;Payable Invoice;7216;تحميص وارد لمستودع البن المحمص;Colombi roasted beans(1Kg);4,446.90;42.35;0.00;4,446.90;105.0000;0.00;;636 - مخزون البن المحمص
15 يونيو 2025;Payable Credit Note;MP 2531;سند صرف قهوه محموصه فرع حطين;Colombi roasted beans(1Kg);(473.00);43.00;43.00;(473.00);(11.0000);0.00;636 - مخزون البن المحمص;636 - مخزون البن المحمص
16 يونيو 2025;Payable Credit Note;2534;سند صرف قهوه محموصه فرع رفا;Colombi roasted beans(1Kg);(172.00);43.00;43.00;(172.00);(4.0000);0.00;636 - مخزون البن المحمص;636 - مخزون البن المحمص
16 يونيو 2025;Payable Credit Note;MP 2532;سند صرف قهوه محموصه فرع التخصصي;Colombi roasted beans(1Kg);(86.00);43.00;43.00;(86.00);(2.0000);0.00;636 - مخزون البن المحمص;636 - مخزون البن المحمص
18 يونيو 2025;Payable Invoice;7217;تحميص وارد لمستودع البن المحمص;Colombi roasted beans(1Kg);2,223.45;42.76;0.00;2,223.45;52.0000;0.00;;636 - مخزون البن المحمص
21 يونيو 2025;Receivable Invoice;INV-3914;Arto Caffee ارتوكفى;Colombi roasted beans;(2,000.00);41.58;100.00;(831.64);(20.0000);58.42;202 - مبيعات القهوة المحمصه;636 - مخزون البن المحمص
23 يونيو 2025;Payable Credit Note;MP 2543;سند صرف قهوه محموصه فرع حطين;Colombi roasted beans(1Kg);(430.00);43.00;43.00;(430.00);(10.0000);0.00;636 - مخزون البن المحمص;636 - مخزون البن المحمص
23 يونيو 2025;Payable Credit Note;MP 2542;سند صرف قهوه محموصه فرع الصحافة;Colombi roasted beans(1Kg);(215.00);43.00;43.00;(215.00);(5.0000);0.00;636 - مخزون البن المحمص;636 - مخزون البن المحمص
23 يونيو 2025;Payable Credit Note;MP 2539;سند صرف قهوه محموصه فرع التخصصي;Colombi roasted beans(1Kg) 2 كيس;(21.50);43.00;43.00;(21.50);(0.5000);0.00;636 - مخزون البن المحمص;636 - مخزون البن المحمص
24 يونيو 2025;Payable Credit Note;MP 2544;سند صرف قهوه محموصه فرع حطين;Colombi roasted beans(1Kg);(86.00);43.00;43.00;(86.00);(2.0000);0.00;636 - مخزون البن المحمص;636 - مخزون البن المحمص
24 يونيو 2025;Payable Credit Note;MP 2544.;سند صرف قهوه محموصه فرع حطين;Colombi roasted beans(1Kg) 20 كيس;(215.00);43.00;43.00;(215.00);(5.0000);0.00;636 - مخزون البن المحمص;636 - مخزون البن المحمص
26 يونيو 2025;Payable Credit Note;MP 2551;سند صرف قهوه محموصه فرع التخصصي;Colombi roasted beans(1Kg);(86.00);43.00;43.00;(86.00);(2.0000);0.00;636 - مخزون البن المحمص;636 - مخزون البن المحمص
26 يونيو 2025;Adjustment;Quantity Decrease;;جرد 25/6;(663.18);41.45;0.00;(663.18);(16.0000);0.00;;636 - مخزون البن المحمص
29 يونيو 2025;Receivable Invoice;INV-3963;مؤسسة مكيث لتقديم المشروبات;Colombi roasted beans;(4,000.00);41.44;80.00;(2,071.75);(50.0000);38.56;202 - مبيعات القهوة المحمصه;636 - مخزون البن المحمص
30 يونيو 2025;Payable Credit Note;MP 2554;سند صرف قهوه محموصه فرع واو;Colombi roasted beans(1Kg);(129.00);43.00;43.00;(129.00);(3.0000);0.00;636 - مخزون البن المحمص;636 - مخزون البن المحمص
30 يونيو 2025;Payable Credit Note;MP 2560;سند صرف قهوه محموصه فرع حطين;Colombi roasted beans(1Kg);(559.00);43.00;43.00;(559.00);(13.0000);0.00;636 - مخزون البن المحمص;636 - مخزون البن المحمص
03 يوليو 2025;Payable Credit Note;MP 2567;سند صرف قهوه محموصه فرع حطين;Colombi roasted beans(1Kg);(215.00);43.00;43.00;(215.00);(5.0000);0.00;636 - مخزون البن المحمص;636 - مخزون البن المحمص
07 يوليو 2025;Payable Credit Note;MP 2571;سند صرف قهوه محموصه فرع حطين;Colombi roasted beans(1Kg);(430.00);43.00;43.00;(430.00);(10.0000);0.00;636 - مخزون البن المحمص;636 - مخزون البن المحمص
10 يوليو 2025;Payable Credit Note;MP 2579;سند صرف قهوه محموصه فرع التخصصي;Colombi roasted beans(1Kg);(129.00);43.00;43.00;(129.00);(3.0000);0.00;636 - مخزون البن المحمص;636 - مخزون البن المحمص
10 يوليو 2025;Payable Credit Note;MP 2572;سند صرف قهوه محموصه فرع حطين;Colombi roasted beans(1Kg);(473.00);43.00;43.00;(473.00);(11.0000);0.00;636 - مخزون البن المحمص;636 - مخزون البن المحمص
10 يوليو 2025;Payable Credit Note;MP 2578;سند صرف قهوه محموصه فرع الصحافة;Colombi roasted beans(1Kg);(430.00);43.00;43.00;(430.00);(10.0000);0.00;636 - مخزون البن المحمص;636 - مخزون البن المحمص
10 يوليو 2025;Payable Credit Note;MP 2578;سند صرف قهوه محموصه فرع واو;Colombi roasted beans(1Kg);(86.00);43.00;43.00;(86.00);(2.0000);0.00;636 - مخزون البن المحمص;636 - مخزون البن المحمص
13 يوليو 2025;Payable Credit Note;MP 2588;سند صرف قهوه محموصه فرع الصحافة;Colombi roasted beans(1Kg);(430.00);43.00;43.00;(430.00);(10.0000);0.00;636 - مخزون البن المحمص;636 - مخزون البن المحمص
14 يوليو 2025;Payable Credit Note;MP 2589;سند صرف قهوه محموصه فرع حطين;Colombi roasted beans(1Kg);(473.00);43.00;43.00;(473.00);(11.0000);0.00;636 - مخزون البن المحمص;636 - مخزون البن المحمص
15 يوليو 2025;Receivable Invoice;INV-4059;مؤسسة مكيث لتقديم المشروبات;Colombi roasted beans;(4,000.00);40.14;80.00;(2,006.82);(50.0000);39.86;202 - مبيعات القهوة المحمصه;636 - مخزون البن المحمص
20 يوليو 2025;Payable Credit Note;MP 2592;سند صرف قهوه محموصه فرع حطين;Colombi roasted beans(1Kg);(430.00);43.00;43.00;(430.00);(10.0000);0.00;636 - مخزون البن المحمص;636 - مخزون البن المحمص
23 يوليو 2025;Payable Credit Note;MP 2597;سند صرف قهوه محموصه فرع حطين;Colombi roasted beans(1Kg);(86.00);43.00;43.00;(86.00);(2.0000);0.00;636 - مخزون البن المحمص;636 - مخزون البن المحمص
23 يوليو 2025;Payable Credit Note;MP 2596;سند صرف قهوه محموصه فرع واو;Colombi roasted beans(1Kg);(86.00);43.00;43.00;(86.00);(2.0000);0.00;636 - مخزون البن المحمص;636 - مخزون البن المحمص
24 يوليو 2025;Receivable Invoice;INV-4160;شركة مستشفي المحمدية للرعاية الطبية;Colombi roasted beans( 25-100Kg price 95 /100-500Kg price 80Sr);(160.00);35.00;160.00;(35.00);(1.0000);125.00;202 - مبيعات القهوة المحمصه;636 - مخزون البن المحمص
29 يوليو 2025;Payable Credit Note;MP 2604;سند صرف قهوه محموصه فرع رفا;Colombi roasted beans(1Kg);(215.00);43.00;43.00;(215.00);(5.0000);0.00;636 - مخزون البن المحمص;636 - مخزون البن المحمص
29 يوليو 2025;Payable Credit Note;MP 2606;سند صرف قهوه محموصه فرع حطين;Colombi roasted beans(1Kg);(363.00);33.00;33.00;(363.00);(11.0000);0.00;636 - مخزون البن المحمص;636 - مخزون البن المحمص
29 يوليو 2025;Payable Credit Note;MP 2605;سند صرف قهوه محموصه فرع الصحافة;Colombi roasted beans(1Kg);(430.00);43.00;43.00;(430.00);(10.0000);0.00;636 - مخزون البن المحمص;636 - مخزون البن المحمص
29 يوليو 2025;Payable Credit Note;MP 2605;سند صرف قهوه محموصه فرع واو;Colombi roasted beans(1Kg);(86.00);43.00;43.00;(86.00);(2.0000);0.00;636 - مخزون البن المحمص;636 - مخزون البن المحمص
01 أغسطس 2025;Payable Credit Note;MP 2613;سند صرف قهوه محموصه فرع واو;Colombi roasted beans(1Kg);(129.00);43.00;43.00;(129.00);(3.0000);0.00;636 - مخزون البن المحمص;636 - مخزون البن المحمص
01 أغسطس 2025;Payable Credit Note;MP 2612;سند صرف قهوه محموصه فرع الصحافة;Colombi roasted beans(1Kg);(430.00);43.00;43.00;(430.00);(10.0000);0.00;636 - مخزون البن المحمص;636 - مخزون البن المحمص
01 أغسطس 2025;Payable Credit Note;MP 2613;سند صرف قهوه محموصه فرع حطين;Colombi roasted beans(1Kg);(172.00);43.00;43.00;(172.00);(4.0000);0.00;636 - مخزون البن المحمص;636 - مخزون البن المحمص
01 أغسطس 2025;Payable Credit Note;MP 2612;سند صرف قهوه محموصه فرع التخصصي;Colombi roasted beans(1Kg);(86.00);43.00;43.00;(86.00);(2.0000);0.00;636 - مخزون البن المحمص;636 - مخزون البن المحمص
01 أغسطس 2025;Receivable Invoice;INV-4158;مؤسسة مكيث لتقديم المشروبات;Colombi roasted beans;(4,000.00);42.50;80.00;(2,125.16);(50.0000);37.50;202 - مبيعات القهوة المحمصه;636 - مخزون البن المحمص
04 أغسطس 2025;Receivable Invoice;INV-4173;Arto Caffee ارتوكفى;Colombi roasted beans;(2,000.00);42.50;100.00;(850.06);(20.0000);57.50;202 - مبيعات القهوة المحمصه;636 - مخزون البن المحمص
05 أغسطس 2025;Payable Invoice;7219;تحميص وارد لمستودع البن المحمص;Colombi roasted beans(1Kg);9,367.64;42.58;0.00;9,367.64;220.0000;0.00;;636 - مخزون البن المحمص
07 أغسطس 2025;Payable Invoice;7220;تحميص وارد لمستودع البن المحمص;Colombi roasted beans(1Kg);7,335.00;47.48;0.00;7,335.00;154.5000;0.00;;636 - مخزون البن المحمص
07 أغسطس 2025;Payable Credit Note;MP 2620;سند صرف قهوه محموصه فرع حطين;Colombi roasted beans(1Kg);(344.00);43.00;43.00;(344.00);(8.0000);0.00;636 - مخزون البن المحمص;636 - مخزون البن المحمص
07 أغسطس 2025;Payable Credit Note;MP 2619;سند صرف قهوه محموصه فرع رفا;Colombi roasted beans(1Kg);(215.00);43.00;43.00;(215.00);(5.0000);0.00;636 - مخزون البن المحمص;636 - مخزون البن المحمص
11 أغسطس 2025;Payable Credit Note;MP 2624;سند صرف قهوه محموصه فرع حطين;Colombi roasted beans(1Kg);(430.00);43.00;43.00;(430.00);(10.0000);0.00;636 - مخزون البن المحمص;636 - مخزون البن المحمص
11 أغسطس 2025;Payable Credit Note;MP 2623;سند صرف قهوه محموصه فرع واو;Colombi roasted beans(1Kg);(129.00);43.00;43.00;(129.00);(3.0000);0.00;636 - مخزون البن المحمص;636 - مخزون البن المحمص
15 أغسطس 2025;Payable Credit Note;MP 2629;سند صرف قهوه محموصه فرع التخصصي;Colombi roasted beans(1Kg);(86.00);43.00;43.00;(86.00);(2.0000);0.00;636 - مخزون البن المحمص;636 - مخزون البن المحمص
16 أغسطس 2025;Payable Credit Note;MP 2630;سند صرف قهوه محموصه فرع حطين;Colombi roasted beans(1Kg);(688.00);43.00;43.00;(688.00);(16.0000);0.00;636 - مخزون البن المحمص;636 - مخزون البن المحمص
18 أغسطس 2025;Payable Invoice;7221;تحميص وارد لمستودع البن المحمص;Colombi roasted beans(1Kg);1,956.00;46.57;0.00;1,956.00;42.0000;0.00;;636 - مخزون البن المحمص
19 أغسطس 2025;Payable Credit Note;MP 2635;سند صرف قهوه محموصه فرع واو;Colombi roasted beans(1Kg);(21.50);43.00;43.00;(21.50);(0.5000);0.00;636 - مخزون البن المحمص;636 - مخزون البن المحمص
19 أغسطس 2025;Payable Credit Note;MP 2633;سند صرف قهوه محموصه فرع حطين;Colombi roasted beans(1Kg);(129.00);43.00;43.00;(129.00);(3.0000);0.00;636 - مخزون البن المحمص;636 - مخزون البن المحمص
19 أغسطس 2025;Payable Credit Note;MP 2637;سند صرف قهوه محموصه فرع التخصصي;Colombi roasted beans(1Kg);(21.50);43.00;43.00;(21.50);(0.5000);0.00;636 - مخزون البن المحمص;636 - مخزون البن المحمص
19 أغسطس 2025;Payable Credit Note;MP 2634;سند صرف قهوه محموصه فرع رفا;Colombi roasted beans(1Kg);(43.00);43.00;43.00;(43.00);(1.0000);0.00;636 - مخزون البن المحمص;636 - مخزون البن المحمص
19 أغسطس 2025;Payable Credit Note;MP 2631;سند صرف قهوه محموصه فرع الصحافة;Colombi roasted beans(1Kg);(430.00);43.00;43.00;(430.00);(10.0000);0.00;636 - مخزون البن المحمص;636 - مخزون البن المحمص
19 أغسطس 2025;Payable Credit Note;MP 2631;سند صرف قهوه محموصه فرع الصحافة;Colombi roasted beans(1Kg);(193.50);43.00;43.00;(193.50);(4.5000);0.00;636 - مخزون البن المحمص;636 - مخزون البن المحمص
19 أغسطس 2025;Payable Credit Note;MP 2631;سند صرف قهوه محموصه فرع الصحافة;Colombi roasted beans(1Kg);(43.00);43.00;43.00;(43.00);(1.0000);0.00;636 - مخزون البن المحمص;636 - مخزون البن المحمص
19 أغسطس 2025;Payable Credit Note;MP 2636;سند صرف قهوه محموصه فرع التخصصي;Colombi roasted beans(1Kg);(86.00);43.00;43.00;(86.00);(2.0000);0.00;636 - مخزون البن المحمص;636 - مخزون البن المحمص
23 أغسطس 2025;Payable Credit Note;MP 2645;سند صرف قهوه محموصه فرع حطين;Colombi roasted beans(1Kg);(731.00);43.00;43.00;(731.00);(17.0000);0.00;636 - مخزون البن المحمص;636 - مخزون البن المحمص
24 أغسطس 2025;Payable Credit Note;MP 2646;سند صرف قهوه محموصه فرع الصحافة;Colombi roasted beans(1Kg);(43.00);43.00;43.00;(43.00);(1.0000);0.00;636 - مخزون البن المحمص;636 - مخزون البن المحمص
26 أغسطس 2025;Receivable Invoice;INV-4289;Arto Caffee ارتوكفى;Colombi roasted beans;(3,000.00);46.18;100.00;(1,385.40);(30.0000);53.82;202 - مبيعات القهوة المحمصه;636 - مخزون البن المحمص
31 أغسطس 2025;Payable Credit Note;MP 2653;سند صرف قهوه محموصه فرع واو;Colombi roasted beans(1Kg);(86.00);43.00;43.00;(86.00);(2.0000);0.00;636 - مخزون البن المحمص;636 - مخزون البن المحمص
31 أغسطس 2025;Payable Credit Note;MP 2657;سند صرف قهوه محموصه فرع حطين;Colombi roasted beans(1Kg);(688.00);43.00;43.00;(688.00);(16.0000);0.00;636 - مخزون البن المحمص;636 - مخزون البن المحمص
31 أغسطس 2025;Payable Credit Note;MP 2656;سند صرف قهوه محموصه فرع رفا;Colombi roasted beans(1Kg);(172.00);43.00;43.00;(172.00);(4.0000);0.00;636 - مخزون البن المحمص;636 - مخزون البن المحمص
31 أغسطس 2025;Payable Credit Note;MP 2655;سند صرف قهوه محموصه فرع الصحافة;Colombi roasted beans(1Kg);(215.00);43.00;43.00;(215.00);(5.0000);0.00;636 - مخزون البن المحمص;636 - مخزون البن المحمص
02 سبتمبر 2025;Payable Credit Note;MP 2659;سند صرف قهوه محموصه فرع التخصصي;Colombi roasted beans(1Kg);(86.00);43.00;43.00;(86.00);(2.0000);0.00;636 - مخزون البن المحمص;636 - مخزون البن المحمص
04 سبتمبر 2025;Payable Invoice;7222;تحميص وارد لمستودع البن المحمص;Colombi roasted beans(1Kg);1,467.00;47.32;0.00;1,467.00;31.0000;0.00;;636 - مخزون البن المحمص
04 سبتمبر 2025;Payable Credit Note;MP 2669;سند صرف قهوه محموصه فرع الصحافة;Colombi roasted beans(1Kg);(215.00);43.00;43.00;(215.00);(5.0000);0.00;636 - مخزون البن المحمص;636 - مخزون البن المحمص
06 سبتمبر 2025;Payable Credit Note;MP 2668;سند صرف قهوه محموصه فرع التخصصي;Colombi roasted beans(1Kg);(21.50);43.00;43.00;(21.50);(0.5000);0.00;636 - مخزون البن المحمص;636 - مخزون البن المحمص
06 سبتمبر 2025;Payable Credit Note;MP 2667;سند صرف قهوه محموصه فرع حطين;Colombi roasted beans(1Kg);(602.00);43.00;43.00;(602.00);(14.0000);0.00;636 - مخزون البن المحمص;636 - مخزون البن المحمص
09 سبتمبر 2025;Payable Credit Note;MP 2677;سند صرف قهوه محموصه فرع الصحافة;Colombi roasted beans(1Kg);(430.00);43.00;43.00;(430.00);(10.0000);0.00;636 - مخزون البن المحمص;636 - مخزون البن المحمص
09 سبتمبر 2025;Payable Credit Note;MP 2674;سند صرف قهوه محموصه فرع رفا;Colombi roasted beans(1Kg);(172.00);43.00;43.00;(172.00);(4.0000);0.00;636 - مخزون البن المحمص;636 - مخزون البن المحمص
09 سبتمبر 2025;Payable Credit Note;MP 2676;سند صرف قهوه محموصه فرع التخصصي;Colombi roasted beans(1Kg);(86.00);43.00;43.00;(86.00);(2.0000);0.00;636 - مخزون البن المحمص;636 - مخزون البن المحمص
09 سبتمبر 2025;Payable Credit Note;MP 2676;سند صرف قهوه محموصه فرع التخصصي;Colombi roasted beans(1Kg);(21.50);43.00;43.00;(21.50);(0.5000);0.00;636 - مخزون البن المحمص;636 - مخزون البن المحمص
09 سبتمبر 2025;Receivable Invoice;INV-4368;شركة مستشفي المحمدية للرعاية الطبية;Colombi roasted beans عدد10 ارباع;(360.00);47.15;144.00;(117.86);(2.5000);96.85;202 - مبيعات القهوة المحمصه;636 - مخزون البن المحمص
14 سبتمبر 2025;Payable Invoice;7223;تحميص وارد لمستودع البن المحمص;Colombi roasted beans(1Kg);10,309.75;46.86;0.00;10,309.75;220.0000;0.00;;636 - مخزون البن المحمص
14 سبتمبر 2025;Payable Credit Note;MP 2683;سند صرف قهوه محموصه فرع الصحافة;Colombi roasted beans(1Kg);(129.00);43.00;43.00;(129.00);(3.0000);0.00;636 - مخزون البن المحمص;636 - مخزون البن المحمص
14 سبتمبر 2025;Payable Credit Note;MP 2686;سند صرف قهوه محموصه فرع رفا;Colombi roasted beans(1Kg);(86.00);43.00;43.00;(86.00);(2.0000);0.00;636 - مخزون البن المحمص;636 - مخزون البن المحمص
14 سبتمبر 2025;Payable Credit Note;MP 2688;سند صرف قهوه محموصه فرع حطين;Colombi roasted beans(1Kg) 12 كيس;(129.00);43.00;43.00;(129.00);(3.0000);0.00;636 - مخزون البن المحمص;636 - مخزون البن المحمص
14 سبتمبر 2025;Payable Credit Note;MP 2682;سند صرف قهوه محموصه فرع واو;Colombi roasted beans(1Kg);(21.50);43.00;43.00;(21.50);(0.5000);0.00;636 - مخزون البن المحمص;636 - مخزون البن المحمص
14 سبتمبر 2025;Payable Credit Note;MP 2682;سند صرف قهوه محموصه فرع واو;Colombi roasted beans(1Kg);(86.00);43.00;43.00;(86.00);(2.0000);0.00;636 - مخزون البن المحمص;636 - مخزون البن المحمص
14 سبتمبر 2025;Payable Credit Note;MP 2680;سند صرف قهوه محموصه فرع حطين;Colombi roasted beans(1Kg);(989.00);43.00;43.00;(989.00);(23.0000);0.00;636 - مخزون البن المحمص;636 - مخزون البن المحمص
15 سبتمبر 2025;Payable Credit Note;MP 2681;سند صرف قهوه محموصه فرع التخصصي;Colombi roasted beans(1Kg);(43.00);43.00;43.00;(43.00);(1.0000);0.00;636 - مخزون البن المحمص;636 - مخزون البن المحمص
15 سبتمبر 2025;Payable Credit Note;MP 2690;سند صرف قهوه محموصه فرع التخصصي;Colombi roasted beans(1Kg);(86.00);43.00;43.00;(86.00);(2.0000);0.00;636 - مخزون البن المحمص;636 - مخزون البن المحمص
16 سبتمبر 2025;Payable Invoice;7224;تحميص وارد لمستودع البن المحمص;Colombi roasted beans(1Kg) قهوة تركي ;305.62;45.61;0.00;305.62;6.7000;0.00;;636 - مخزون البن المحمص
17 سبتمبر 2025;Payable Credit Note;MP 2693;سند صرف قهوه محموصه فرع رفا;Colombi roasted beans(1Kg);(172.00);43.00;43.00;(172.00);(4.0000);0.00;636 - مخزون البن المحمص;636 - مخزون البن المحمص
20 سبتمبر 2025;Payable Credit Note;MP 2697;سند صرف قهوه محموصه فرع حطين;Colombi roasted beans(1Kg);(516.00);43.00;43.00;(516.00);(12.0000);0.00;636 - مخزون البن المحمص;636 - مخزون البن المحمص
21 سبتمبر 2025;Receivable Invoice;INV-4433;Arto Caffee ارتوكفى;Colombi roasted beans;(3,000.00);47.60;100.00;(1,427.87);(30.0000);52.40;202 - مبيعات القهوة المحمصه;636 - مخزون البن المحمص
27 سبتمبر 2025;Payable Credit Note;;سند صرف قهوه محموصه فرع رفا;Colombi roasted beans(1Kg);(86.00);43.00;43.00;(86.00);(2.0000);0.00;636 - مخزون البن المحمص;636 - مخزون البن المحمص
28 سبتمبر 2025;Payable Credit Note;MP 2708;سند صرف قهوه محموصه فرع واو;Colombi roasted beans(1Kg);(86.00);43.00;43.00;(86.00);(2.0000);0.00;636 - مخزون البن المحمص;636 - مخزون البن المحمص
28 سبتمبر 2025;Payable Credit Note;MP 2706;سند صرف قهوه محموصه فرع حطين;Colombi roasted beans(1Kg);(774.00);43.00;43.00;(774.00);(18.0000);0.00;636 - مخزون البن المحمص;636 - مخزون البن المحمص
28 سبتمبر 2025;Payable Credit Note;MP 2707;سند صرف قهوه محموصه فرع الصحافة;Colombi roasted beans(1Kg);(215.00);43.00;43.00;(215.00);(5.0000);0.00;636 - مخزون البن المحمص;636 - مخزون البن المحمص
29 سبتمبر 2025;Receivable Invoice;INV-4469;موقع سلة Salla website;Colombi roasted beans;(242.61);48.20;242.61;(48.20);(1.0000);194.41;203 - مبيعات المتجر الكترونى موقع سلة;636 - مخزون البن المحمص
29 سبتمبر 2025;Receivable Invoice;INV-4469;موقع سلة Salla website;Colombi roasted beans اظرف قهوة كولمبيا;(164.35);48.20;164.35;(48.20);(1.0000);116.15;203 - مبيعات المتجر الكترونى موقع سلة;636 - مخزون البن المحمص
30 سبتمبر 2025;Payable Credit Note;MP 2711;سند صرف قهوه محموصه فرع حطين;Colombi roasted beans(1Kg);(301.00);43.00;43.00;(301.00);(7.0000);0.00;636 - مخزون البن المحمص;636 - مخزون البن المحمص
30 سبتمبر 2025;Adjustment;Bulk Adjustment;;جرد البن المحمص 30/9;(517.14);48.33;0.00;(517.14);(10.7000);0.00;;636 - مخزون البن المحمص
01 أكتوبر 2025;Receivable Invoice;INV-4535;شركة مستشفي المحمدية للرعاية الطبية;Colombi roasted beans عدد10 ارباع;(360.00);49.27;144.00;(123.16);(2.5000);94.73;202 - مبيعات القهوة المحمصه;636 - مخزون البن المحمص
05 أكتوبر 2025;Payable Credit Note;MP 2721;سند صرف قهوه محموصه فرع الصحافة;Colombi roasted beans(1Kg) 8 كيس;(86.00);43.00;43.00;(86.00);(2.0000);0.00;636 - مخزون البن المحمص;636 - مخزون البن المحمص
05 أكتوبر 2025;Payable Credit Note;MP 2720;سند صرف قهوه محموصه فرع حطين;Colombi roasted beans(1Kg);(86.00);43.00;43.00;(86.00);(2.0000);0.00;636 - مخزون البن المحمص;636 - مخزون البن المحمص
06 أكتوبر 2025;Payable Credit Note;MP 2722;سند صرف قهوه محموصه فرع التخصصي;Colombi roasted beans(1Kg);(430.00);43.00;43.00;(430.00);(10.0000);0.00;636 - مخزون البن المحمص;636 - مخزون البن المحمص
07 أكتوبر 2025;Payable Credit Note;MP 2725;سند صرف قهوه محموصه فرع التخصصي;Colombi roasted beans(1Kg);(43.00);43.00;43.00;(43.00);(1.0000);0.00;636 - مخزون البن المحمص;636 - مخزون البن المحمص
09 أكتوبر 2025;Payable Credit Note;MP 2727;سند صرف قهوه محموصه فرع رفا;Colombi roasted beans(1Kg);(172.00);43.00;43.00;(172.00);(4.0000);0.00;636 - مخزون البن المحمص;636 - مخزون البن المحمص
09 أكتوبر 2025;Payable Credit Note;MP 2726;سند صرف قهوه محموصه فرع حطين;Colombi roasted beans(1Kg);(946.00);43.00;43.00;(946.00);(22.0000);0.00;636 - مخزون البن المحمص;636 - مخزون البن المحمص
15 أكتوبر 2025;Payable Credit Note;MP 2738;سند صرف قهوه محموصه فرع الصحافة;Colombi roasted beans(1Kg);(430.00);43.00;43.00;(430.00);(10.0000);0.00;636 - مخزون البن المحمص;636 - مخزون البن المحمص
16 أكتوبر 2025;Payable Invoice;7226;تحميص وارد لمستودع البن المحمص;Colombi roasted beans(1Kg);1,956.00;46.57;0.00;1,956.00;42.0000;0.00;;636 - مخزون البن المحمص
17 أكتوبر 2025;Receivable Invoice;INV-4562;Arto Caffee ارتوكفى;Colombi roasted beans;(2,500.00);49.55;100.00;(1,238.71);(25.0000);50.45;202 - مبيعات القهوة المحمصه;636 - مخزون البن المحمص
20 أكتوبر 2025;Payable Credit Note;MP 2742;سند صرف قهوه محموصه فرع حطين;Colombi roasted beans(1Kg);(1,591.00);43.00;43.00;(1,591.00);(37.0000);0.00;636 - مخزون البن المحمص;636 - مخزون البن المحمص
21 أكتوبر 2025;Payable Credit Note;MP 2747;سند صرف قهوه محموصه فرع الصحافة;Colombi roasted beans(1Kg) 4 كيس;(43.00);43.00;43.00;(43.00);(1.0000);0.00;636 - مخزون البن المحمص;636 - مخزون البن المحمص
23 أكتوبر 2025;Payable Credit Note;MP 2749;سند صرف قهوه محموصه فرع التخصصي;Colombi roasted beans(1Kg) 4 كيس;(43.00);43.00;43.00;(43.00);(1.0000);0.00;636 - مخزون البن المحمص;636 - مخزون البن المحمص
24 أكتوبر 2025;Payable Credit Note;MP 2750;سند صرف قهوه محموصه فرع واو;Colombi roasted beans(1Kg);(129.00);43.00;43.00;(129.00);(3.0000);0.00;636 - مخزون البن المحمص;636 - مخزون البن المحمص
26 أكتوبر 2025;Payable Credit Note;MP 2753;سند صرف قهوه محموصه فرع حطين;Colombi roasted beans(1Kg);(688.00);43.00;43.00;(688.00);(16.0000);0.00;636 - مخزون البن المحمص;636 - مخزون البن المحمص
27 أكتوبر 2025;Payable Credit Note;MP 2755;سند صرف قهوه محموصه فرع رفا;Colombi roasted beans(1Kg);(258.00);43.00;43.00;(258.00);(6.0000);0.00;636 - مخزون البن المحمص;636 - مخزون البن المحمص
27 أكتوبر 2025;Payable Credit Note;MP 2754;سند صرف قهوه محموصه فرع حطين;Colombi roasted beans(1Kg)12 كيس;(129.00);43.00;43.00;(129.00);(3.0000);0.00;636 - مخزون البن المحمص;636 - مخزون البن المحمص
31 أكتوبر 2025;Receivable Invoice;INV-4744;موقع سلة Salla website;Colombi roasted beans;(68.05);54.98;272.20;(13.74);(0.2500);217.22;203 - مبيعات المتجر الكترونى موقع سلة;636 - مخزون البن المحمص
31 أكتوبر 2025;Receivable Invoice;INV-4744;موقع سلة Salla website;Colombi roasted beans اظرف قهوة كولمبيا;(34.03);54.98;136.12;(13.74);(0.2500);81.14;203 - مبيعات المتجر الكترونى موقع سلة;636 - مخزون البن المحمص
03 نوفمبر 2025;Payable Credit Note;MP 2772;سند صرف قهوه محموصه فرع رفا;Colombi roasted beans(1Kg);(172.00);43.00;43.00;(172.00);(4.0000);0.00;636 - مخزون البن المحمص;636 - مخزون البن المحمص
03 نوفمبر 2025;Payable Credit Note;MP 2766;سند صرف قهوه محموصه فرع الصحافة;Colombi roasted beans(1Kg);(129.00);43.00;43.00;(129.00);(3.0000);0.00;636 - مخزون البن المحمص;636 - مخزون البن المحمص
03 نوفمبر 2025;Payable Credit Note;MP 2768;سند صرف قهوه محموصه فرع التخصصي;Colombi roasted beans(1Kg);(43.00);43.00;43.00;(43.00);(1.0000);0.00;636 - مخزون البن المحمص;636 - مخزون البن المحمص
03 نوفمبر 2025;Payable Credit Note;MP 2767;سند صرف قهوه محموصه فرع رفا;Colombi roasted beans(1Kg);(43.00);43.00;43.00;(43.00);(1.0000);0.00;636 - مخزون البن المحمص;636 - مخزون البن المحمص
03 نوفمبر 2025;Payable Credit Note;MP 2765;سند صرف قهوه محموصه فرع حطين;Colombi roasted beans(1Kg);(129.00);43.00;43.00;(129.00);(3.0000);0.00;636 - مخزون البن المحمص;636 - مخزون البن المحمص
04 نوفمبر 2025;Payable Credit Note;MP 2774;سند صرف قهوه محموصه فرع حطين;Colombi roasted beans(1Kg);(989.00);43.00;43.00;(989.00);(23.0000);0.00;636 - مخزون البن المحمص;636 - مخزون البن المحمص
07 نوفمبر 2025;Payable Credit Note;MP 2778;سند صرف قهوه محموصه فرع التخصصي;Colombi roasted beans(1Kg);(43.00);43.00;43.00;(43.00);(1.0000);0.00;636 - مخزون البن المحمص;636 - مخزون البن المحمص
07 نوفمبر 2025;Payable Credit Note;MP 2779;سند صرف قهوه محموصه فرع حطين;Colombi roasted beans(1Kg);(129.00);43.00;43.00;(129.00);(3.0000);0.00;636 - مخزون البن المحمص;636 - مخزون البن المحمص
07 نوفمبر 2025;Payable Credit Note;MP 2777;سند صرف قهوه محموصه فرع الصحافة;Colombi roasted beans(1Kg);(86.00);43.00;43.00;(86.00);(2.0000);0.00;636 - مخزون البن المحمص;636 - مخزون البن المحمص
08 نوفمبر 2025;Payable Credit Note;MP 2780;سند صرف قهوه محموصه فرع الصحافة;Colombi roasted beans(1Kg);(215.00);43.00;43.00;(215.00);(5.0000);0.00;636 - مخزون البن المحمص;636 - مخزون البن المحمص
08 نوفمبر 2025;Payable Credit Note;MP 2782;سند صرف قهوه محموصه فرع رفا;Colombi roasted beans(1Kg);(43.00);43.00;43.00;(43.00);(1.0000);0.00;636 - مخزون البن المحمص;636 - مخزون البن المحمص
10 نوفمبر 2025;Payable Credit Note;MP 2786;سند صرف قهوه محموصه فرع واو;Colombi roasted beans(1Kg);(86.00);43.00;43.00;(86.00);(2.0000);0.00;636 - مخزون البن المحمص;636 - مخزون البن المحمص
11 نوفمبر 2025;Payable Credit Note;MP 2790;سند صرف قهوه محموصه فرع حطين;Colombi roasted beans(1Kg);(215.00);43.00;43.00;(215.00);(5.0000);0.00;636 - مخزون البن المحمص;636 - مخزون البن المحمص
11 نوفمبر 2025;Payable Credit Note;MP 2787;سند صرف قهوه محموصه فرع الصحافة;Colombi roasted beans(1Kg);(215.00);43.00;43.00;(215.00);(5.0000);0.00;636 - مخزون البن المحمص;636 - مخزون البن المحمص
11 نوفمبر 2025;Payable Credit Note;MP 2789;سند صرف قهوه محموصه فرع حطين;Colombi roasted beans(1Kg);(860.00);43.00;43.00;(860.00);(20.0000);0.00;636 - مخزون البن المحمص;636 - مخزون البن المحمص
11 نوفمبر 2025;Payable Credit Note;MP 2788;سند صرف قهوه محموصه فرع التخصصي;Colombi roasted beans(1Kg);(43.00);43.00;43.00;(43.00);(1.0000);0.00;636 - مخزون البن المحمص;636 - مخزون البن المحمص
12 نوفمبر 2025;Payable Credit Note;MP 2792;سند صرف قهوه محموصه فرع التخصصي;Colombi roasted beans(1Kg);(43.00);43.00;43.00;(43.00);(1.0000);0.00;636 - مخزون البن المحمص;636 - مخزون البن المحمص
13 نوفمبر 2025;Payable Invoice;7228;تحميص وارد لمستودع البن المحمص;Colombi roasted beans(1Kg);1,956.00;46.57;0.00;1,956.00;42.0000;0.00;;636 - مخزون البن المحمص
13 نوفمبر 2025;Payable Credit Note;MP 2797;سند صرف قهوه محموصه فرع الصحافة;Colombi roasted beans(1Kg);(129.00);43.00;43.00;(129.00);(3.0000);0.00;636 - مخزون البن المحمص;636 - مخزون البن المحمص
13 نوفمبر 2025;Payable Credit Note;MP 2797;سند صرف قهوه محموصه فرع الصحافة;Colombi roasted beans(1Kg) 8كيس;(86.00);43.00;43.00;(86.00);(2.0000);0.00;636 - مخزون البن المحمص;636 - مخزون البن المحمص
18 نوفمبر 2025;Payable Credit Note;MP 2802;سند صرف قهوه محموصه فرع الصحافة;Colombi roasted beans(1Kg)12كيس;(129.00);43.00;43.00;(129.00);(3.0000);0.00;636 - مخزون البن المحمص;636 - مخزون البن المحمص
18 نوفمبر 2025;Payable Credit Note;MP 2801;سند صرف قهوه محموصه فرع حطين;Colombi roasted beans(1Kg);(430.00);43.00;43.00;(430.00);(10.0000);0.00;636 - مخزون البن المحمص;636 - مخزون البن المحمص
18 نوفمبر 2025;Payable Credit Note;MP 2806;سند صرف قهوه محموصه فرع التخصصي;Colombi roasted beans(1Kg) 12 كيس;(129.00);43.00;43.00;(129.00);(3.0000);0.00;636 - مخزون البن المحمص;636 - مخزون البن المحمص
18 نوفمبر 2025;Payable Credit Note;MP 2807;سند صرف قهوه محموصه فرع رفا;Colombi roasted beans(1Kg);(129.00);43.00;43.00;(129.00);(3.0000);0.00;636 - مخزون البن المحمص;636 - مخزون البن المحمص
21 نوفمبر 2025;Payable Credit Note;MP 2811;سند صرف قهوه محموصه فرع التخصصي;Colombi roasted beans(1Kg) 8كيس;(86.00);43.00;43.00;(86.00);(2.0000);0.00;636 - مخزون البن المحمص;636 - مخزون البن المحمص
21 نوفمبر 2025;Payable Credit Note;MP 2809;سند صرف قهوه محموصه فرع حطين;Colombi roasted beans(1Kg);(1,247.00);43.00;43.00;(1,247.00);(29.0000);0.00;636 - مخزون البن المحمص;636 - مخزون البن المحمص
21 نوفمبر 2025;Payable Credit Note;MP 2815;سند صرف قهوه محموصه فرع رفا;Colombi roasted beans(1Kg);(43.00);43.00;43.00;(43.00);(1.0000);0.00;636 - مخزون البن المحمص;636 - مخزون البن المحمص
23 نوفمبر 2025;Payable Credit Note;MP 2818;سند صرف قهوه محموصه فرع التخصصي;Colombi roasted beans(1Kg);(43.00);43.00;43.00;(43.00);(1.0000);0.00;636 - مخزون البن المحمص;636 - مخزون البن المحمص
23 نوفمبر 2025;Payable Credit Note;MP 2817;سند صرف قهوه محموصه فرع الصحافة;Colombi roasted beans(1Kg);(215.00);43.00;43.00;(215.00);(5.0000);0.00;636 - مخزون البن المحمص;636 - مخزون البن المحمص
24 نوفمبر 2025;Payable Credit Note;MP 2819;سند صرف قهوه محموصه فرع الصحافة;Colombi roasted beans(1Kg) 14 كيس;(150.50);43.00;43.00;(150.50);(3.5000);0.00;636 - مخزون البن المحمص;636 - مخزون البن المحمص
25 نوفمبر 2025;Payable Credit Note;MP 2826;سند صرف قهوه محموصه فرع رفا;Colombi roasted beans(1Kg);(86.00);43.00;43.00;(86.00);(2.0000);0.00;636 - مخزون البن المحمص;636 - مخزون البن المحمص
25 نوفمبر 2025;Payable Credit Note;MP 2824;سند صرف قهوه محموصه فرع واو;Colombi roasted beans(1Kg);(172.00);43.00;43.00;(172.00);(4.0000);0.00;636 - مخزون البن المحمص;636 - مخزون البن المحمص
25 نوفمبر 2025;Payable Credit Note;MP 2825;سند صرف قهوه محموصه فرع رفا;Colombi roasted beans(1Kg);(215.00);43.00;43.00;(215.00);(5.0000);0.00;636 - مخزون البن المحمص;636 - مخزون البن المحمص
27 نوفمبر 2025;Payable Credit Note;MP 2827;سند صرف قهوه محموصه فرع حطين;Colombi roasted beans(1Kg);(1,204.00);43.00;43.00;(1,204.00);(28.0000);0.00;636 - مخزون البن المحمص;636 - مخزون البن المحمص
27 نوفمبر 2025;Payable Invoice;7230;تحميص وارد لمستودع البن المحمص;Colombi roasted beans(1Kg);3,463.75;46.81;0.00;3,463.75;74.0000;0.00;;636 - مخزون البن المحمص
27 نوفمبر 2025;Payable Credit Note;MP 2830;سند صرف قهوه محموصه فرع الصحافة;Colombi roasted beans(1Kg)12كيس;(129.00);43.00;43.00;(129.00);(3.0000);0.00;636 - مخزون البن المحمص;636 - مخزون البن المحمص
27 نوفمبر 2025;Payable Credit Note;MP 2829;سند صرف قهوه محموصه فرع حطين;Colombi roasted beans(1Kg) 30 كيس;(322.50);43.00;43.00;(322.50);(7.5000);0.00;636 - مخزون البن المحمص;636 - مخزون البن المحمص
28 نوفمبر 2025;Payable Credit Note;MP 2833;سند صرف قهوه محموصه فرع رفا;Colombi roasted beans(1Kg);(43.00);43.00;43.00;(43.00);(1.0000);0.00;636 - مخزون البن المحمص;636 - مخزون البن المحمص
29 نوفمبر 2025;Receivable Invoice;INV-4811;Arto Caffee ارتوكفى;Colombi roasted beans;(2,500.00);59.13;100.00;(1,478.14);(25.0000);40.87;202 - مبيعات القهوة المحمصه;636 - مخزون البن المحمص
30 نوفمبر 2025;Payable Credit Note;MP 2835;سند صرف قهوه محموصه فرع الصحافة;Colombi roasted beans(1Kg) 8كيس;(86.00);43.00;43.00;(86.00);(2.0000);0.00;636 - مخزون البن المحمص;636 - مخزون البن المحمص
30 نوفمبر 2025;Payable Credit Note;MP 2837;سند صرف قهوه محموصه فرع التخصصي;Colombi roasted beans(1Kg) 8 كيس;(86.00);43.00;43.00;(86.00);(2.0000);0.00;636 - مخزون البن المحمص;636 - مخزون البن المحمص
30 نوفمبر 2025;Receivable Invoice;INV-4868;موقع سلة Salla website;Colombi roasted beans;(1,836.00);58.79;153.00;(705.46);(12.0000);94.21;203 - مبيعات المتجر الكترونى موقع سلة;636 - مخزون البن المحمص
30 نوفمبر 2025;Receivable Invoice;INV-4868;موقع سلة Salla website;Colombi roasted beans اظرف قهوة كولمبيا;(547.82);58.79;156.52;(205.76);(3.5000);97.73;203 - مبيعات المتجر الكترونى موقع سلة;636 - مخزون البن المحمص
02 ديسمبر 2025;Payable Credit Note;MP 2843;سند صرف قهوه محموصه فرع رفا;Colombi roasted beans(1Kg);(215.00);43.00;43.00;(215.00);(5.0000);0.00;636 - مخزون البن المحمص;636 - مخزون البن المحمص
02 ديسمبر 2025;Payable Credit Note;MP 2843;سند صرف قهوه محموصه فرع رفا;Colombi roasted beans(1Kg)8كيس;(86.00);43.00;43.00;(86.00);(2.0000);0.00;636 - مخزون البن المحمص;636 - مخزون البن المحمص
02 ديسمبر 2025;Payable Credit Note;MP 2842;سند صرف قهوه محموصه فرع التخصصي;Colombi roasted beans(1Kg);(215.00);43.00;43.00;(215.00);(5.0000);0.00;636 - مخزون البن المحمص;636 - مخزون البن المحمص
02 ديسمبر 2025;Payable Credit Note;MP 2842;سند صرف قهوه محموصه فرع التخصصي;Colombi roasted beans(1Kg) 4كيس;(43.00);43.00;43.00;(43.00);(1.0000);0.00;636 - مخزون البن المحمص;636 - مخزون البن المحمص
04 ديسمبر 2025;Payable Invoice;7231;تحميص وارد لمستودع البن المحمص;Colombi roasted beans(1Kg);4,971.51;47.35;0.00;4,971.51;105.0000;0.00;;636 - مخزون البن المحمص
04 ديسمبر 2025;Payable Credit Note;MP 2850;سند صرف قهوه محموصه فرع واو;Colombi roasted beans(1Kg) 4كيس;(43.00);43.00;43.00;(43.00);(1.0000);0.00;636 - مخزون البن المحمص;636 - مخزون البن المحمص
04 ديسمبر 2025;Payable Credit Note;MP 2845;سند صرف قهوه محموصه فرع الصحافة;Colombi roasted beans(1Kg);(258.00);43.00;43.00;(258.00);(6.0000);0.00;636 - مخزون البن المحمص;636 - مخزون البن المحمص
04 ديسمبر 2025;Payable Credit Note;MP 2845;سند صرف قهوه محموصه فرع الصحافة;Colombi roasted beans(1Kg) 6 كيس;(64.50);43.00;43.00;(64.50);(1.5000);0.00;636 - مخزون البن المحمص;636 - مخزون البن المحمص
04 ديسمبر 2025;Receivable Invoice;INV-4829;مقهى واي تسعة لتقديم المشروبات;Colombi roasted beans;(1,360.00);58.79;85.00;(940.62);(16.0000);26.21;202 - مبيعات القهوة المحمصه;636 - مخزون البن المحمص
06 ديسمبر 2025;Payable Credit Note;MP 2852;سند صرف قهوه محموصه فرع رفا;Colombi roasted beans(1Kg);(215.00);43.00;43.00;(215.00);(5.0000);0.00;636 - مخزون البن المحمص;636 - مخزون البن المحمص
06 ديسمبر 2025;Payable Credit Note;2851;سند صرف قهوه محموصه فرع حطين;Colombi roasted beans(1Kg);(989.00);43.00;43.00;(989.00);(23.0000);0.00;636 - مخزون البن المحمص;636 - مخزون البن المحمص
10 ديسمبر 2025;Payable Invoice;7232;تحميص وارد لمستودع البن المحمص;Colombi roasted beans(1Kg);305.63;47.02;0.00;305.63;6.5000;0.00;;636 - مخزون البن المحمص
13 ديسمبر 2025;Payable Credit Note;MP 2863;سند صرف قهوه محموصه فرع حطين;Colombi roasted beans(1Kg);(860.00);43.00;43.00;(860.00);(20.0000);0.00;636 - مخزون البن المحمص;636 - مخزون البن المحمص
13 ديسمبر 2025;Payable Credit Note;MP 2864;سند صرف قهوه محموصه فرع رفا;Colombi roasted beans(1Kg);(129.00);43.00;43.00;(129.00);(3.0000);0.00;636 - مخزون البن المحمص;636 - مخزون البن المحمص
18 ديسمبر 2025;Payable Invoice;7233;تحميص وارد لمستودع البن المحمص;Colombi roasted beans(1Kg);4,482.50;47.69;0.00;4,482.50;94.0000;0.00;;636 - مخزون البن المحمص
20 ديسمبر 2025;Payable Credit Note;MP 2875;سند صرف قهوه محموصه فرع حطين;Colombi roasted beans(1Kg);(1,075.00);43.00;43.00;(1,075.00);(25.0000);0.00;636 - مخزون البن المحمص;636 - مخزون البن المحمص
21 ديسمبر 2025;Payable Credit Note;MP 2877;سند صرف قهوه محموصه فرع الصحافة;Colombi roasted beans(1Kg) 6 كيس;(64.50);43.00;43.00;(64.50);(1.5000);0.00;636 - مخزون البن المحمص;636 - مخزون البن المحمص
22 ديسمبر 2025;Payable Credit Note;MP 2880;سند صرف قهوه محموصه فرع التخصصي;Colombi roasted beans(1Kg);(43.00);43.00;43.00;(43.00);(1.0000);0.00;636 - مخزون البن المحمص;636 - مخزون البن المحمص
22 ديسمبر 2025;Receivable Invoice;INV-4935;مؤسسة جذل لتقديم المشروبات;Colombi roasted beans;(2,600.00);56.71;130.00;(1,134.20);(20.0000);73.29;202 - مبيعات القهوة المحمصه;636 - مخزون البن المحمص
22 ديسمبر 2025;Receivable Invoice;INV-4929;Arto Caffee ارتوكفى;Colombi roasted beans;(3,000.00);56.71;100.00;(1,701.31);(30.0000);43.29;202 - مبيعات القهوة المحمصه;636 - مخزون البن المحمص
24 ديسمبر 2025;Payable Credit Note;MP 2883;سند صرف قهوه محموصه فرع الصحافة;Colombi roasted beans(1Kg);(215.00);43.00;43.00;(215.00);(5.0000);0.00;636 - مخزون البن المحمص;636 - مخزون البن المحمص
24 ديسمبر 2025;Payable Credit Note;MP 2885;سند صرف قهوه محموصه فرع رفا;Colombi roasted beans(1Kg);(129.00);43.00;43.00;(129.00);(3.0000);0.00;636 - مخزون البن المحمص;636 - مخزون البن المحمص
24 ديسمبر 2025;Payable Invoice;7234;تحميص وارد لمستودع البن المحمص;Colombi roasted beans(1Kg);7,375.74;47.28;0.00;7,375.74;156.0000;0.00;;636 - مخزون البن المحمص
28 ديسمبر 2025;Payable Credit Note;MP 2891;سند صرف قهوه محموصه فرع الصحافة;Colombi roasted beans(1Kg) 4كيس;(43.00);43.00;43.00;(43.00);(1.0000);0.00;636 - مخزون البن المحمص;636 - مخزون البن المحمص
28 ديسمبر 2025;Payable Credit Note;MP 2889;سند صرف قهوه محموصه فرع حطين;Colombi roasted beans(1Kg);(1,290.00);43.00;43.00;(1,290.00);(30.0000);0.00;636 - مخزون البن المحمص;636 - مخزون البن المحمص
29 ديسمبر 2025;Payable Credit Note;MP 2892;سند صرف قهوه محموصه فرع التخصصي;Colombi roasted beans(1Kg);(43.00);43.00;43.00;(43.00);(1.0000);0.00;636 - مخزون البن المحمص;636 - مخزون البن المحمص
30 ديسمبر 2025;Payable Credit Note;MP 2894;سند صرف قهوه محموصه فرع حطين;Colombi roasted beans(1Kg);(172.00);43.00;43.00;(172.00);(4.0000);0.00;636 - مخزون البن المحمص;636 - مخزون البن المحمص
31 ديسمبر 2025;Payable Credit Note;MP 2896;سند صرف قهوه محموصه فرع التخصصي;Colombi roasted beans(1Kg) 3كيس;(32.25);43.00;43.00;(32.25);(0.7500);0.00;636 - مخزون البن المحمص;636 - مخزون البن المحمص
31 ديسمبر 2025;Receivable Invoice;INV-5016;موقع سلة Salla website;Colombi roasted beans;(78.26);49.50;313.04;(12.38);(0.2500);263.54;203 - مبيعات المتجر الكترونى موقع سلة;636 - مخزون البن المحمص
31 ديسمبر 2025;Receivable Invoice;INV-5016;موقع سلة Salla website;Colombi roasted beans اظرف قهوة كولمبيا;(194.25);49.50;194.25;(49.50);(1.0000);144.75;203 - مبيعات المتجر الكترونى موقع سلة;636 - مخزون البن المحمص
31 ديسمبر 2025;Adjustment;Revaluation;;تعديل السعر;(591.76);0.00;0.00;(591.76);0.0000;0.00;;636 - مخزون البن المحمص
31 ديسمبر 2025;Adjustment;Quantity Decrease;;جرد 31/12;(1,992.38);49.50;0.00;(1,992.38);(40.2500);0.00;;636 - مخزون البن المحمص
Total RB0465- كولومبى محمص - Colombi roasted beans(1Kg);;;;;(28,416.07);;;2,822.66;41.7500;3,236.17;;
Closing Balance;;;;;0.00;0.00;0.00;7,660.13;154.7500;0.00;;
;;;;;;;;;;;;
RB0617-   قاراقاري قوتيتي محمص - Roasted coffee Yirgocheffe Garagari Gutity1K;;;;;;;;;;;;
Opening Balance;;;;;0.00;0.00;0.00;0.00;0.0000;0.00;;
05 نوفمبر 2025;Payable Invoice;7227;تحميص وارد لمستودع البن المحمص;Roasted coffee Yirgocheffe Garagari Gutity1K;422.40;40.23;0.00;422.40;10.5000;0.00;;636 - مخزون البن المحمص
21 نوفمبر 2025;Payable Invoice;7229;تحميص وارد لمستودع البن المحمص;Roasted coffee Yirgocheffe Garagari Gutity1K;7,708.80;40.79;0.00;7,708.80;189.0000;0.00;;636 - مخزون البن المحمص
21 نوفمبر 2025;Payable Credit Note;MP 2809;سند صرف قهوه محموصه فرع حطين;Roasted coffee Yirgocheffe Garagari Gutity1K;(255.00);42.50;42.50;(255.00);(6.0000);0.00;636 - مخزون البن المحمص;636 - مخزون البن المحمص
22 نوفمبر 2025;Receivable Invoice;INV-4810;مؤسسة جذل لتقديم المشروبات;Roasted coffee Yirgocheffe Garagari Gutity1K;(2,940.00);40.53;98.00;(1,215.77);(30.0000);57.47;202 - مبيعات القهوة المحمصه;636 - مخزون البن المحمص
23 نوفمبر 2025;Payable Credit Note;MP 2818;سند صرف قهوه محموصه فرع التخصصي;Roasted coffee Yirgocheffe Garagari Gutity1K;(255.00);42.50;42.50;(255.00);(6.0000);0.00;636 - مخزون البن المحمص;636 - مخزون البن المحمص
23 نوفمبر 2025;Payable Credit Note;MP 2817;سند صرف قهوه محموصه فرع الصحافة;Roasted coffee Yirgocheffe Garagari Gutity1K;(425.00);42.50;42.50;(425.00);(10.0000);0.00;636 - مخزون البن المحمص;636 - مخزون البن المحمص
24 نوفمبر 2025;Payable Credit Note;MP 2819;سند صرف قهوه محموصه فرع الصحافة;Roasted coffee Yirgocheffe Garagari Gutity1K;(637.50);42.50;42.50;(637.50);(15.0000);0.00;636 - مخزون البن المحمص;636 - مخزون البن المحمص
25 نوفمبر 2025;Payable Credit Note;MP 2821;سند صرف قهوه محموصه فرع الصحافة;Roasted coffee Yirgocheffe Garagari Gutity1K;(425.00);42.50;42.50;(425.00);(10.0000);0.00;636 - مخزون البن المحمص;636 - مخزون البن المحمص
25 نوفمبر 2025;Payable Credit Note;MP 2823;سند صرف قهوه محموصه فرع التخصصي;Roasted coffee Yirgocheffe Garagari Gutity1K;(255.00);42.50;42.50;(255.00);(6.0000);0.00;636 - مخزون البن المحمص;636 - مخزون البن المحمص
27 نوفمبر 2025;Payable Credit Note;MP 2827;سند صرف قهوه محموصه فرع حطين;Roasted coffee Yirgocheffe Garagari Gutity1K;(1,955.00);42.50;42.50;(1,955.00);(46.0000);0.00;636 - مخزون البن المحمص;636 - مخزون البن المحمص
27 نوفمبر 2025;Payable Invoice;7230;تحميص وارد لمستودع البن المحمص;Roasted coffee Yirgocheffe Garagari Gutity1K;4,716.81;41.02;0.00;4,716.81;115.0000;0.00;;636 - مخزون البن المحمص
27 نوفمبر 2025;Payable Credit Note;MP 2830;سند صرف قهوه محموصه فرع الصحافة;Roasted coffee Yirgocheffe Garagari Gutity1K;(425.00);42.50;42.50;(425.00);(10.0000);0.00;636 - مخزون البن المحمص;636 - مخزون البن المحمص
29 نوفمبر 2025;Receivable Invoice;INV-4811;Arto Caffee ارتوكفى;Roasted coffee Yirgocheffe Garagari Gutity1K;(2,450.00);40.53;98.00;(1,013.14);(25.0000);57.47;202 - مبيعات القهوة المحمصه;636 - مخزون البن المحمص
30 نوفمبر 2025;Payable Credit Note;MP 2835;سند صرف قهوه محموصه فرع الصحافة;Roasted coffee Yirgocheffe Garagari Gutity1K;(425.00);42.50;42.50;(425.00);(10.0000);0.00;636 - مخزون البن المحمص;636 - مخزون البن المحمص
30 نوفمبر 2025;Payable Credit Note;MP 2837;سند صرف قهوه محموصه فرع التخصصي;Roasted coffee Yirgocheffe Garagari Gutity1K;(212.50);42.50;42.50;(212.50);(5.0000);0.00;636 - مخزون البن المحمص;636 - مخزون البن المحمص
02 ديسمبر 2025;Payable Credit Note;MP 2843;سند صرف قهوه محموصه فرع رفا;Roasted coffee Yirgocheffe Garagari Gutity1K;(340.00);42.50;42.50;(340.00);(8.0000);0.00;636 - مخزون البن المحمص;636 - مخزون البن المحمص
02 ديسمبر 2025;Payable Credit Note;MP 2839;سند صرف قهوه محموصه فرع الصحافة;Roasted coffee Yirgocheffe Garagari Gutity1K;(425.00);42.50;42.50;(425.00);(10.0000);0.00;636 - مخزون البن المحمص;636 - مخزون البن المحمص
02 ديسمبر 2025;Payable Credit Note;MP 2842;سند صرف قهوه محموصه فرع التخصصي;Roasted coffee Yirgocheffe Garagari Gutity1K;(212.50);42.50;42.50;(212.50);(5.0000);0.00;636 - مخزون البن المحمص;636 - مخزون البن المحمص
02 ديسمبر 2025;Receivable Invoice;INV-4823;شركة قطرة المحدودة;Roasted coffee Yirgocheffe Garagari Gutity1K;(1,350.00);39.48;135.00;(394.77);(10.0000);95.52;202 - مبيعات القهوة المحمصه;636 - مخزون البن المحمص
04 ديسمبر 2025;Payable Invoice;7231;تحميص وارد لمستودع البن المحمص;Roasted coffee Yirgocheffe Garagari Gutity1K;9,011.20;40.96;0.00;9,011.20;220.0000;0.00;;636 - مخزون البن المحمص
04 ديسمبر 2025;Payable Credit Note;MP 2849;سند صرف قهوه محموصه فرع التخصصي;Roasted coffee Yirgocheffe Garagari Gutity1K;(170.00);42.50;42.50;(170.00);(4.0000);0.00;636 - مخزون البن المحمص;636 - مخزون البن المحمص
04 ديسمبر 2025;Payable Credit Note;MP 2845;سند صرف قهوه محموصه فرع الصحافة;Roasted coffee Yirgocheffe Garagari Gutity1K;(425.00);42.50;42.50;(425.00);(10.0000);0.00;636 - مخزون البن المحمص;636 - مخزون البن المحمص
06 ديسمبر 2025;Payable Credit Note;2851;سند صرف قهوه محموصه فرع حطين;Roasted coffee Yirgocheffe Garagari Gutity1K;(3,612.50);42.50;42.50;(3,612.50);(85.0000);0.00;636 - مخزون البن المحمص;636 - مخزون البن المحمص
07 ديسمبر 2025;Payable Credit Note;MP 2853;سند صرف قهوه محموصه فرع الصحافة;Roasted coffee Yirgocheffe Garagari Gutity1K;(637.50);42.50;42.50;(637.50);(15.0000);0.00;636 - مخزون البن المحمص;636 - مخزون البن المحمص
07 ديسمبر 2025;Payable Credit Note;MP 2854;سند صرف قهوه محموصه فرع التخصصي;Roasted coffee Yirgocheffe Garagari Gutity1K;(425.00);42.50;42.50;(425.00);(10.0000);0.00;636 - مخزون البن المحمص;636 - مخزون البن المحمص
09 ديسمبر 2025;Payable Credit Note;MP 2856;سند صرف قهوه محموصه فرع الصحافة;Roasted coffee Yirgocheffe Garagari Gutity1K;(425.00);42.50;42.50;(425.00);(10.0000);0.00;636 - مخزون البن المحمص;636 - مخزون البن المحمص
10 ديسمبر 2025;Payable Invoice;7232;تحميص وارد لمستودع البن المحمص;Roasted coffee Yirgocheffe Garagari Gutity1K;844.80;40.23;0.00;844.80;21.0000;0.00;;636 - مخزون البن المحمص
12 ديسمبر 2025;Payable Credit Note;MP 2859;سند صرف قهوه محموصه فرع الصحافة;Roasted coffee Yirgocheffe Garagari Gutity1K;(850.00);42.50;42.50;(850.00);(20.0000);0.00;636 - مخزون البن المحمص;636 - مخزون البن المحمص
13 ديسمبر 2025;Payable Credit Note;MP 2863;سند صرف قهوه محموصه فرع حطين;Roasted coffee Yirgocheffe Garagari Gutity1K;(3,145.00);42.50;42.50;(3,145.00);(74.0000);0.00;636 - مخزون البن المحمص;636 - مخزون البن المحمص
13 ديسمبر 2025;Payable Credit Note;MP 2864;سند صرف قهوه محموصه فرع رفا;Roasted coffee Yirgocheffe Garagari Gutity1K;(127.50);42.50;42.50;(127.50);(3.0000);0.00;636 - مخزون البن المحمص;636 - مخزون البن المحمص
14 ديسمبر 2025;Payable Credit Note;MP 2865;سند صرف قهوه محموصه فرع الصحافة;Roasted coffee Yirgocheffe Garagari Gutity1K;(425.00);42.50;42.50;(425.00);(10.0000);0.00;636 - مخزون البن المحمص;636 - مخزون البن المحمص
14 ديسمبر 2025;Payable Credit Note;MP 2865;سند صرف قهوه محموصه فرع الصحافة;Roasted coffee Yirgocheffe Garagari Gutity1K 6 كيس;(63.75);42.50;42.50;(63.75);(1.5000);0.00;636 - مخزون البن المحمص;636 - مخزون البن المحمص
15 ديسمبر 2025;Payable Credit Note;MP 2866;سند صرف قهوه محموصه فرع التخصصي;Roasted coffee Yirgocheffe Garagari Gutity1K;(255.00);42.50;42.50;(255.00);(6.0000);0.00;636 - مخزون البن المحمص;636 - مخزون البن المحمص
15 ديسمبر 2025;Payable Credit Note;MP 2866;سند صرف قهوه محموصه فرع التخصصي;Roasted coffee Yirgocheffe Garagari Gutity1K 4 كيس;(42.50);42.50;42.50;(42.50);(1.0000);0.00;636 - مخزون البن المحمص;636 - مخزون البن المحمص
16 ديسمبر 2025;Payable Credit Note;MP 2869;سند صرف قهوه محموصه فرع واو;Roasted coffee Yirgocheffe Garagari Gutity1K;(85.00);42.50;42.50;(85.00);(2.0000);0.00;636 - مخزون البن المحمص;636 - مخزون البن المحمص
16 ديسمبر 2025;Payable Credit Note;MP 2868;سند صرف قهوه محموصه فرع الصحافة;Roasted coffee Yirgocheffe Garagari Gutity1K;(425.00);42.50;42.50;(425.00);(10.0000);0.00;636 - مخزون البن المحمص;636 - مخزون البن المحمص
18 ديسمبر 2025;Payable Invoice;7233;تحميص وارد لمستودع البن المحمص;Roasted coffee Yirgocheffe Garagari Gutity1K;14,608.01;40.92;0.00;14,608.01;357.0000;0.00;;636 - مخزون البن المحمص
18 ديسمبر 2025;Payable Credit Note;MP 2871;سند صرف قهوه محموصه فرع التخصصي;Roasted coffee Yirgocheffe Garagari Gutity1K;(425.00);42.50;42.50;(425.00);(10.0000);0.00;636 - مخزون البن المحمص;636 - مخزون البن المحمص
20 ديسمبر 2025;Payable Credit Note;MP 2875;سند صرف قهوه محموصه فرع حطين;Roasted coffee Yirgocheffe Garagari Gutity1K;(3,187.50);42.50;42.50;(3,187.50);(75.0000);0.00;636 - مخزون البن المحمص;636 - مخزون البن المحمص
20 ديسمبر 2025;Payable Credit Note;MP 2875;سند صرف قهوه محموصه فرع حطين;Roasted coffee Yirgocheffe Garagari Gutity1K 12 كيس;(127.50);42.50;42.50;(127.50);(3.0000);0.00;636 - مخزون البن المحمص;636 - مخزون البن المحمص
21 ديسمبر 2025;Payable Credit Note;MP 2873;سند صرف قهوه محموصه فرع الصحافة;Roasted coffee Yirgocheffe Garagari Gutity1K;(850.00);42.50;42.50;(850.00);(20.0000);0.00;636 - مخزون البن المحمص;636 - مخزون البن المحمص
22 ديسمبر 2025;Payable Credit Note;MP 2880;سند صرف قهوه محموصه فرع التخصصي;Roasted coffee Yirgocheffe Garagari Gutity1K;(170.00);42.50;42.50;(170.00);(4.0000);0.00;636 - مخزون البن المحمص;636 - مخزون البن المحمص
22 ديسمبر 2025;Receivable Invoice;INV-4935;مؤسسة جذل لتقديم المشروبات;Roasted coffee Yirgocheffe Garagari Gutity1K;(4,900.00);38.48;98.00;(1,924.03);(50.0000);59.52;202 - مبيعات القهوة المحمصه;636 - مخزون البن المحمص
22 ديسمبر 2025;Receivable Invoice;INV-4929;Arto Caffee ارتوكفى;Roasted coffee Yirgocheffe Garagari Gutity1K;(2,940.00);38.48;98.00;(1,154.42);(30.0000);59.52;202 - مبيعات القهوة المحمصه;636 - مخزون البن المحمص
24 ديسمبر 2025;Payable Credit Note;MP 2883;سند صرف قهوه محموصه فرع الصحافة;Roasted coffee Yirgocheffe Garagari Gutity1K;(637.50);42.50;42.50;(637.50);(15.0000);0.00;636 - مخزون البن المحمص;636 - مخزون البن المحمص
24 ديسمبر 2025;Payable Credit Note;MP 2884;سند صرف قهوه محموصه فرع التخصصي;Roasted coffee Yirgocheffe Garagari Gutity1K;(340.00);42.50;42.50;(340.00);(8.0000);0.00;636 - مخزون البن المحمص;636 - مخزون البن المحمص
24 ديسمبر 2025;Payable Credit Note;MP 2881;سند صرف قهوه محموصه فرع الصحافة;Roasted coffee Yirgocheffe Garagari Gutity1K 4 كيس;(42.50);42.50;42.50;(42.50);(1.0000);0.00;636 - مخزون البن المحمص;636 - مخزون البن المحمص
24 ديسمبر 2025;Payable Invoice;7234;تحميص وارد لمستودع البن المحمص;Roasted coffee Yirgocheffe Garagari Gutity1K;8,588.79;40.90;0.00;8,588.79;210.0000;0.00;;636 - مخزون البن المحمص
27 ديسمبر 2025;Payable Credit Note;MP 2887;سند صرف قهوه محموصه فرع الصحافة;Roasted coffee Yirgocheffe Garagari Gutity1K;(425.00);42.50;42.50;(425.00);(10.0000);0.00;636 - مخزون البن المحمص;636 - مخزون البن المحمص
27 ديسمبر 2025;Payable Credit Note;MP 2888;سند صرف قهوه محموصه فرع التخصصي;Roasted coffee Yirgocheffe Garagari Gutity1K;(552.50);42.50;42.50;(552.50);(13.0000);0.00;636 - مخزون البن المحمص;636 - مخزون البن المحمص
27 ديسمبر 2025;Payable Credit Note;MP 2886;سند صرف قهوه محموصه فرع واو;Roasted coffee Yirgocheffe Garagari Gutity1K;(170.00);42.50;42.50;(170.00);(4.0000);0.00;636 - مخزون البن المحمص;636 - مخزون البن المحمص
28 ديسمبر 2025;Payable Credit Note;MP 2889;سند صرف قهوه محموصه فرع حطين;Roasted coffee Yirgocheffe Garagari Gutity1K;(3,527.50);42.50;42.50;(3,527.50);(83.0000);0.00;636 - مخزون البن المحمص;636 - مخزون البن المحمص
29 ديسمبر 2025;Payable Credit Note;MP 2892;سند صرف قهوه محموصه فرع التخصصي;Roasted coffee Yirgocheffe Garagari Gutity1K;(425.00);42.50;42.50;(425.00);(10.0000);0.00;636 - مخزون البن المحمص;636 - مخزون البن المحمص
29 ديسمبر 2025;Payable Credit Note;MP 2893;سند صرف قهوه محموصه فرع الصحافة;Roasted coffee Yirgocheffe Garagari Gutity1K;(637.50);42.50;42.50;(637.50);(15.0000);0.00;636 - مخزون البن المحمص;636 - مخزون البن المحمص
30 ديسمبر 2025;Payable Credit Note;MP 2894;سند صرف قهوه محموصه فرع حطين;Roasted coffee Yirgocheffe Garagari Gutity1K;(850.00);42.50;42.50;(850.00);(20.0000);0.00;636 - مخزون البن المحمص;636 - مخزون البن المحمص
30 ديسمبر 2025;Payable Credit Note;MP 2895;سند صرف قهوه محموصه فرع رفا;Roasted coffee Yirgocheffe Garagari Gutity1K;(170.00);42.50;42.50;(170.00);(4.0000);0.00;636 - مخزون البن المحمص;636 - مخزون البن المحمص
31 ديسمبر 2025;Payable Credit Note;MP 2896;سند صرف قهوه محموصه فرع التخصصي;Roasted coffee Yirgocheffe Garagari Gutity1K;(340.00);42.50;42.50;(340.00);(8.0000);0.00;636 - مخزون البن المحمص;636 - مخزون البن المحمص
31 ديسمبر 2025;Payable Credit Note;MP 2896;سند صرف قهوه محموصه فرع التخصصي;Roasted coffee Yirgocheffe Garagari Gutity1K 3 كيس;(31.88);42.51;42.51;(31.88);(0.7500);0.00;636 - مخزون البن المحمص;636 - مخزون البن المحمص
31 ديسمبر 2025;Adjustment;Revaluation;;اعادة تسعير;1,345.08;0.00;0.00;1,345.08;0.0000;0.00;;636 - مخزون البن المحمص
31 ديسمبر 2025;Adjustment;Quantity Decrease;;جرد 31/12;(1,498.13);42.50;0.00;(1,498.13);(35.2500);0.00;;636 - مخزون البن المحمص
Total RB0617-   قاراقاري قوتيتي محمص - Roasted coffee Yirgocheffe Garagari Gutity1K;;;;;897.13;;;9,775.00;230.0000;329.51;;
Closing Balance;;;;;0.00;0.00;0.00;9,775.00;230.0000;0.00;;
;;;;;;;;;;;;
RB0619-  اريكا ووبنشي محمص - Roasted coffee Yirgocheffe Aricha Wubanchi 1K;;;;;;;;;;;;
Opening Balance;;;;;0.00;0.00;0.00;0.00;0.0000;0.00;;
05 نوفمبر 2025;Payable Invoice;7227;تحميص وارد لمستودع البن المحمص;Roasted coffee Yirgocheffe Aricha Wubanchi 1K;422.40;40.23;0.00;422.40;10.5000;0.00;;636 - مخزون البن المحمص
10 ديسمبر 2025;Payable Invoice;7232;تحميص وارد لمستودع البن المحمص;Roasted coffee Yirgocheffe Aricha Wubanchi 1K;844.80;40.23;0.00;844.80;21.0000;0.00;;636 - مخزون البن المحمص
18 ديسمبر 2025;Payable Invoice;7233;تحميص وارد لمستودع البن المحمص;Roasted coffee Yirgocheffe Aricha Wubanchi 1K;8,588.79;40.90;0.00;8,588.79;210.0000;0.00;;636 - مخزون البن المحمص
20 ديسمبر 2025;Payable Credit Note;MP 2875;سند صرف قهوه محموصه فرع حطين;Roasted coffee Yirgocheffe Aricha Wubanchi 1K;(680.00);42.50;42.50;(680.00);(16.0000);0.00;636 - مخزون البن المحمص;636 - مخزون البن المحمص
21 ديسمبر 2025;Payable Credit Note;MP 2877;سند صرف قهوه محموصه فرع الصحافة;Roasted coffee Yirgocheffe Aricha Wubanchi 1K;(637.50);42.50;42.50;(637.50);(15.0000);0.00;636 - مخزون البن المحمص;636 - مخزون البن المحمص
24 ديسمبر 2025;Payable Credit Note;MP 2883;سند صرف قهوه محموصه فرع الصحافة;Roasted coffee Yirgocheffe Aricha Wubanchi 1K;(765.00);42.50;42.50;(765.00);(18.0000);0.00;636 - مخزون البن المحمص;636 - مخزون البن المحمص
24 ديسمبر 2025;Payable Credit Note;MP 2884;سند صرف قهوه محموصه فرع التخصصي;Roasted coffee Yirgocheffe Aricha Wubanchi 1K;(212.50);42.50;42.50;(212.50);(5.0000);0.00;636 - مخزون البن المحمص;636 - مخزون البن المحمص
24 ديسمبر 2025;Payable Credit Note;MP 2885;سند صرف قهوه محموصه فرع رفا;Roasted coffee Yirgocheffe Aricha Wubanchi 1K;(170.00);42.50;42.50;(170.00);(4.0000);0.00;636 - مخزون البن المحمص;636 - مخزون البن المحمص
24 ديسمبر 2025;Payable Invoice;7234;تحميص وارد لمستودع البن المحمص;Roasted coffee Yirgocheffe Aricha Wubanchi 1K;4,716.81;41.02;0.00;4,716.81;115.0000;0.00;;636 - مخزون البن المحمص
27 ديسمبر 2025;Payable Credit Note;MP 2887;سند صرف قهوه محموصه فرع الصحافة;Roasted coffee Yirgocheffe Aricha Wubanchi 1K;(425.00);42.50;42.50;(425.00);(10.0000);0.00;636 - مخزون البن المحمص;636 - مخزون البن المحمص
27 ديسمبر 2025;Payable Credit Note;MP 2888;سند صرف قهوه محموصه فرع التخصصي;Roasted coffee Yirgocheffe Aricha Wubanchi 1K;(170.00);42.50;42.50;(170.00);(4.0000);0.00;636 - مخزون البن المحمص;636 - مخزون البن المحمص
27 ديسمبر 2025;Payable Credit Note;MP 2886;سند صرف قهوه محموصه فرع واو;Roasted coffee Yirgocheffe Aricha Wubanchi 1K;(170.00);42.50;42.50;(170.00);(4.0000);0.00;636 - مخزون البن المحمص;636 - مخزون البن المحمص
28 ديسمبر 2025;Payable Credit Note;MP 2889;سند صرف قهوه محموصه فرع حطين;Roasted coffee Yirgocheffe Aricha Wubanchi 1K;(1,487.50);42.50;42.50;(1,487.50);(35.0000);0.00;636 - مخزون البن المحمص;636 - مخزون البن المحمص
29 ديسمبر 2025;Payable Credit Note;MP 2892;سند صرف قهوه محموصه فرع التخصصي;Roasted coffee Yirgocheffe Aricha Wubanchi 1K;(212.50);42.50;42.50;(212.50);(5.0000);0.00;636 - مخزون البن المحمص;636 - مخزون البن المحمص
29 ديسمبر 2025;Payable Credit Note;MP 2893;سند صرف قهوه محموصه فرع الصحافة;Roasted coffee Yirgocheffe Aricha Wubanchi 1K;(850.00);42.50;42.50;(850.00);(20.0000);0.00;636 - مخزون البن المحمص;636 - مخزون البن المحمص
30 ديسمبر 2025;Payable Credit Note;MP 2894;سند صرف قهوه محموصه فرع حطين;Roasted coffee Yirgocheffe Aricha Wubanchi 1K;(382.50);42.50;42.50;(382.50);(9.0000);0.00;636 - مخزون البن المحمص;636 - مخزون البن المحمص
30 ديسمبر 2025;Payable Credit Note;MP 2895;سند صرف قهوه محموصه فرع رفا;Roasted coffee Yirgocheffe Aricha Wubanchi 1K;(170.00);42.50;42.50;(170.00);(4.0000);0.00;636 - مخزون البن المحمص;636 - مخزون البن المحمص
31 ديسمبر 2025;Adjustment;Quantity Decrease;;جرد 31/12;(1,423.75);42.50;0.00;(1,423.75);(33.5000);0.00;;636 - مخزون البن المحمص
31 ديسمبر 2025;Adjustment;Revaluation;;تعديل;578.45;0.00;0.00;578.45;0.0000;0.00;;636 - مخزون البن المحمص
Total RB0619-  اريكا ووبنشي محمص - Roasted coffee Yirgocheffe Aricha Wubanchi 1K;;;;;7,395.00;;;7,395.00;174.0000;0.00;;
Closing Balance;;;;;0.00;0.00;0.00;7,395.00;174.0000;0.00;;
;;;;;;;;;;;;
RB0620- قوجي ووبنشي محمص - Roasted coffee Yirgocheffe Guji Wubanchi 1K;;;;;;;;;;;;
Opening Balance;;;;;0.00;0.00;0.00;0.00;0.0000;0.00;;
05 نوفمبر 2025;Payable Invoice;7227;تحميص وارد لمستودع البن المحمص;Roasted coffee Yirgocheffe Guji Wubanchi 1K;376.80;57.97;0.00;376.80;6.5000;0.00;;636 - مخزون البن المحمص
04 ديسمبر 2025;Payable Invoice;7231;تحميص وارد لمستودع البن المحمص;Roasted coffee Yirgocheffe Guji Wubanchi 1K;2,260.80;57.97;0.00;2,260.80;39.0000;0.00;;636 - مخزون البن المحمص
06 ديسمبر 2025;Payable Credit Note;MP 2852;سند صرف قهوه محموصه فرع رفا;Roasted coffee Yirgocheffe Guji Wubanchi 1K;(302.50);60.50;60.50;(302.50);(5.0000);0.00;636 - مخزون البن المحمص;636 - مخزون البن المحمص
06 ديسمبر 2025;Payable Credit Note;2851;سند صرف قهوه محموصه فرع حطين;Roasted coffee Yirgocheffe Guji Wubanchi 1K;(605.00);60.50;60.50;(605.00);(10.0000);0.00;636 - مخزون البن المحمص;636 - مخزون البن المحمص
13 ديسمبر 2025;Payable Credit Note;MP 2863;سند صرف قهوه محموصه فرع حطين;Roasted coffee Yirgocheffe Guji Wubanchi 1K;(907.50);60.50;60.50;(907.50);(15.0000);0.00;636 - مخزون البن المحمص;636 - مخزون البن المحمص
18 ديسمبر 2025;Payable Invoice;7233;تحميص وارد لمستودع البن المحمص;Roasted coffee Yirgocheffe Guji Wubanchi 1K;1,909.12;59.66;0.00;1,909.12;32.0000;0.00;;636 - مخزون البن المحمص
20 ديسمبر 2025;Payable Credit Note;MP 2875;سند صرف قهوه محموصه فرع حطين;Roasted coffee Yirgocheffe Guji Wubanchi 1K;(907.50);60.50;60.50;(907.50);(15.0000);0.00;636 - مخزون البن المحمص;636 - مخزون البن المحمص
28 ديسمبر 2025;Payable Credit Note;MP 2889;سند صرف قهوه محموصه فرع حطين;Roasted coffee Yirgocheffe Guji Wubanchi 1K;(907.50);60.50;60.50;(907.50);(15.0000);0.00;636 - مخزون البن المحمص;636 - مخزون البن المحمص
30 ديسمبر 2025;Payable Credit Note;MP 2894;سند صرف قهوه محموصه فرع حطين;Roasted coffee Yirgocheffe Guji Wubanchi 1K;(242.00);60.50;60.50;(242.00);(4.0000);0.00;636 - مخزون البن المحمص;636 - مخزون البن المحمص
31 ديسمبر 2025;Adjustment;Revaluation;;تعديل السعر;142.03;0.00;0.00;142.03;0.0000;0.00;;636 - مخزون البن المحمص
31 ديسمبر 2025;Adjustment;Quantity Increase;;جرد 31/12;423.50;60.50;0.00;423.50;7.0000;0.00;;636 - مخزون البن المحمص
Total RB0620- قوجي ووبنشي محمص - Roasted coffee Yirgocheffe Guji Wubanchi 1K;;;;;1,240.25;;;1,240.25;20.5000;0.00;;
Closing Balance;;;;;0.00;0.00;0.00;1,240.25;20.5000;0.00;;
;;;;;;;;;;;;
RB12025- مكسيكى مجففة محمص - Mexico Arabica Natural coffee roasted(1kg);;;;;;;;;;;;
Opening Balance;;;;;0.00;0.00;0.00;22.93;0.5000;0.00;;
30 مارس 2025;Adjustment;Quantity Decrease;;جرد 29/3;(22.93);45.85;0.00;(22.93);(0.5000);0.00;;636 - مخزون البن المحمص
05 نوفمبر 2025;Payable Invoice;7227;تحميص وارد لمستودع البن المحمص;Mexico Arabica Natural coffee roasted(1kg);339.68;52.26;0.00;339.68;6.5000;0.00;;636 - مخزون البن المحمص
10 ديسمبر 2025;Payable Invoice;7232;تحميص وارد لمستودع البن المحمص;Mexico Arabica Natural coffee roasted(1kg);679.35;52.26;0.00;679.35;13.0000;0.00;;636 - مخزون البن المحمص
31 ديسمبر 2025;Adjustment;Revaluation;;تعديل سعر;13.45;0.00;0.00;13.45;0.0000;0.00;;636 - مخزون البن المحمص
31 ديسمبر 2025;Adjustment;Quantity Decrease;;جرد 31/12;(705.48);52.26;0.00;(705.48);(13.5000);0.00;;636 - مخزون البن المحمص
Total RB12025- مكسيكى مجففة محمص - Mexico Arabica Natural coffee roasted(1kg);;;;;304.08;;;304.08;5.5000;0.00;;
Closing Balance;;;;;0.00;0.00;0.00;327.00;6.0000;0.00;;
;;;;;;;;;;;;
RB1352- برازيلى محمص - Brazil coffee roasted(1Kg);;;;;;;;;;;;
Opening Balance;;;;;0.00;0.00;0.00;426.44;16.0000;0.00;;
20 يناير 2025;Payable Credit Note;MP 2312;سند صرف قهوه محموصه فرع رفا;Brazil coffee roasted(1Kg);(144.00);28.80;28.80;(144.00);(5.0000);0.00;636 - مخزون البن المحمص;636 - مخزون البن المحمص
30 مارس 2025;Adjustment;Quantity Decrease;;جرد 30/3;(77.03);25.68;0.00;(77.03);(3.0000);0.00;;636 - مخزون البن المحمص
03 مايو 2025;Payable Credit Note;MP 2456;عينات القهوة المحمصة;Brazil coffee roasted(1Kg) قهوة سعودية;(192.60);25.68;25.68;(192.60);(7.5000);0.00;636 - مخزون البن المحمص;636 - مخزون البن المحمص
26 يونيو 2025;Adjustment;Quantity Decrease;;جرد 25/6;(12.81);25.63;0.00;(12.81);(0.5000);0.00;;636 - مخزون البن المحمص
Total RB1352- برازيلى محمص - Brazil coffee roasted(1Kg);;;;;(426.44);;;(426.44);(16.0000);0.00;;
Closing Balance;;;;;0.00;0.00;0.00;0.00;0.0000;0.00;;
;;;;;;;;;;;;
RB1703- كوستريكا محمص - Costa Rica coffee roasted(1Kg);;;;;;;;;;;;
Opening Balance;;;;;0.00;0.00;0.00;1,526.40;36.0000;0.00;;
01 يناير 2025;Payable Credit Note;MP 2285;سند صرف قهوه محموصه فرع الصحافة;Costa Rica coffee roasted(1Kg);(127.20);42.40;42.40;(127.20);(3.0000);0.00;636 - مخزون البن المحمص;636 - مخزون البن المحمص
01 يناير 2025;Payable Credit Note;MP 2286;سند صرف قهوه محموصه فرع الصحافة;Costa Rica coffee roasted(1Kg) 4 كيس;(42.40);42.40;42.40;(42.40);(1.0000);0.00;636 - مخزون البن المحمص;636 - مخزون البن المحمص
02 يناير 2025;Payable Credit Note;MP 2290;سند صرف قهوه محموصه فرع حطين;Costa Rica coffee roasted(1Kg) 6 كيس;(63.60);42.40;42.40;(63.60);(1.5000);0.00;636 - مخزون البن المحمص;636 - مخزون البن المحمص
06 يناير 2025;Payable Credit Note;MP 2295;سند صرف قهوه محموصه فرع التخصصي;Costa Rica coffee roasted(1Kg);(84.80);42.40;42.40;(84.80);(2.0000);0.00;636 - مخزون البن المحمص;636 - مخزون البن المحمص
06 يناير 2025;Payable Credit Note;MP 2295;سند صرف قهوه محموصه فرع التخصصي;Costa Rica coffee roasted(1Kg) 6 كيس;(63.60);42.40;42.40;(63.60);(1.5000);0.00;636 - مخزون البن المحمص;636 - مخزون البن المحمص
15 يناير 2025;Payable Invoice;7200;تحميص وارد لمستودع البن المحمص;Costa Rica coffee roasted(1Kg);1,377.88;43.06;0.00;1,377.88;32.0000;0.00;;636 - مخزون البن المحمص
18 يناير 2025;Payable Credit Note;MP 2308;سند صرف قهوه محموصه فرع التخصصي;Costa Rica coffee roasted(1Kg);(84.80);42.40;42.40;(84.80);(2.0000);0.00;636 - مخزون البن المحمص;636 - مخزون البن المحمص
23 يناير 2025;Payable Credit Note;MP 2316;سند صرف قهوه محموصه فرع حطين;Costa Rica coffee roasted(1Kg);(127.20);42.40;42.40;(127.20);(3.0000);0.00;636 - مخزون البن المحمص;636 - مخزون البن المحمص
23 يناير 2025;Payable Credit Note;MP 2314;سند صرف قهوه محموصه فرع الصحافة;Costa Rica coffee roasted(1Kg) 2 كيس;(21.20);42.40;42.40;(21.20);(0.5000);0.00;636 - مخزون البن المحمص;636 - مخزون البن المحمص
25 يناير 2025;Payable Credit Note;MP 2321;سند صرف قهوه محموصه فرع التخصصي;Costa Rica coffee roasted(1Kg) 4 كيس;(42.40);42.40;42.40;(42.40);(1.0000);0.00;636 - مخزون البن المحمص;636 - مخزون البن المحمص
26 يناير 2025;Payable Credit Note;MP 2324;سند صرف قهوه محموصه فرع واو;Costa Rica coffee roasted(1Kg) 1 كيس;(10.60);42.40;42.40;(10.60);(0.2500);0.00;636 - مخزون البن المحمص;636 - مخزون البن المحمص
28 يناير 2025;Receivable Invoice;INV-3097;Arto Caffee ارتوكفى;Costa Rica coffee roasted;(1,000.00);42.80;100.00;(428.03);(10.0000);57.20;202 - مبيعات القهوة المحمصه;636 - مخزون البن المحمص
29 يناير 2025;Payable Credit Note;MP 2329;سند صرف قهوه محموصه فرع حطين;Costa Rica coffee roasted(1Kg);(63.60);42.40;42.40;(63.60);(1.5000);0.00;636 - مخزون البن المحمص;636 - مخزون البن المحمص
29 يناير 2025;Payable Credit Note;MP 2330;سند صرف قهوه محموصه فرع واو;Costa Rica coffee roasted(1Kg);(84.80);42.40;42.40;(84.80);(2.0000);0.00;636 - مخزون البن المحمص;636 - مخزون البن المحمص
31 يناير 2025;Receivable Invoice;INV-3179;موقع سلة Salla website;Costa Rica coffee roasted;(260.55);43.04;260.55;(43.04);(1.0000);217.51;203 - مبيعات المتجر الكترونى موقع سلة;636 - مخزون البن المحمص
01 فبراير 2025;Payable Credit Note;MP 2333;سند صرف قهوه محموصه فرع رفا;Costa Rica coffee roasted(1Kg);(508.80);42.40;42.40;(508.80);(12.0000);0.00;636 - مخزون البن المحمص;636 - مخزون البن المحمص
03 فبراير 2025;Receivable Invoice;INV-3136;مؤسسة جذل لتقديم المشروبات;Costa Rica coffee roasted;(1,600.00);43.04;80.00;(860.74);(20.0000);36.96;202 - مبيعات القهوة المحمصه;636 - مخزون البن المحمص
12 فبراير 2025;Payable Invoice;7203;تحميص وارد لمستودع البن المحمص;Costa Rica coffee roasted(1Kg);1,377.88;43.06;0.00;1,377.88;32.0000;0.00;;636 - مخزون البن المحمص
15 فبراير 2025;Payable Credit Note;MP 2356;سند صرف قهوه محموصه فرع واو;Costa Rica coffee roasted(1Kg);(84.80);42.40;42.40;(84.80);(2.0000);0.00;636 - مخزون البن المحمص;636 - مخزون البن المحمص
15 فبراير 2025;Payable Credit Note;MP 2356;سند صرف قهوه محموصه فرع واو;Costa Rica coffee roasted(1Kg) 4 كيس;(42.40);42.40;42.40;(42.40);(1.0000);0.00;636 - مخزون البن المحمص;636 - مخزون البن المحمص
19 فبراير 2025;Payable Credit Note;MP 2358;سند صرف قهوه محموصه فرع رفا;Costa Rica coffee roasted(1Kg);(636.00);42.40;42.40;(636.00);(15.0000);0.00;636 - مخزون البن المحمص;636 - مخزون البن المحمص
23 فبراير 2025;Payable Credit Note;MP 2369;سند صرف قهوه محموصه فرع التخصصي;Costa Rica coffee roasted(1Kg) 4 كيس;(42.40);42.40;42.40;(42.40);(1.0000);0.00;636 - مخزون البن المحمص;636 - مخزون البن المحمص
23 فبراير 2025;Payable Credit Note;MP 2368;سند صرف قهوه محموصه فرع حطين;Costa Rica coffee roasted(1Kg) 20 كيس;(212.00);42.40;42.40;(212.00);(5.0000);0.00;636 - مخزون البن المحمص;636 - مخزون البن المحمص
26 فبراير 2025;Payable Invoice;7205;تحميص وارد لمستودع البن المحمص;Costa Rica coffee roasted(1Kg);543.90;41.84;0.00;543.90;13.0000;0.00;;636 - مخزون البن المحمص
26 فبراير 2025;Payable Credit Note;MP 2375;سند صرف قهوه محموصه فرع التخصصي;Costa Rica coffee roasted(1Kg);(84.80);42.40;42.40;(84.80);(2.0000);0.00;636 - مخزون البن المحمص;636 - مخزون البن المحمص
28 فبراير 2025;Receivable Invoice;INV-3412;موقع سلة Salla website;Costa Rica coffee roasted( 25-100Kg price 100 /(100-500Kg price 80 Sr);(333.00);42.58;148.00;(95.80);(2.2500);105.42;203 - مبيعات المتجر الكترونى موقع سلة;636 - مخزون البن المحمص
28 فبراير 2025;Receivable Invoice;INV-3412;موقع سلة Salla website;Costa Rica coffee roasted;(417.00);42.58;139.00;(127.73);(3.0000);96.42;203 - مبيعات المتجر الكترونى موقع سلة;636 - مخزون البن المحمص
02 مارس 2025;Receivable Invoice;INV-3291;Arto Caffee ارتوكفى;Costa Rica coffee roasted;(2,500.00);42.50;100.00;(1,062.49);(25.0000);57.50;202 - مبيعات القهوة المحمصه;636 - مخزون البن المحمص
06 مارس 2025;Payable Credit Note;MP 2385;سند صرف قهوه محموصه فرع واو;Costa Rica coffee roasted(1Kg);(84.80);42.40;42.40;(84.80);(2.0000);0.00;636 - مخزون البن المحمص;636 - مخزون البن المحمص
11 مارس 2025;Payable Credit Note;MP 2389;سند صرف قهوه محموصه فرع واو;Costa Rica coffee roasted(1Kg);(84.80);42.40;42.40;(84.80);(2.0000);0.00;636 - مخزون البن المحمص;636 - مخزون البن المحمص
11 مارس 2025;Receivable Invoice;INV-3342;مؤسسة جذل لتقديم المشروبات;Costa Rica coffee roasted;(1,040.00);43.17;80.00;(561.17);(13.0000);36.83;202 - مبيعات القهوة المحمصه;636 - مخزون البن المحمص
13 مارس 2025;Payable Invoice;7207;تحميص وارد لمستودع البن المحمص;Costa Rica coffee roasted(1Kg);2,755.76;42.40;0.00;2,755.76;65.0000;0.00;;636 - مخزون البن المحمص
18 مارس 2025;Payable Credit Note;MP 2398;سند صرف قهوه محموصه فرع رفا;Costa Rica coffee roasted(1Kg);(424.00);42.40;42.40;(424.00);(10.0000);0.00;636 - مخزون البن المحمص;636 - مخزون البن المحمص
27 مارس 2025;Receivable Invoice;INV-3429;مؤسسة جذل لتقديم المشروبات;Costa Rica coffee roasted;(1,600.00);42.53;80.00;(850.52);(20.0000);37.47;202 - مبيعات القهوة المحمصه;636 - مخزون البن المحمص
31 مارس 2025;Payable Credit Note;MP 2413;سند صرف قهوه محموصه فرع رفا;Costa Rica coffee roasted(1Kg);(212.00);42.40;42.40;(212.00);(5.0000);0.00;636 - مخزون البن المحمص;636 - مخزون البن المحمص
31 مارس 2025;Payable Credit Note;MP 2416;سند صرف قهوه محموصه فرع واو;Costa Rica coffee roasted(1Kg);(84.80);42.40;42.40;(84.80);(2.0000);0.00;636 - مخزون البن المحمص;636 - مخزون البن المحمص
31 مارس 2025;Adjustment;Quantity Increase;;جرد 30/3;318.98;42.53;0.00;318.98;7.5000;0.00;;636 - مخزون البن المحمص
09 أبريل 2025;Receivable Invoice;INV-3499;شركة زاوية التوزيع للتجارة;Costa Rica coffee roasted( 25-100Kg price 100 /(100-500Kg price 80 Sr);(975.00);42.58;130.00;(319.32);(7.5000);87.42;202 - مبيعات القهوة المحمصه;636 - مخزون البن المحمص
13 أبريل 2025;Payable Credit Note;MP 2431;سند صرف قهوه محموصه فرع واو;Costa Rica coffee roasted(1Kg);(42.40);42.40;42.40;(42.40);(1.0000);0.00;636 - مخزون البن المحمص;636 - مخزون البن المحمص
15 أبريل 2025;Receivable Invoice;INV-3534;شركة زاوية التوزيع للتجارة;Costa Rica coffee roasted 1 kg;(1,300.00);45.14;130.00;(451.36);(10.0000);84.86;202 - مبيعات القهوة المحمصه;636 - مخزون البن المحمص
17 أبريل 2025;Payable Invoice;7211;تحميص وارد لمستودع البن المحمص;Costa Rica coffee roasted(1Kg);2,719.50;45.33;0.00;2,719.50;60.0000;0.00;;636 - مخزون البن المحمص
20 أبريل 2025;Payable Credit Note;MP 2442;سند صرف قهوه محموصه فرع رفا;Costa Rica coffee roasted(1Kg) 8 كيس;(84.80);42.40;42.40;(84.80);(2.0000);0.00;636 - مخزون البن المحمص;636 - مخزون البن المحمص
25 أبريل 2025;Payable Credit Note;MP 2449;سند صرف قهوه محموصه فرع التخصصي;Costa Rica coffee roasted(1Kg);(84.80);42.40;42.40;(84.80);(2.0000);0.00;636 - مخزون البن المحمص;636 - مخزون البن المحمص
25 أبريل 2025;Payable Credit Note;MP 2447;سند صرف قهوه محموصه فرع الصحافة;Costa Rica coffee roasted(1Kg) 4 كيس;(42.40);42.40;42.40;(42.40);(1.0000);0.00;636 - مخزون البن المحمص;636 - مخزون البن المحمص
27 أبريل 2025;Payable Credit Note;MP 2452;سند صرف قهوه محموصه فرع واو;Costa Rica coffee roasted(1Kg) 2 كيس;(21.20);42.40;42.40;(21.20);(0.5000);0.00;636 - مخزون البن المحمص;636 - مخزون البن المحمص
27 أبريل 2025;Payable Credit Note;MP 2451;سند صرف قهوه محموصه فرع التخصصي;Costa Rica coffee roasted(1Kg) 4 كيس;(42.40);42.40;42.40;(42.40);(1.0000);0.00;636 - مخزون البن المحمص;636 - مخزون البن المحمص
29 أبريل 2025;Receivable Invoice;INV-3623;شركة زاوية التوزيع للتجارة;Costa Rica coffee roasted;(650.00);45.51;130.00;(227.53);(5.0000);84.49;202 - مبيعات القهوة المحمصه;636 - مخزون البن المحمص
07 مايو 2025;Payable Credit Note;MP 2462;سند صرف قهوه محموصه فرع التخصصي;Costa Rica coffee roasted(1Kg);(84.80);42.40;42.40;(84.80);(2.0000);0.00;636 - مخزون البن المحمص;636 - مخزون البن المحمص
11 مايو 2025;Payable Credit Note;MP 2469;سند صرف قهوه محموصه فرع التخصصي;Costa Rica coffee roasted(1Kg);(84.80);42.40;42.40;(84.80);(2.0000);0.00;636 - مخزون البن المحمص;636 - مخزون البن المحمص
14 مايو 2025;Receivable Invoice;INV-3723;شركة زاوية التوزيع للتجارة;Costa Rica coffee roasted;(780.00);45.83;130.00;(274.95);(6.0000);84.17;202 - مبيعات القهوة المحمصه;636 - مخزون البن المحمص
20 مايو 2025;Receivable Invoice;INV-3737;مؤسسة جذل لتقديم المشروبات;Costa Rica coffee roasted;(1,600.00);45.83;80.00;(916.50);(20.0000);34.17;202 - مبيعات القهوة المحمصه;636 - مخزون البن المحمص
29 مايو 2025;Payable Credit Note;MP 2504;سند صرف قهوه محموصه فرع رفا;Costa Rica coffee roasted(1Kg) 4 كيس;(42.40);42.40;42.40;(42.40);(1.0000);0.00;636 - مخزون البن المحمص;636 - مخزون البن المحمص
02 يونيو 2025;Payable Credit Note;MP 2510;سند صرف قهوه محموصه فرع التخصصي;Costa Rica coffee roasted(1Kg);(84.80);42.40;42.40;(84.80);(2.0000);0.00;636 - مخزون البن المحمص;636 - مخزون البن المحمص
24 يونيو 2025;Payable Credit Note;MP 2544.;سند صرف قهوه محموصه فرع حطين;Costa Rica coffee roasted(1Kg) 16كيس;(169.60);42.40;42.40;(169.60);(4.0000);0.00;636 - مخزون البن المحمص;636 - مخزون البن المحمص
25 يونيو 2025;Payable Credit Note;MP 2550;سند صرف قهوه محموصه فرع حطين;Costa Rica coffee roasted(1Kg);(212.00);42.40;42.40;(212.00);(5.0000);0.00;636 - مخزون البن المحمص;636 - مخزون البن المحمص
26 يونيو 2025;Adjustment;Quantity Decrease;;جرد 25/6;(86.93);86.93;0.00;(86.93);(1.0000);0.00;;636 - مخزون البن المحمص
Total RB1703- كوستريكا محمص - Costa Rica coffee roasted(1Kg);;;;;(9,362.78);;;(1,526.40);(36.0000);1,020.46;;
Closing Balance;;;;;0.00;0.00;0.00;0.00;0.0000;0.00;;
;;;;;;;;;;;;
"RB17301- كوستاريكى نارنجو محمص - Rosted Beanes Costa Rica ""Naranjo""C123";;;;;;;;;;;;
Opening Balance;;;;;0.00;0.00;0.00;5,532.87;149.0000;0.00;;
01 يناير 2025;Payable Credit Note;MP 2285;سند صرف قهوه محموصه فرع الصحافة;"Rosted Beanes Costa Rica ""Naranjo""C123";(125.58);41.86;41.86;(125.58);(3.0000);0.00;636 - مخزون البن المحمص;636 - مخزون البن المحمص
01 يناير 2025;Payable Credit Note;MP 2286;سند صرف قهوه محموصه فرع الصحافة;"Rosted Beanes Costa Rica ""Naranjo""C123 4 كيس";(41.86);41.86;41.86;(41.86);(1.0000);0.00;636 - مخزون البن المحمص;636 - مخزون البن المحمص
02 يناير 2025;Payable Credit Note;MP 2289;سند صرف قهوه محموصه فرع حطين;"Rosted Beanes Costa Rica ""Naranjo""C123";(669.76);41.86;41.86;(669.76);(16.0000);0.00;636 - مخزون البن المحمص;636 - مخزون البن المحمص
02 يناير 2025;Payable Credit Note;MP 2290;سند صرف قهوه محموصه فرع حطين;"Rosted Beanes Costa Rica ""Naranjo""C123 6 كيس";(62.79);41.86;41.86;(62.79);(1.5000);0.00;636 - مخزون البن المحمص;636 - مخزون البن المحمص
05 يناير 2025;Payable Credit Note;MP 2293;سند صرف قهوه محموصه فرع رفا;"Rosted Beanes Costa Rica ""Naranjo""C123";(334.88);41.86;41.86;(334.88);(8.0000);0.00;636 - مخزون البن المحمص;636 - مخزون البن المحمص
05 يناير 2025;Payable Credit Note;MP 2291;سند صرف قهوه محموصه فرع واو;"Rosted Beanes Costa Rica ""Naranjo""C123";(41.86);41.86;41.86;(41.86);(1.0000);0.00;636 - مخزون البن المحمص;636 - مخزون البن المحمص
06 يناير 2025;Payable Credit Note;MP 2294;سند صرف قهوه محموصه فرع الصحافة;"Rosted Beanes Costa Rica ""Naranjo""C123";(167.44);41.86;41.86;(167.44);(4.0000);0.00;636 - مخزون البن المحمص;636 - مخزون البن المحمص
11 يناير 2025;Payable Credit Note;MP 2299;سند صرف قهوه محموصه فرع حطين;"Rosted Beanes Costa Rica ""Naranjo""C123";(753.48);41.86;41.86;(753.48);(18.0000);0.00;636 - مخزون البن المحمص;636 - مخزون البن المحمص
11 يناير 2025;Payable Credit Note;MP 2298;سند صرف قهوه محموصه فرع الصحافة;"Rosted Beanes Costa Rica ""Naranjo""C123";(334.88);41.86;41.86;(334.88);(8.0000);0.00;636 - مخزون البن المحمص;636 - مخزون البن المحمص
15 يناير 2025;Payable Invoice;7201;تحميص وارد لمستودع البن المحمص;"Rosted Beanes Costa Rica ""Naranjo""C123";1,579.20;38.52;0.00;1,579.20;41.0000;0.00;;636 - مخزون البن المحمص
15 يناير 2025;Payable Credit Note;MP 2301;سند صرف قهوه محموصه فرع الصحافة;"Rosted Beanes Costa Rica ""Naranjo""C123";(209.30);41.86;41.86;(209.30);(5.0000);0.00;636 - مخزون البن المحمص;636 - مخزون البن المحمص
18 يناير 2025;Payable Credit Note;MP 2310;سند صرف قهوه محموصه فرع حطين;"Rosted Beanes Costa Rica ""Naranjo""C123";(753.48);41.86;41.86;(753.48);(18.0000);0.00;636 - مخزون البن المحمص;636 - مخزون البن المحمص
18 يناير 2025;Payable Credit Note;MP 2308;سند صرف قهوه محموصه فرع التخصصي;"Rosted Beanes Costa Rica ""Naranjo""C123";(83.72);41.86;41.86;(83.72);(2.0000);0.00;636 - مخزون البن المحمص;636 - مخزون البن المحمص
18 يناير 2025;Payable Credit Note;MP 2307;سند صرف قهوه محموصه فرع الصحافة;"Rosted Beanes Costa Rica ""Naranjo""C123";(209.30);41.86;41.86;(209.30);(5.0000);0.00;636 - مخزون البن المحمص;636 - مخزون البن المحمص
23 يناير 2025;Payable Credit Note;MP 2316;سند صرف قهوه محموصه فرع حطين;"Rosted Beanes Costa Rica ""Naranjo""C123";(125.58);41.86;41.86;(125.58);(3.0000);0.00;636 - مخزون البن المحمص;636 - مخزون البن المحمص
23 يناير 2025;Payable Credit Note;MP 2314;سند صرف قهوه محموصه فرع الصحافة;"Rosted Beanes Costa Rica ""Naranjo""C123";(418.60);41.86;41.86;(418.60);(10.0000);0.00;636 - مخزون البن المحمص;636 - مخزون البن المحمص
23 يناير 2025;Payable Credit Note;MP 2314;سند صرف قهوه محموصه فرع الصحافة;"Rosted Beanes Costa Rica ""Naranjo""C123 2 كيس";(20.93);41.86;41.86;(20.93);(0.5000);0.00;636 - مخزون البن المحمص;636 - مخزون البن المحمص
25 يناير 2025;Payable Credit Note;MP 2322;سند صرف قهوه محموصه فرع الصحافة;"Rosted Beanes Costa Rica ""Naranjo""C123";(418.60);41.86;41.86;(418.60);(10.0000);0.00;636 - مخزون البن المحمص;636 - مخزون البن المحمص
25 يناير 2025;Payable Credit Note;MP 2317;سند صرف قهوه محموصه فرع حطين;"Rosted Beanes Costa Rica ""Naranjo""C123";(418.60);41.86;41.86;(418.60);(10.0000);0.00;636 - مخزون البن المحمص;636 - مخزون البن المحمص
28 يناير 2025;Payable Invoice;7202;تحميص وارد لمستودع البن المحمص;"Rosted Beanes Costa Rica ""Naranjo""C123";2,006.90;38.59;0.00;2,006.90;52.0000;0.00;;636 - مخزون البن المحمص
29 يناير 2025;Payable Credit Note;MP 2328;سند صرف قهوه محموصه فرع الصحافة;"Rosted Beanes Costa Rica ""Naranjo""C123";(627.90);41.86;41.86;(627.90);(15.0000);0.00;636 - مخزون البن المحمص;636 - مخزون البن المحمص
29 يناير 2025;Payable Credit Note;MP 2329;سند صرف قهوه محموصه فرع حطين;"Rosted Beanes Costa Rica ""Naranjo""C123";(62.79);41.86;41.86;(62.79);(1.5000);0.00;636 - مخزون البن المحمص;636 - مخزون البن المحمص
01 فبراير 2025;Payable Credit Note;MP 2333;سند صرف قهوه محموصه فرع رفا;"Rosted Beanes Costa Rica ""Naranjo""C123";(334.88);41.86;41.86;(334.88);(8.0000);0.00;636 - مخزون البن المحمص;636 - مخزون البن المحمص
01 فبراير 2025;Payable Credit Note;MP 2335;سند صرف قهوه محموصه فرع حطين;"Rosted Beanes Costa Rica ""Naranjo""C123";(627.90);41.86;41.86;(627.90);(15.0000);0.00;636 - مخزون البن المحمص;636 - مخزون البن المحمص
08 فبراير 2025;Payable Credit Note;MP 2343;سند صرف قهوه محموصه فرع حطين;"Rosted Beanes Costa Rica ""Naranjo""C123";(418.60);41.86;41.86;(418.60);(10.0000);0.00;636 - مخزون البن المحمص;636 - مخزون البن المحمص
10 فبراير 2025;Payable Credit Note;MP 2346;سند صرف قهوه محموصه فرع الصحافة;"Rosted Beanes Costa Rica ""Naranjo""C123 4 كيس";(41.86);41.86;41.86;(41.86);(1.0000);0.00;636 - مخزون البن المحمص;636 - مخزون البن المحمص
10 فبراير 2025;Payable Credit Note;MP 2345;سند صرف قهوه محموصه فرع الصحافة;"Rosted Beanes Costa Rica ""Naranjo""C123";(418.60);41.86;41.86;(418.60);(10.0000);0.00;636 - مخزون البن المحمص;636 - مخزون البن المحمص
12 فبراير 2025;Payable Invoice;7203;تحميص وارد لمستودع البن المحمص;"Rosted Beanes Costa Rica ""Naranjo""C123";4,013.80;38.23;0.00;4,013.80;105.0000;0.00;;636 - مخزون البن المحمص
15 فبراير 2025;Payable Credit Note;MP 2354;سند صرف قهوه محموصه فرع الصحافة;"Rosted Beanes Costa Rica ""Naranjo""C123";(460.46);41.86;41.86;(460.46);(11.0000);0.00;636 - مخزون البن المحمص;636 - مخزون البن المحمص
15 فبراير 2025;Payable Credit Note;MP 2352;سند صرف قهوه محموصه فرع التخصصي;"Rosted Beanes Costa Rica ""Naranjo""C123 4 كيس";(41.86);41.86;41.86;(41.86);(1.0000);0.00;636 - مخزون البن المحمص;636 - مخزون البن المحمص
16 فبراير 2025;Payable Credit Note;MP 2359;سند صرف قهوه محموصه فرع حطين;"Rosted Beanes Costa Rica ""Naranjo""C123";(1,046.50);41.86;41.86;(1,046.50);(25.0000);0.00;636 - مخزون البن المحمص;636 - مخزون البن المحمص
20 فبراير 2025;Payable Credit Note;MP 2362;سند صرف قهوه محموصه فرع الصحافة;"Rosted Beanes Costa Rica ""Naranjo""C123";(418.60);41.86;41.86;(418.60);(10.0000);0.00;636 - مخزون البن المحمص;636 - مخزون البن المحمص
23 فبراير 2025;Payable Credit Note;MP 2368;سند صرف قهوه محموصه فرع حطين;"Rosted Beanes Costa Rica ""Naranjo""C123 20 كيس";(209.30);41.86;41.86;(209.30);(5.0000);0.00;636 - مخزون البن المحمص;636 - مخزون البن المحمص
23 فبراير 2025;Payable Credit Note;MP 2366;سند صرف قهوه محموصه فرع حطين;"Rosted Beanes Costa Rica ""Naranjo""C123";(837.20);41.86;41.86;(837.20);(20.0000);0.00;636 - مخزون البن المحمص;636 - مخزون البن المحمص
23 فبراير 2025;Payable Credit Note;MP 2364;سند صرف قهوه محموصه فرع رفا;"Rosted Beanes Costa Rica ""Naranjo""C123";(418.60);41.86;41.86;(418.60);(10.0000);0.00;636 - مخزون البن المحمص;636 - مخزون البن المحمص
26 فبراير 2025;Payable Invoice;7205;تحميص وارد لمستودع البن المحمص;"Rosted Beanes Costa Rica ""Naranjo""C123";4,013.80;38.23;0.00;4,013.80;105.0000;0.00;;636 - مخزون البن المحمص
28 فبراير 2025;Payable Credit Note;MP 2377;سند صرف قهوه محموصه فرع الصحافة;"Rosted Beanes Costa Rica ""Naranjo""C123";(418.60);41.86;41.86;(418.60);(10.0000);0.00;636 - مخزون البن المحمص;636 - مخزون البن المحمص
28 فبراير 2025;Payable Credit Note;MP 2377;سند صرف قهوه محموصه فرع الصحافة;"Rosted Beanes Costa Rica ""Naranjo""C123 4 كيس";(41.86);41.86;41.86;(41.86);(1.0000);0.00;636 - مخزون البن المحمص;636 - مخزون البن المحمص
03 مارس 2025;Payable Credit Note;MP 2380;سند صرف قهوه محموصه فرع حطين;"Rosted Beanes Costa Rica ""Naranjo""C123";(1,423.24);41.86;41.86;(1,423.24);(34.0000);0.00;636 - مخزون البن المحمص;636 - مخزون البن المحمص
06 مارس 2025;Payable Credit Note;MP 2384;سند صرف قهوه محموصه فرع الصحافة;"Rosted Beanes Costa Rica ""Naranjo""C123";(418.60);41.86;41.86;(418.60);(10.0000);0.00;636 - مخزون البن المحمص;636 - مخزون البن المحمص
06 مارس 2025;Payable Credit Note;MP 2384;سند صرف قهوه محموصه فرع الصحافة;"Rosted Beanes Costa Rica ""Naranjo""C123 4 كيس";(41.86);41.86;41.86;(41.86);(1.0000);0.00;636 - مخزون البن المحمص;636 - مخزون البن المحمص
11 مارس 2025;Payable Credit Note;MP 2390;سند صرف قهوه محموصه فرع رفا;"Rosted Beanes Costa Rica ""Naranjo""C123";(209.30);41.86;41.86;(209.30);(5.0000);0.00;636 - مخزون البن المحمص;636 - مخزون البن المحمص
13 مارس 2025;Payable Invoice;7207;تحميص وارد لمستودع البن المحمص;"Rosted Beanes Costa Rica ""Naranjo""C123";5,560.10;37.82;0.00;5,560.10;147.0000;0.00;;636 - مخزون البن المحمص
15 مارس 2025;Payable Credit Note;MP 2396;سند صرف قهوه محموصه فرع الصحافة;"Rosted Beanes Costa Rica ""Naranjo""C123 4 كيس";(41.86);41.86;41.86;(41.86);(1.0000);0.00;636 - مخزون البن المحمص;636 - مخزون البن المحمص
15 مارس 2025;Payable Credit Note;MP 2394;سند صرف قهوه محموصه فرع حطين;"Rosted Beanes Costa Rica ""Naranjo""C123";(837.20);41.86;41.86;(837.20);(20.0000);0.00;636 - مخزون البن المحمص;636 - مخزون البن المحمص
19 مارس 2025;Payable Credit Note;MP 2400;سند صرف قهوه محموصه فرع الصحافة;"Rosted Beanes Costa Rica ""Naranjo""C123";(418.60);41.86;41.86;(418.60);(10.0000);0.00;636 - مخزون البن المحمص;636 - مخزون البن المحمص
23 مارس 2025;Payable Credit Note;MP 2405;سند صرف قهوه محموصه فرع حطين;"Rosted Beanes Costa Rica ""Naranjo""C123";(418.60);41.86;41.86;(418.60);(10.0000);0.00;636 - مخزون البن المحمص;636 - مخزون البن المحمص
27 مارس 2025;Payable Credit Note;MP 2409;سند صرف قهوه محموصه فرع الصحافة;"Rosted Beanes Costa Rica ""Naranjo""C123 4 كيس";(41.86);41.86;41.86;(41.86);(1.0000);0.00;636 - مخزون البن المحمص;636 - مخزون البن المحمص
28 مارس 2025;Payable Credit Note;MP 2411;سند صرف قهوه محموصه فرع حطين;"Rosted Beanes Costa Rica ""Naranjo""C123";(251.16);41.86;41.86;(251.16);(6.0000);0.00;636 - مخزون البن المحمص;636 - مخزون البن المحمص
30 مارس 2025;Adjustment;Quantity Decrease;;جرد 29/3;(359.57);31.27;0.00;(359.57);(11.5000);0.00;;636 - مخزون البن المحمص
31 مارس 2025;Receivable Invoice;INV-3605;موقع سلة Salla website;"Rosted Beanes Costa Rica ""Naranjo""C123";(228.30);32.87;152.20;(49.31);(1.5000);119.33;203 - مبيعات المتجر الكترونى موقع سلة;636 - مخزون البن المحمص
31 مارس 2025;Payable Credit Note;MP 2414;سند صرف قهوه محموصه فرع حطين;"Rosted Beanes Costa Rica ""Naranjo""C123 4 كيس";(41.86);41.86;41.86;(41.86);(1.0000);0.00;636 - مخزون البن المحمص;636 - مخزون البن المحمص
31 مارس 2025;Payable Credit Note;MP 2415;سند صرف قهوه محموصه فرع الصحافة;"Rosted Beanes Costa Rica ""Naranjo""C123";(418.60);41.86;41.86;(418.60);(10.0000);0.00;636 - مخزون البن المحمص;636 - مخزون البن المحمص
05 أبريل 2025;Payable Credit Note;MP 2417;سند صرف قهوه محموصه فرع حطين;"Rosted Beanes Costa Rica ""Naranjo""C123";(418.60);41.86;41.86;(418.60);(10.0000);0.00;636 - مخزون البن المحمص;636 - مخزون البن المحمص
07 أبريل 2025;Payable Credit Note;MP 2422;سند صرف قهوه محموصه فرع الصحافة;"Rosted Beanes Costa Rica ""Naranjo""C123";(418.60);41.86;41.86;(418.60);(10.0000);0.00;636 - مخزون البن المحمص;636 - مخزون البن المحمص
09 أبريل 2025;Receivable Invoice;INV-3499;شركة زاوية التوزيع للتجارة;"Rosted Beanes Costa Rica ""Naranjo""C123";(1,050.00);29.45;140.00;(220.90);(7.5000);110.55;202 - مبيعات القهوة المحمصه;636 - مخزون البن المحمص
10 أبريل 2025;Payable Invoice;7209;تحميص وارد لمستودع البن المحمص;"Rosted Beanes Costa Rica ""Naranjo""C123";5,593.00;38.05;0.00;5,593.00;147.0000;0.00;;636 - مخزون البن المحمص
10 أبريل 2025;Payable Credit Note;MP 2426;سند صرف قهوه محموصه فرع الصحافة;"Rosted Beanes Costa Rica ""Naranjo""C123 6 كيس";(62.79);41.86;41.86;(62.79);(1.5000);0.00;636 - مخزون البن المحمص;636 - مخزون البن المحمص
13 أبريل 2025;Payable Credit Note;MP 2427;سند صرف قهوه محموصه فرع الصحافة;"Rosted Beanes Costa Rica ""Naranjo""C123";(418.60);41.86;41.86;(418.60);(10.0000);0.00;636 - مخزون البن المحمص;636 - مخزون البن المحمص
13 أبريل 2025;Payable Credit Note;MP ;سند صرف قهوه محموصه فرع حطين;"Rosted Beanes Costa Rica ""Naranjo""C123";(418.60);41.86;41.86;(418.60);(10.0000);0.00;636 - مخزون البن المحمص;636 - مخزون البن المحمص
13 أبريل 2025;Payable Credit Note;MP 2429;سند صرف قهوه محموصه فرع رفا;"Rosted Beanes Costa Rica ""Naranjo""C123";(209.30);41.86;41.86;(209.30);(5.0000);0.00;636 - مخزون البن المحمص;636 - مخزون البن المحمص
17 أبريل 2025;Payable Invoice;7210;تحميص وارد لمستودع البن المحمص;"Rosted Beanes Costa Rica ""Naranjo""C123";3,191.30;37.99;0.00;3,191.30;84.0000;0.00;;636 - مخزون البن المحمص
17 أبريل 2025;Payable Credit Note;MP 2437;سند صرف قهوه محموصه فرع رفا;"Rosted Beanes Costa Rica ""Naranjo""C123";(418.60);41.86;41.86;(418.60);(10.0000);0.00;636 - مخزون البن المحمص;636 - مخزون البن المحمص
20 أبريل 2025;Payable Credit Note;MP 2444;سند صرف قهوه محموصه فرع حطين;"Rosted Beanes Costa Rica ""Naranjo""C123";(669.76);41.86;41.86;(669.76);(16.0000);0.00;636 - مخزون البن المحمص;636 - مخزون البن المحمص
20 أبريل 2025;Payable Credit Note;MP 2442;سند صرف قهوه محموصه فرع رفا;"Rosted Beanes Costa Rica ""Naranjo""C123 8 كيس";(83.72);41.86;41.86;(83.72);(2.0000);0.00;636 - مخزون البن المحمص;636 - مخزون البن المحمص
20 أبريل 2025;Payable Credit Note;MP 2443;سند صرف قهوه محموصه فرع واو;"Rosted Beanes Costa Rica ""Naranjo""C123";(83.72);41.86;41.86;(83.72);(2.0000);0.00;636 - مخزون البن المحمص;636 - مخزون البن المحمص
25 أبريل 2025;Payable Credit Note;MP 2447;سند صرف قهوه محموصه فرع الصحافة;"Rosted Beanes Costa Rica ""Naranjo""C123";(418.60);41.86;41.86;(418.60);(10.0000);0.00;636 - مخزون البن المحمص;636 - مخزون البن المحمص
27 أبريل 2025;Payable Credit Note;MP 2452;سند صرف قهوه محموصه فرع واو;"Rosted Beanes Costa Rica ""Naranjo""C123 2 كيس";(20.93);41.86;41.86;(20.93);(0.5000);0.00;636 - مخزون البن المحمص;636 - مخزون البن المحمص
27 أبريل 2025;Payable Credit Note;MP 2451;سند صرف قهوه محموصه فرع التخصصي;"Rosted Beanes Costa Rica ""Naranjo""C123";(41.86);41.86;41.86;(41.86);(1.0000);0.00;636 - مخزون البن المحمص;636 - مخزون البن المحمص
29 أبريل 2025;Receivable Invoice;INV-3623;شركة زاوية التوزيع للتجارة;"Rosted Beanes Costa Rica ""Naranjo""C123";(650.00);32.83;130.00;(164.16);(5.0000);97.17;202 - مبيعات القهوة المحمصه;636 - مخزون البن المحمص
30 أبريل 2025;Receivable Invoice;INV-3781;موقع سلة Salla website;"Rosted Beanes Costa Rica ""Naranjo""C123";(228.30);32.10;152.20;(48.15);(1.5000);120.10;203 - مبيعات المتجر الكترونى موقع سلة;636 - مخزون البن المحمص
03 مايو 2025;Payable Credit Note;MP 2459;سند صرف قهوه محموصه فرع الصحافة;"Rosted Beanes Costa Rica ""Naranjo""C123";(418.60);41.86;41.86;(418.60);(10.0000);0.00;636 - مخزون البن المحمص;636 - مخزون البن المحمص
03 مايو 2025;Payable Credit Note;MP 2456;سند صرف قهوه محموصه فرع حطين;"Rosted Beanes Costa Rica ""Naranjo""C123";(837.20);41.86;41.86;(837.20);(20.0000);0.00;636 - مخزون البن المحمص;636 - مخزون البن المحمص
11 مايو 2025;Payable Credit Note;MP 2470;سند صرف قهوه محموصه فرع الصحافة;"Rosted Beanes Costa Rica ""Naranjo""C123";(418.60);41.86;41.86;(418.60);(10.0000);0.00;636 - مخزون البن المحمص;636 - مخزون البن المحمص
17 مايو 2025;Payable Credit Note;MP 2483;سند صرف قهوه محموصه فرع حطين;"Rosted Beanes Costa Rica ""Naranjo""C123";(1,172.08);41.86;41.86;(1,172.08);(28.0000);0.00;636 - مخزون البن المحمص;636 - مخزون البن المحمص
17 مايو 2025;Payable Credit Note;MP 2480;سند صرف قهوه محموصه فرع الصحافة;"Rosted Beanes Costa Rica ""Naranjo""C123";(418.60);41.86;41.86;(418.60);(10.0000);0.00;636 - مخزون البن المحمص;636 - مخزون البن المحمص
17 مايو 2025;Payable Credit Note;MP 2480;سند صرف قهوه محموصه فرع الصحافة;"Rosted Beanes Costa Rica ""Naranjo""C123 4 كيس";(41.86);41.86;41.86;(41.86);(1.0000);0.00;636 - مخزون البن المحمص;636 - مخزون البن المحمص
19 مايو 2025;Payable Invoice;7213;تحميص وارد لمستودع البن المحمص;"Rosted Beanes Costa Rica ""Naranjo""C123";4,803.41;38.12;0.00;4,803.41;126.0000;0.00;;636 - مخزون البن المحمص
20 مايو 2025;Receivable Invoice;INV-3738;شركة زاوية التوزيع للتجارة;"Rosted Beanes Costa Rica ""Naranjo""C123";(3,250.00);32.71;130.00;(817.70);(25.0000);97.29;202 - مبيعات القهوة المحمصه;636 - مخزون البن المحمص
24 مايو 2025;Payable Credit Note;MP 2497;سند صرف قهوه محموصه فرع حطين;"Rosted Beanes Costa Rica ""Naranjo""C123";(502.32);41.86;41.86;(502.32);(12.0000);0.00;636 - مخزون البن المحمص;636 - مخزون البن المحمص
24 مايو 2025;Payable Credit Note;MP 2492;سند صرف قهوه محموصه فرع الصحافة;"Rosted Beanes Costa Rica ""Naranjo""C123";(418.60);41.86;41.86;(418.60);(10.0000);0.00;636 - مخزون البن المحمص;636 - مخزون البن المحمص
26 مايو 2025;Receivable Invoice;INV-3782;شركة زاوية التوزيع للتجارة;"Rosted Beanes Costa Rica ""Naranjo""C123";(1,040.00);31.79;130.00;(254.33);(8.0000);98.21;202 - مبيعات القهوة المحمصه;636 - مخزون البن المحمص
26 مايو 2025;Payable Credit Note;MP 2499;سند صرف قهوه محموصه فرع رفا;"Rosted Beanes Costa Rica ""Naranjo""C123";(209.30);41.86;41.86;(209.30);(5.0000);0.00;636 - مخزون البن المحمص;636 - مخزون البن المحمص
26 مايو 2025;Payable Credit Note;MP 2500;سند صرف قهوه محموصه فرع الصحافة;"Rosted Beanes Costa Rica ""Naranjo""C123";(418.60);41.86;41.86;(418.60);(10.0000);0.00;636 - مخزون البن المحمص;636 - مخزون البن المحمص
31 مايو 2025;Receivable Invoice;INV-3944;موقع سلة Salla website;"Rosted Beanes Costa Rica ""Naranjo""C123";(228.30);32.37;152.20;(48.56);(1.5000);119.83;203 - مبيعات المتجر الكترونى موقع سلة;636 - مخزون البن المحمص
31 مايو 2025;Payable Credit Note;MP 2509;سند صرف قهوه محموصه فرع حطين;"Rosted Beanes Costa Rica ""Naranjo""C123";(837.20);41.86;41.86;(837.20);(20.0000);0.00;636 - مخزون البن المحمص;636 - مخزون البن المحمص
03 يونيو 2025;Payable Credit Note;MP 2511;سند صرف قهوه محموصه فرع الصحافة;"Rosted Beanes Costa Rica ""Naranjo""C123";(418.60);41.86;41.86;(418.60);(10.0000);0.00;636 - مخزون البن المحمص;636 - مخزون البن المحمص
09 يونيو 2025;Payable Credit Note;MP 2522;سند صرف قهوه محموصه فرع الصحافة;"Rosted Beanes Costa Rica ""Naranjo""C123";(418.60);41.86;41.86;(418.60);(10.0000);0.00;636 - مخزون البن المحمص;636 - مخزون البن المحمص
09 يونيو 2025;Payable Credit Note;MP 2522;سند صرف قهوه محموصه فرع الصحافة;"Rosted Beanes Costa Rica ""Naranjo""C123 4 كيس";(41.86);41.86;41.86;(41.86);(1.0000);0.00;636 - مخزون البن المحمص;636 - مخزون البن المحمص
09 يونيو 2025;Payable Credit Note;MP 2520;سند صرف قهوه محموصه فرع رفا;"Rosted Beanes Costa Rica ""Naranjo""C123";(209.30);41.86;41.86;(209.30);(5.0000);0.00;636 - مخزون البن المحمص;636 - مخزون البن المحمص
09 يونيو 2025;Payable Credit Note;MP 2517;سند صرف قهوه محموصه فرع حطين;"Rosted Beanes Costa Rica ""Naranjo""C123";(753.48);41.86;41.86;(753.48);(18.0000);0.00;636 - مخزون البن المحمص;636 - مخزون البن المحمص
11 يونيو 2025;Payable Credit Note;MP 2521;سند صرف قهوه محموصه فرع واو;"Rosted Beanes Costa Rica ""Naranjo""C123";(41.86);41.86;41.86;(41.86);(1.0000);0.00;636 - مخزون البن المحمص;636 - مخزون البن المحمص
12 يونيو 2025;Payable Credit Note;MP 2524;سند صرف قهوه محموصه فرع الصحافة;"Rosted Beanes Costa Rica ""Naranjo""C123";(418.60);41.86;41.86;(418.60);(10.0000);0.00;636 - مخزون البن المحمص;636 - مخزون البن المحمص
15 يونيو 2025;Payable Credit Note;MP 2531;سند صرف قهوه محموصه فرع حطين;"Rosted Beanes Costa Rica ""Naranjo""C123";(627.90);41.86;41.86;(627.90);(15.0000);0.00;636 - مخزون البن المحمص;636 - مخزون البن المحمص
16 يونيو 2025;Payable Credit Note;2534;سند صرف قهوه محموصه فرع رفا;"Rosted Beanes Costa Rica ""Naranjo""C123";(167.44);41.86;41.86;(167.44);(4.0000);0.00;636 - مخزون البن المحمص;636 - مخزون البن المحمص
16 يونيو 2025;Payable Credit Note;MP 2532;سند صرف قهوه محموصه فرع التخصصي;"Rosted Beanes Costa Rica ""Naranjo""C123";(83.72);41.86;41.86;(83.72);(2.0000);0.00;636 - مخزون البن المحمص;636 - مخزون البن المحمص
18 يونيو 2025;Payable Credit Note;MP 2536;سند صرف قهوه محموصه فرع الصحافة;"Rosted Beanes Costa Rica ""Naranjo""C123";(334.88);41.86;41.86;(334.88);(8.0000);0.00;636 - مخزون البن المحمص;636 - مخزون البن المحمص
18 يونيو 2025;Payable Credit Note;MP 2536;سند صرف قهوه محموصه فرع الصحافة;"Rosted Beanes Costa Rica ""Naranjo""C123 8 كيس";(83.72);41.86;41.86;(83.72);(2.0000);0.00;636 - مخزون البن المحمص;636 - مخزون البن المحمص
22 يونيو 2025;Receivable Invoice;INV-3921;شركة زاوية التوزيع للتجارة;"Rosted Beanes Costa Rica ""Naranjo""C123";(1,300.00);26.19;130.00;(261.89);(10.0000);103.81;202 - مبيعات القهوة المحمصه;636 - مخزون البن المحمص
23 يونيو 2025;Payable Credit Note;MP 2543;سند صرف قهوه محموصه فرع حطين;"Rosted Beanes Costa Rica ""Naranjo""C123";(627.90);41.86;41.86;(627.90);(15.0000);0.00;636 - مخزون البن المحمص;636 - مخزون البن المحمص
23 يونيو 2025;Payable Credit Note;MP 2542;سند صرف قهوه محموصه فرع الصحافة;"Rosted Beanes Costa Rica ""Naranjo""C123";(418.60);41.86;41.86;(418.60);(10.0000);0.00;636 - مخزون البن المحمص;636 - مخزون البن المحمص
24 يونيو 2025;Payable Invoice;7218;تحميص وارد لمستودع البن المحمص;"Rosted Beanes Costa Rica ""Naranjo""C123";10,034.50;38.30;0.00;10,034.50;262.0000;0.00;;636 - مخزون البن المحمص
24 يونيو 2025;Payable Credit Note;MP 2545;سند صرف قهوه محموصه فرع الصحافة;"Rosted Beanes Costa Rica ""Naranjo""C123";(418.60);41.86;41.86;(418.60);(10.0000);0.00;636 - مخزون البن المحمص;636 - مخزون البن المحمص
24 يونيو 2025;Receivable Invoice;INV-3938;مؤسسة جذل لتقديم المشروبات;"Rosted Beanes Costa Rica ""Naranjo""C123";(1,300.00);32.45;130.00;(324.45);(10.0000);97.55;202 - مبيعات القهوة المحمصه;636 - مخزون البن المحمص
24 يونيو 2025;Payable Credit Note;MP 2544;سند صرف قهوه محموصه فرع حطين;"Rosted Beanes Costa Rica ""Naranjo""C123";(83.72);41.86;41.86;(83.72);(2.0000);0.00;636 - مخزون البن المحمص;636 - مخزون البن المحمص
25 يونيو 2025;Payable Credit Note;MP 2550;سند صرف قهوه محموصه فرع حطين;"Rosted Beanes Costa Rica ""Naranjo""C123";(125.58);41.86;41.86;(125.58);(3.0000);0.00;636 - مخزون البن المحمص;636 - مخزون البن المحمص
26 يونيو 2025;Payable Credit Note;MP 2551;سند صرف قهوه محموصه فرع التخصصي;"Rosted Beanes Costa Rica ""Naranjo""C123";(83.72);41.86;41.86;(83.72);(2.0000);0.00;636 - مخزون البن المحمص;636 - مخزون البن المحمص
26 يونيو 2025;Adjustment;Quantity Increase;;جرد 25/6;502.32;41.86;0.00;502.32;12.0000;0.00;;636 - مخزون البن المحمص
29 يونيو 2025;Receivable Invoice;INV-3964;شركة زاوية التوزيع للتجارة;"Rosted Beanes Costa Rica ""Naranjo""C123";(2,730.00);32.61;130.00;(684.73);(21.0000);97.39;202 - مبيعات القهوة المحمصه;636 - مخزون البن المحمص
30 يونيو 2025;Receivable Invoice;INV-4101;موقع سلة Salla website;"Rosted Beanes Costa Rica ""Naranjo""C123";(380.50);27.16;152.20;(67.91);(2.5000);125.04;203 - مبيعات المتجر الكترونى موقع سلة;636 - مخزون البن المحمص
30 يونيو 2025;Payable Credit Note;MP 2560;سند صرف قهوه محموصه فرع حطين;"Rosted Beanes Costa Rica ""Naranjo""C123";(418.60);41.86;41.86;(418.60);(10.0000);0.00;636 - مخزون البن المحمص;636 - مخزون البن المحمص
03 يوليو 2025;Payable Credit Note;MP 2567;سند صرف قهوه محموصه فرع حطين;"Rosted Beanes Costa Rica ""Naranjo""C123";(125.58);41.86;41.86;(125.58);(3.0000);0.00;636 - مخزون البن المحمص;636 - مخزون البن المحمص
03 يوليو 2025;Payable Credit Note;MP 2567;سند صرف قهوه محموصه فرع الصحافة;"Rosted Beanes Costa Rica ""Naranjo""C123";(418.60);41.86;41.86;(418.60);(10.0000);0.00;636 - مخزون البن المحمص;636 - مخزون البن المحمص
07 يوليو 2025;Payable Credit Note;MP 2569;سند صرف قهوه محموصه فرع رفا;"Rosted Beanes Costa Rica ""Naranjo""C123";(418.60);41.86;41.86;(418.60);(10.0000);0.00;636 - مخزون البن المحمص;636 - مخزون البن المحمص
07 يوليو 2025;Payable Credit Note;MP 2571;سند صرف قهوه محموصه فرع حطين;"Rosted Beanes Costa Rica ""Naranjo""C123";(293.02);41.86;41.86;(293.02);(7.0000);0.00;636 - مخزون البن المحمص;636 - مخزون البن المحمص
10 يوليو 2025;Payable Credit Note;MP 2579;سند صرف قهوه محموصه فرع التخصصي;"Rosted Beanes Costa Rica ""Naranjo""C123";(125.58);41.86;41.86;(125.58);(3.0000);0.00;636 - مخزون البن المحمص;636 - مخزون البن المحمص
10 يوليو 2025;Payable Credit Note;MP 2572;سند صرف قهوه محموصه فرع حطين;"Rosted Beanes Costa Rica ""Naranjo""C123";(460.46);41.86;41.86;(460.46);(11.0000);0.00;636 - مخزون البن المحمص;636 - مخزون البن المحمص
10 يوليو 2025;Payable Credit Note;MP 2578;سند صرف قهوه محموصه فرع الصحافة;"Rosted Beanes Costa Rica ""Naranjo""C123";(418.60);41.86;41.86;(418.60);(10.0000);0.00;636 - مخزون البن المحمص;636 - مخزون البن المحمص
10 يوليو 2025;Payable Credit Note;MP 2578;سند صرف قهوه محموصه فرع واو;"Rosted Beanes Costa Rica ""Naranjo""C123";(83.72);41.86;41.86;(83.72);(2.0000);0.00;636 - مخزون البن المحمص;636 - مخزون البن المحمص
12 يوليو 2025;Receivable Invoice;INV-4052;شركة زاوية التوزيع للتجارة;"Rosted Beanes Costa Rica ""Naranjo""C123";(3,250.00);30.72;130.00;(767.88);(25.0000);99.28;202 - مبيعات القهوة المحمصه;636 - مخزون البن المحمص
13 يوليو 2025;Payable Credit Note;MP 2588;سند صرف قهوه محموصه فرع رفا;"Rosted Beanes Costa Rica ""Naranjo""C123";(209.30);41.86;41.86;(209.30);(5.0000);0.00;636 - مخزون البن المحمص;636 - مخزون البن المحمص
13 يوليو 2025;Payable Credit Note;MP 2588;سند صرف قهوه محموصه فرع الصحافة;"Rosted Beanes Costa Rica ""Naranjo""C123";(418.60);41.86;41.86;(418.60);(10.0000);0.00;636 - مخزون البن المحمص;636 - مخزون البن المحمص
14 يوليو 2025;Payable Credit Note;MP 2589;سند صرف قهوه محموصه فرع حطين;"Rosted Beanes Costa Rica ""Naranjo""C123";(209.30);41.86;41.86;(209.30);(5.0000);0.00;636 - مخزون البن المحمص;636 - مخزون البن المحمص
20 يوليو 2025;Payable Credit Note;MP 2592;سند صرف قهوه محموصه فرع حطين;"Rosted Beanes Costa Rica ""Naranjo""C123";(1,213.94);41.86;41.86;(1,213.94);(29.0000);0.00;636 - مخزون البن المحمص;636 - مخزون البن المحمص
20 يوليو 2025;Payable Credit Note;MP 2593;سند صرف قهوه محموصه فرع التخصصي;"Rosted Beanes Costa Rica ""Naranjo""C123";(125.58);41.86;41.86;(125.58);(3.0000);0.00;636 - مخزون البن المحمص;636 - مخزون البن المحمص
20 يوليو 2025;Payable Credit Note;MP 2593;سند صرف قهوه محموصه فرع الصحافة;"Rosted Beanes Costa Rica ""Naranjo""C123";(837.20);41.86;41.86;(837.20);(20.0000);0.00;636 - مخزون البن المحمص;636 - مخزون البن المحمص
23 يوليو 2025;Payable Credit Note;MP 2597;سند صرف قهوه محموصه فرع حطين;"Rosted Beanes Costa Rica ""Naranjo""C123";(1,004.64);41.86;41.86;(1,004.64);(24.0000);0.00;636 - مخزون البن المحمص;636 - مخزون البن المحمص
23 يوليو 2025;Payable Credit Note;MP 2596;سند صرف قهوه محموصه فرع الصحافة;"Rosted Beanes Costa Rica ""Naranjo""C123";(837.20);41.86;41.86;(837.20);(20.0000);0.00;636 - مخزون البن المحمص;636 - مخزون البن المحمص
23 يوليو 2025;Payable Credit Note;MP 2596;سند صرف قهوه محموصه فرع واو;"Rosted Beanes Costa Rica ""Naranjo""C123";(83.72);41.86;41.86;(83.72);(2.0000);0.00;636 - مخزون البن المحمص;636 - مخزون البن المحمص
24 يوليو 2025;Receivable Invoice;INV-4160;شركة مستشفي المحمدية للرعاية الطبية;"Rosted Beanes Costa Rica ""Naranjo""C123";(120.00);13.81;120.00;(13.81);(1.0000);106.19;202 - مبيعات القهوة المحمصه;636 - مخزون البن المحمص
26 يوليو 2025;Receivable Invoice;INV-4124;شركة زاوية التوزيع للتجارة;"Rosted Beanes Costa Rica ""Naranjo""C123";(1,300.00);23.36;130.00;(233.57);(10.0000);106.64;202 - مبيعات القهوة المحمصه;636 - مخزون البن المحمص
29 يوليو 2025;Payable Credit Note;MP 2604;سند صرف قهوه محموصه فرع رفا;"Rosted Beanes Costa Rica ""Naranjo""C123";(209.30);41.86;41.86;(209.30);(5.0000);0.00;636 - مخزون البن المحمص;636 - مخزون البن المحمص
29 يوليو 2025;Payable Credit Note;MP 2606;سند صرف قهوه محموصه فرع حطين;"Rosted Beanes Costa Rica ""Naranjo""C123";(2,093.00);41.86;41.86;(2,093.00);(50.0000);0.00;636 - مخزون البن المحمص;636 - مخزون البن المحمص
29 يوليو 2025;Payable Credit Note;MP 2605;سند صرف قهوه محموصه فرع واو;"Rosted Beanes Costa Rica ""Naranjo""C123";(83.72);41.86;41.86;(83.72);(2.0000);0.00;636 - مخزون البن المحمص;636 - مخزون البن المحمص
30 يوليو 2025;Receivable Invoice;INV-4142;مؤسسة جذل لتقديم المشروبات;"Rosted Beanes Costa Rica ""Naranjo""C123";(1,300.00);13.81;130.00;(138.12);(10.0000);116.19;202 - مبيعات القهوة المحمصه;636 - مخزون البن المحمص
31 يوليو 2025;Receivable Invoice;INV-4243;موقع سلة Salla website;"Rosted Beanes Costa Rica ""Naranjo""C123";(380.50);28.93;152.20;(72.31);(2.5000);123.27;203 - مبيعات المتجر الكترونى موقع سلة;636 - مخزون البن المحمص
01 أغسطس 2025;Payable Credit Note;MP 2613;سند صرف قهوه محموصه فرع واو;"Rosted Beanes Costa Rica ""Naranjo""C123";(83.72);41.86;41.86;(83.72);(2.0000);0.00;636 - مخزون البن المحمص;636 - مخزون البن المحمص
01 أغسطس 2025;Payable Credit Note;MP 2612;سند صرف قهوه محموصه فرع الصحافة;"Rosted Beanes Costa Rica ""Naranjo""C123";(837.20);41.86;41.86;(837.20);(20.0000);0.00;636 - مخزون البن المحمص;636 - مخزون البن المحمص
01 أغسطس 2025;Payable Credit Note;MP 2613;سند صرف قهوه محموصه فرع حطين;"Rosted Beanes Costa Rica ""Naranjo""C123";(1,381.38);41.86;41.86;(1,381.38);(33.0000);0.00;636 - مخزون البن المحمص;636 - مخزون البن المحمص
01 أغسطس 2025;Payable Credit Note;MP 2612;سند صرف قهوه محموصه فرع التخصصي;"Rosted Beanes Costa Rica ""Naranjo""C123";(83.72);41.86;41.86;(83.72);(2.0000);0.00;636 - مخزون البن المحمص;636 - مخزون البن المحمص
05 أغسطس 2025;Payable Invoice;7219;تحميص وارد لمستودع البن المحمص;"Rosted Beanes Costa Rica ""Naranjo""C123";8,290.81;38.56;0.00;8,290.81;215.0000;0.00;;636 - مخزون البن المحمص
07 أغسطس 2025;Payable Invoice;7220;تحميص وارد لمستودع البن المحمص;"Rosted Beanes Costa Rica ""Naranjo""C123";7,501.21;37.98;0.00;7,501.21;197.5000;0.00;;636 - مخزون البن المحمص
07 أغسطس 2025;Payable Credit Note;MP 2620;سند صرف قهوه محموصه فرع حطين;"Rosted Beanes Costa Rica ""Naranjo""C123";(2,051.14);41.86;41.86;(2,051.14);(49.0000);0.00;636 - مخزون البن المحمص;636 - مخزون البن المحمص
07 أغسطس 2025;Payable Credit Note;MP 2619;سند صرف قهوه محموصه فرع رفا;"Rosted Beanes Costa Rica ""Naranjo""C123";(418.60);41.86;41.86;(418.60);(10.0000);0.00;636 - مخزون البن المحمص;636 - مخزون البن المحمص
10 أغسطس 2025;Receivable Invoice;INV-4205;شركة زاوية التوزيع للتجارة;"Rosted Beanes Costa Rica ""Naranjo""C123";(3,250.00);31.09;130.00;(777.18);(25.0000);98.91;202 - مبيعات القهوة المحمصه;636 - مخزون البن المحمص
11 أغسطس 2025;Payable Credit Note;MP 2624;سند صرف قهوه محموصه فرع حطين;"Rosted Beanes Costa Rica ""Naranjo""C123";(1,632.54);41.86;41.86;(1,632.54);(39.0000);0.00;636 - مخزون البن المحمص;636 - مخزون البن المحمص
11 أغسطس 2025;Payable Credit Note;MP 2623;سند صرف قهوه محموصه فرع الصحافة;"Rosted Beanes Costa Rica ""Naranjo""C123";(837.20);41.86;41.86;(837.20);(20.0000);0.00;636 - مخزون البن المحمص;636 - مخزون البن المحمص
11 أغسطس 2025;Payable Credit Note;MP 2623;سند صرف قهوه محموصه فرع واو;"Rosted Beanes Costa Rica ""Naranjo""C123";(125.58);41.86;41.86;(125.58);(3.0000);0.00;636 - مخزون البن المحمص;636 - مخزون البن المحمص
15 أغسطس 2025;Payable Credit Note;MP 2626;سند صرف قهوه محموصه فرع الصحافة;"Rosted Beanes Costa Rica ""Naranjo""C123";(837.20);41.86;41.86;(837.20);(20.0000);0.00;636 - مخزون البن المحمص;636 - مخزون البن المحمص
16 أغسطس 2025;Payable Credit Note;MP 2630;سند صرف قهوه محموصه فرع حطين;"Rosted Beanes Costa Rica ""Naranjo""C123";(2,720.90);41.86;41.86;(2,720.90);(65.0000);0.00;636 - مخزون البن المحمص;636 - مخزون البن المحمص
18 أغسطس 2025;Payable Invoice;7221;تحميص وارد لمستودع البن المحمص;"Rosted Beanes Costa Rica ""Naranjo""C123";10,034.50;38.30;0.00;10,034.50;262.0000;0.00;;636 - مخزون البن المحمص
19 أغسطس 2025;Payable Credit Note;MP 2635;سند صرف قهوه محموصه فرع واو;"Rosted Beanes Costa Rica ""Naranjo""C123";(20.93);41.86;41.86;(20.93);(0.5000);0.00;636 - مخزون البن المحمص;636 - مخزون البن المحمص
19 أغسطس 2025;Payable Credit Note;MP 2633;سند صرف قهوه محموصه فرع حطين;"Rosted Beanes Costa Rica ""Naranjo""C123";(125.58);41.86;41.86;(125.58);(3.0000);0.00;636 - مخزون البن المحمص;636 - مخزون البن المحمص
19 أغسطس 2025;Payable Credit Note;MP 2637;سند صرف قهوه محموصه فرع التخصصي;"Rosted Beanes Costa Rica ""Naranjo""C123";(20.93);41.86;41.86;(20.93);(0.5000);0.00;636 - مخزون البن المحمص;636 - مخزون البن المحمص
19 أغسطس 2025;Payable Credit Note;MP 2634;سند صرف قهوه محموصه فرع رفا;"Rosted Beanes Costa Rica ""Naranjo""C123";(41.86);41.86;41.86;(41.86);(1.0000);0.00;636 - مخزون البن المحمص;636 - مخزون البن المحمص
19 أغسطس 2025;Payable Credit Note;MP 2631;سند صرف قهوه محموصه فرع الصحافة;"Rosted Beanes Costa Rica ""Naranjo""C123";(837.20);41.86;41.86;(837.20);(20.0000);0.00;636 - مخزون البن المحمص;636 - مخزون البن المحمص
19 أغسطس 2025;Payable Credit Note;MP 2631;سند صرف قهوه محموصه فرع الصحافة;"Rosted Beanes Costa Rica ""Naranjo""C123";(41.86);41.86;41.86;(41.86);(1.0000);0.00;636 - مخزون البن المحمص;636 - مخزون البن المحمص
19 أغسطس 2025;Payable Credit Note;MP 2636;سند صرف قهوه محموصه فرع التخصصي;"Rosted Beanes Costa Rica ""Naranjo""C123";(83.72);41.86;41.86;(83.72);(2.0000);0.00;636 - مخزون البن المحمص;636 - مخزون البن المحمص
21 أغسطس 2025;Receivable Invoice;INV-4278;شركة زاوية التوزيع للتجارة;"Rosted Beanes Costa Rica ""Naranjo""C123";(1,040.00);31.11;130.00;(248.87);(8.0000);98.89;202 - مبيعات القهوة المحمصه;636 - مخزون البن المحمص
23 أغسطس 2025;Payable Credit Note;MP 2645;سند صرف قهوه محموصه فرع حطين;"Rosted Beanes Costa Rica ""Naranjo""C123";(2,595.32);41.86;41.86;(2,595.32);(62.0000);0.00;636 - مخزون البن المحمص;636 - مخزون البن المحمص
23 أغسطس 2025;Payable Credit Note;MP 2644;سند صرف قهوه محموصه فرع الصحافة;"Rosted Beanes Costa Rica ""Naranjo""C123";(418.60);41.86;41.86;(418.60);(10.0000);0.00;636 - مخزون البن المحمص;636 - مخزون البن المحمص
24 أغسطس 2025;Payable Credit Note;MP 2646;سند صرف قهوه محموصه فرع الصحافة;"Rosted Beanes Costa Rica ""Naranjo""C123";(418.60);41.86;41.86;(418.60);(10.0000);0.00;636 - مخزون البن المحمص;636 - مخزون البن المحمص
24 أغسطس 2025;Payable Credit Note;MP 2646;سند صرف قهوه محموصه فرع الصحافة;"Rosted Beanes Costa Rica ""Naranjo""C123";(41.86);41.86;41.86;(41.86);(1.0000);0.00;636 - مخزون البن المحمص;636 - مخزون البن المحمص
26 أغسطس 2025;Payable Credit Note;MP 2649;سند صرف قهوه محموصه فرع الصحافة;"Rosted Beanes Costa Rica ""Naranjo""C123";(418.60);41.86;41.86;(418.60);(10.0000);0.00;636 - مخزون البن المحمص;636 - مخزون البن المحمص
31 أغسطس 2025;Payable Credit Note;MP 2653;سند صرف قهوه محموصه فرع واو;"Rosted Beanes Costa Rica ""Naranjo""C123";(83.72);41.86;41.86;(83.72);(2.0000);0.00;636 - مخزون البن المحمص;636 - مخزون البن المحمص
31 أغسطس 2025;Payable Credit Note;MP 2657;سند صرف قهوه محموصه فرع حطين;"Rosted Beanes Costa Rica ""Naranjo""C123";(1,799.98);41.86;41.86;(1,799.98);(43.0000);0.00;636 - مخزون البن المحمص;636 - مخزون البن المحمص
31 أغسطس 2025;Payable Credit Note;MP 2656;سند صرف قهوه محموصه فرع رفا;"Rosted Beanes Costa Rica ""Naranjo""C123";(167.44);41.86;41.86;(167.44);(4.0000);0.00;636 - مخزون البن المحمص;636 - مخزون البن المحمص
31 أغسطس 2025;Payable Credit Note;MP 2656;سند صرف قهوه محموصه فرع رفا;"Rosted Beanes Costa Rica ""Naranjo""C123";(41.86);41.86;41.86;(41.86);(1.0000);0.00;636 - مخزون البن المحمص;636 - مخزون البن المحمص
31 أغسطس 2025;Payable Credit Note;MP 2655;سند صرف قهوه محموصه فرع الصحافة;"Rosted Beanes Costa Rica ""Naranjo""C123";(627.90);41.86;41.86;(627.90);(15.0000);0.00;636 - مخزون البن المحمص;636 - مخزون البن المحمص
31 أغسطس 2025;Receivable Invoice;INV-4356;موقع سلة Salla website;"Rosted Beanes Costa Rica ""Naranjo""C123";(76.10);20.48;152.20;(10.24);(0.5000);131.72;203 - مبيعات المتجر الكترونى موقع سلة;636 - مخزون البن المحمص
02 سبتمبر 2025;Payable Credit Note;MP 2659;سند صرف قهوه محموصه فرع التخصصي;"Rosted Beanes Costa Rica ""Naranjo""C123";(83.72);41.86;41.86;(83.72);(2.0000);0.00;636 - مخزون البن المحمص;636 - مخزون البن المحمص
02 سبتمبر 2025;Payable Credit Note;MP 2660;سند صرف قهوه محموصه فرع الصحافة;"Rosted Beanes Costa Rica ""Naranjo""C123";(209.30);41.86;41.86;(209.30);(5.0000);0.00;636 - مخزون البن المحمص;636 - مخزون البن المحمص
04 سبتمبر 2025;Payable Credit Note;MP 2669;سند صرف قهوه محموصه فرع الصحافة;"Rosted Beanes Costa Rica ""Naranjo""C123";(627.90);41.86;41.86;(627.90);(15.0000);0.00;636 - مخزون البن المحمص;636 - مخزون البن المحمص
04 سبتمبر 2025;Payable Credit Note;MP 2669;سند صرف قهوه محموصه فرع الصحافة;"Rosted Beanes Costa Rica ""Naranjo""C123 4 كيس";(41.86);41.86;41.86;(41.86);(1.0000);0.00;636 - مخزون البن المحمص;636 - مخزون البن المحمص
06 سبتمبر 2025;Payable Credit Note;MP 2668;سند صرف قهوه محموصه فرع التخصصي;"Rosted Beanes Costa Rica ""Naranjo""C123";(20.93);41.86;41.86;(20.93);(0.5000);0.00;636 - مخزون البن المحمص;636 - مخزون البن المحمص
06 سبتمبر 2025;Payable Credit Note;MP 2667;سند صرف قهوه محموصه فرع حطين;"Rosted Beanes Costa Rica ""Naranjo""C123";(1,716.26);41.86;41.86;(1,716.26);(41.0000);0.00;636 - مخزون البن المحمص;636 - مخزون البن المحمص
09 سبتمبر 2025;Payable Credit Note;MP 2674;سند صرف قهوه محموصه فرع رفا;"Rosted Beanes Costa Rica ""Naranjo""C123";(167.44);41.86;41.86;(167.44);(4.0000);0.00;636 - مخزون البن المحمص;636 - مخزون البن المحمص
09 سبتمبر 2025;Payable Credit Note;MP 2676;سند صرف قهوه محموصه فرع التخصصي;"Rosted Beanes Costa Rica ""Naranjo""C123";(83.72);41.86;41.86;(83.72);(2.0000);0.00;636 - مخزون البن المحمص;636 - مخزون البن المحمص
10 سبتمبر 2025;Receivable Invoice;INV-4380;مؤسسة جذل لتقديم المشروبات;"Rosted Beanes Costa Rica ""Naranjo""C123";(2,600.00);19.89;130.00;(397.80);(20.0000);110.11;202 - مبيعات القهوة المحمصه;636 - مخزون البن المحمص
11 سبتمبر 2025;Payable Credit Note;MP 2679;سند صرف قهوه محموصه فرع الصحافة;"Rosted Beanes Costa Rica ""Naranjo""C123";(627.90);41.86;41.86;(627.90);(15.0000);0.00;636 - مخزون البن المحمص;636 - مخزون البن المحمص
14 سبتمبر 2025;Payable Invoice;7223;تحميص وارد لمستودع البن المحمص;"Rosted Beanes Costa Rica ""Naranjo""C123";13,160.01;38.03;0.00;13,160.01;346.0000;0.00;;636 - مخزون البن المحمص
14 سبتمبر 2025;Payable Credit Note;MP 2683;سند صرف قهوه محموصه فرع الصحافة;"Rosted Beanes Costa Rica ""Naranjo""C123";(125.58);41.86;41.86;(125.58);(3.0000);0.00;636 - مخزون البن المحمص;636 - مخزون البن المحمص
14 سبتمبر 2025;Payable Credit Note;MP 2684;سند صرف قهوه محموصه فرع الصحافة;"Rosted Beanes Costa Rica ""Naranjo""C123";(837.20);41.86;41.86;(837.20);(20.0000);0.00;636 - مخزون البن المحمص;636 - مخزون البن المحمص
14 سبتمبر 2025;Payable Credit Note;MP 2686;سند صرف قهوه محموصه فرع رفا;"Rosted Beanes Costa Rica ""Naranjo""C123";(83.72);41.86;41.86;(83.72);(2.0000);0.00;636 - مخزون البن المحمص;636 - مخزون البن المحمص
14 سبتمبر 2025;Payable Credit Note;MP 2688;سند صرف قهوه محموصه فرع حطين;"Rosted Beanes Costa Rica ""Naranjo""C123 30 كيس";(313.95);41.86;41.86;(313.95);(7.5000);0.00;636 - مخزون البن المحمص;636 - مخزون البن المحمص
14 سبتمبر 2025;Payable Credit Note;MP 2682;سند صرف قهوه محموصه فرع واو;"Rosted Beanes Costa Rica ""Naranjo""C123";(20.93);41.86;41.86;(20.93);(0.5000);0.00;636 - مخزون البن المحمص;636 - مخزون البن المحمص
14 سبتمبر 2025;Payable Credit Note;MP 2682;سند صرف قهوه محموصه فرع واو;"Rosted Beanes Costa Rica ""Naranjo""C123";(83.72);41.86;41.86;(83.72);(2.0000);0.00;636 - مخزون البن المحمص;636 - مخزون البن المحمص
14 سبتمبر 2025;Payable Credit Note;MP 2680;سند صرف قهوه محموصه فرع حطين;"Rosted Beanes Costa Rica ""Naranjo""C123";(2,134.86);41.86;41.86;(2,134.86);(51.0000);0.00;636 - مخزون البن المحمص;636 - مخزون البن المحمص
15 سبتمبر 2025;Payable Credit Note;MP 2681;سند صرف قهوه محموصه فرع التخصصي;"Rosted Beanes Costa Rica ""Naranjo""C123";(41.86);41.86;41.86;(41.86);(1.0000);0.00;636 - مخزون البن المحمص;636 - مخزون البن المحمص
15 سبتمبر 2025;Payable Credit Note;MP 2690;سند صرف قهوه محموصه فرع التخصصي;"Rosted Beanes Costa Rica ""Naranjo""C123";(83.72);41.86;41.86;(83.72);(2.0000);0.00;636 - مخزون البن المحمص;636 - مخزون البن المحمص
16 سبتمبر 2025;Payable Invoice;7224;تحميص وارد لمستودع البن المحمص;"Rosted Beanes Costa Rica ""Naranjo""C123";2,006.90;38.59;0.00;2,006.90;52.0000;0.00;;636 - مخزون البن المحمص
17 سبتمبر 2025;Receivable Invoice;INV-4414;شركة زاوية التوزيع للتجارة;"Rosted Beanes Costa Rica ""Naranjo""C123";(2,340.00);28.96;130.00;(521.19);(18.0000);101.04;202 - مبيعات القهوة المحمصه;636 - مخزون البن المحمص
20 سبتمبر 2025;Payable Credit Note;MP 2697;سند صرف قهوه محموصه فرع حطين;"Rosted Beanes Costa Rica ""Naranjo""C123";(1,423.24);41.86;41.86;(1,423.24);(34.0000);0.00;636 - مخزون البن المحمص;636 - مخزون البن المحمص
20 سبتمبر 2025;Payable Credit Note;MP 2695;سند صرف قهوه محموصه فرع الصحافة;"Rosted Beanes Costa Rica ""Naranjo""C123";(837.20);41.86;41.86;(837.20);(20.0000);0.00;636 - مخزون البن المحمص;636 - مخزون البن المحمص
23 سبتمبر 2025;Payable Credit Note;MP 2701;سند صرف قهوه محموصه فرع الصحافة;"Rosted Beanes Costa Rica ""Naranjo""C123";(627.90);41.86;41.86;(627.90);(15.0000);0.00;636 - مخزون البن المحمص;636 - مخزون البن المحمص
24 سبتمبر 2025;Receivable Invoice;INV-4451;شركة زاوية التوزيع للتجارة;"Rosted Beanes Costa Rica ""Naranjo""C123";(1,950.00);28.00;130.00;(419.93);(15.0000);102.00;202 - مبيعات القهوة المحمصه;636 - مخزون البن المحمص
27 سبتمبر 2025;Payable Credit Note;;سند صرف قهوه محموصه فرع رفا;"Rosted Beanes Costa Rica ""Naranjo""C123";(167.44);41.86;41.86;(167.44);(4.0000);0.00;636 - مخزون البن المحمص;636 - مخزون البن المحمص
28 سبتمبر 2025;Payable Credit Note;MP 2708;سند صرف قهوه محموصه فرع واو;"Rosted Beanes Costa Rica ""Naranjo""C123";(83.72);41.86;41.86;(83.72);(2.0000);0.00;636 - مخزون البن المحمص;636 - مخزون البن المحمص
28 سبتمبر 2025;Payable Credit Note;MP 2706;سند صرف قهوه محموصه فرع حطين;"Rosted Beanes Costa Rica ""Naranjo""C123";(2,218.58);41.86;41.86;(2,218.58);(53.0000);0.00;636 - مخزون البن المحمص;636 - مخزون البن المحمص
28 سبتمبر 2025;Payable Credit Note;MP 2707;سند صرف قهوه محموصه فرع الصحافة;"Rosted Beanes Costa Rica ""Naranjo""C123";(837.20);41.86;41.86;(837.20);(20.0000);0.00;636 - مخزون البن المحمص;636 - مخزون البن المحمص
28 سبتمبر 2025;Payable Credit Note;MP 2707;سند صرف قهوه محموصه فرع الصحافة;"Rosted Beanes Costa Rica ""Naranjo""C123";(20.93);41.86;41.86;(20.93);(0.5000);0.00;636 - مخزون البن المحمص;636 - مخزون البن المحمص
29 سبتمبر 2025;Receivable Invoice;INV-4469;موقع سلة Salla website;"Rosted Beanes Costa Rica ""Naranjo""C123";(201.74);24.45;201.74;(24.45);(1.0000);177.29;202 - مبيعات القهوة المحمصه;636 - مخزون البن المحمص
29 سبتمبر 2025;Receivable Invoice;INV-4469;موقع سلة Salla website;"Rosted Beanes Costa Rica اظرف قهوة كوستريكا نارنجو
""Naranjo""C123";(273.91);24.45;219.13;(30.56);(1.2500);194.68;203 - مبيعات المتجر الكترونى موقع سلة;636 - مخزون البن المحمص
30 سبتمبر 2025;Payable Credit Note;MP 2711;سند صرف قهوه محموصه فرع حطين;"Rosted Beanes Costa Rica ""Naranjo""C123";(795.34);41.86;41.86;(795.34);(19.0000);0.00;636 - مخزون البن المحمص;636 - مخزون البن المحمص
30 سبتمبر 2025;Receivable Invoice;INV-4478;شركة زاوية الاختيار للتجارة;"Rosted Beanes Costa Rica ""Naranjo""C123";(780.00);23.31;130.00;(139.86);(6.0000);106.69;202 - مبيعات القهوة المحمصه;636 - مخزون البن المحمص
30 سبتمبر 2025;Adjustment;Bulk Adjustment;;جرد البن المحمص 30/9;(483.67);23.31;0.00;(483.67);(20.7500);0.00;;636 - مخزون البن المحمص
02 أكتوبر 2025;Receivable Invoice;INV-4483;مؤسسة جذل لتقديم المشروبات;"Rosted Beanes Costa Rica ""Naranjo""C123";(2,600.00);23.31;130.00;(466.19);(20.0000);106.69;202 - مبيعات القهوة المحمصه;636 - مخزون البن المحمص
05 أكتوبر 2025;Payable Credit Note;MP 2721;سند صرف قهوه محموصه فرع الصحافة;"Rosted Beanes Costa Rica ""Naranjo""C123";(837.20);41.86;41.86;(837.20);(20.0000);0.00;636 - مخزون البن المحمص;636 - مخزون البن المحمص
05 أكتوبر 2025;Payable Credit Note;MP 2721;سند صرف قهوه محموصه فرع الصحافة;"Rosted Beanes Costa Rica ""Naranjo""C123 8 كيس";(83.72);41.86;41.86;(83.72);(2.0000);0.00;636 - مخزون البن المحمص;636 - مخزون البن المحمص
05 أكتوبر 2025;Payable Credit Note;MP 2720;سند صرف قهوه محموصه فرع حطين;"Rosted Beanes Costa Rica ""Naranjo""C123";(83.72);41.86;41.86;(83.72);(2.0000);0.00;636 - مخزون البن المحمص;636 - مخزون البن المحمص
05 أكتوبر 2025;Payable Credit Note;MP 2716;سند صرف قهوه محموصه فرع رفا;"Rosted Beanes Costa Rica ""Naranjo""C123";(125.58);41.86;41.86;(125.58);(3.0000);0.00;636 - مخزون البن المحمص;636 - مخزون البن المحمص
05 أكتوبر 2025;Payable Credit Note;MP 2718;سند صرف قهوه محموصه فرع الصحافة;"Rosted Beanes Costa Rica ""Naranjo""C123";(837.20);41.86;41.86;(837.20);(20.0000);0.00;636 - مخزون البن المحمص;636 - مخزون البن المحمص
06 أكتوبر 2025;Payable Credit Note;MP 2722;سند صرف قهوه محموصه فرع التخصصي;"Rosted Beanes Costa Rica ""Naranjo""C123";(418.60);41.86;41.86;(418.60);(10.0000);0.00;636 - مخزون البن المحمص;636 - مخزون البن المحمص
07 أكتوبر 2025;Payable Credit Note;MP 2725;سند صرف قهوه محموصه فرع التخصصي;"Rosted Beanes Costa Rica ""Naranjo""C123";(167.44);41.86;41.86;(167.44);(4.0000);0.00;636 - مخزون البن المحمص;636 - مخزون البن المحمص
07 أكتوبر 2025;Payable Credit Note;MP 2725;سند صرف قهوه محموصه فرع التخصصي;"Rosted Beanes Costa Rica ""Naranjo""C123";(41.86);41.86;41.86;(41.86);(1.0000);0.00;636 - مخزون البن المحمص;636 - مخزون البن المحمص
09 أكتوبر 2025;Payable Credit Note;MP 2730;سند صرف قهوه محموصه فرع التخصصي;"Rosted Beanes Costa Rica ""Naranjo""C123";(209.30);41.86;41.86;(209.30);(5.0000);0.00;636 - مخزون البن المحمص;636 - مخزون البن المحمص
09 أكتوبر 2025;Payable Credit Note;MP 2727;سند صرف قهوه محموصه فرع رفا;"Rosted Beanes Costa Rica ""Naranjo""C123";(167.44);41.86;41.86;(167.44);(4.0000);0.00;636 - مخزون البن المحمص;636 - مخزون البن المحمص
09 أكتوبر 2025;Payable Credit Note;MP 2726;سند صرف قهوه محموصه فرع حطين;"Rosted Beanes Costa Rica ""Naranjo""C123";(2,846.48);41.86;41.86;(2,846.48);(68.0000);0.00;636 - مخزون البن المحمص;636 - مخزون البن المحمص
12 أكتوبر 2025;Adjustment;Revaluation;;اعادة تقييم;4,507.78;0.00;0.00;4,507.78;0.0000;0.00;;636 - مخزون البن المحمص
14 أكتوبر 2025;Payable Credit Note;MP 2736;سند صرف قهوه محموصه فرع التخصصي;"Rosted Beanes Costa Rica ""Naranjo""C123";(418.60);41.86;41.86;(418.60);(10.0000);0.00;636 - مخزون البن المحمص;636 - مخزون البن المحمص
14 أكتوبر 2025;Payable Credit Note;MP 2735;سند صرف قهوه محموصه فرع الصحافة;"Rosted Beanes Costa Rica ""Naranjo""C123";(837.20);41.86;41.86;(837.20);(20.0000);0.00;636 - مخزون البن المحمص;636 - مخزون البن المحمص
15 أكتوبر 2025;Payable Credit Note;MP 2738;سند صرف قهوه محموصه فرع الصحافة;"Rosted Beanes Costa Rica ""Naranjo""C123";(837.20);41.86;41.86;(837.20);(20.0000);0.00;636 - مخزون البن المحمص;636 - مخزون البن المحمص
16 أكتوبر 2025;Payable Invoice;7226;تحميص وارد لمستودع البن المحمص;"Rosted Beanes Costa Rica ""Naranjo""C123";16,022.29;38.15;0.00;16,022.29;420.0000;0.00;;636 - مخزون البن المحمص
20 أكتوبر 2025;Payable Credit Note;MP 2742;سند صرف قهوه محموصه فرع حطين;"Rosted Beanes Costa Rica ""Naranjo""C123";(3,641.82);41.86;41.86;(3,641.82);(87.0000);0.00;636 - مخزون البن المحمص;636 - مخزون البن المحمص
20 أكتوبر 2025;Payable Credit Note;MP 2743;سند صرف قهوه محموصه فرع رفا;"Rosted Beanes Costa Rica ""Naranjo""C123";(334.88);41.86;41.86;(334.88);(8.0000);0.00;636 - مخزون البن المحمص;636 - مخزون البن المحمص
21 أكتوبر 2025;Payable Credit Note;MP 2747;سند صرف قهوه محموصه فرع الصحافة;"Rosted Beanes Costa Rica ""Naranjo""C123";(837.20);41.86;41.86;(837.20);(20.0000);0.00;636 - مخزون البن المحمص;636 - مخزون البن المحمص
21 أكتوبر 2025;Payable Credit Note;MP 2747;سند صرف قهوه محموصه فرع الصحافة;"Rosted Beanes Costa Rica ""Naranjo""C123 4 كيس";(41.86);41.86;41.86;(41.86);(1.0000);0.00;636 - مخزون البن المحمص;636 - مخزون البن المحمص
22 أكتوبر 2025;Receivable Invoice;INV-4593;شركة زاوية التوزيع للتجارة;"Rosted Beanes Costa Rica ""Naranjo""C123";(2,600.00);37.51;130.00;(750.11);(20.0000);92.49;202 - مبيعات القهوة المحمصه;636 - مخزون البن المحمص
23 أكتوبر 2025;Payable Credit Note;MP 2749;سند صرف قهوه محموصه فرع التخصصي;"Rosted Beanes Costa Rica ""Naranjo""C123";(251.16);41.86;41.86;(251.16);(6.0000);0.00;636 - مخزون البن المحمص;636 - مخزون البن المحمص
24 أكتوبر 2025;Payable Credit Note;MP 2750;سند صرف قهوه محموصه فرع واو;"Rosted Beanes Costa Rica ""Naranjo""C123";(125.58);41.86;41.86;(125.58);(3.0000);0.00;636 - مخزون البن المحمص;636 - مخزون البن المحمص
26 أكتوبر 2025;Payable Credit Note;MP 2753;سند صرف قهوه محموصه فرع حطين;"Rosted Beanes Costa Rica ""Naranjo""C123";(1,967.42);41.86;41.86;(1,967.42);(47.0000);0.00;636 - مخزون البن المحمص;636 - مخزون البن المحمص
27 أكتوبر 2025;Payable Credit Note;MP 2755;سند صرف قهوه محموصه فرع رفا;"Rosted Beanes Costa Rica ""Naranjo""C123";(334.88);41.86;41.86;(334.88);(8.0000);0.00;636 - مخزون البن المحمص;636 - مخزون البن المحمص
27 أكتوبر 2025;Payable Credit Note;MP 2757;سند صرف قهوه محموصه فرع الصحافة;"Rosted Beanes Costa Rica ""Naranjo""C123";(627.90);41.86;41.86;(627.90);(15.0000);0.00;636 - مخزون البن المحمص;636 - مخزون البن المحمص
27 أكتوبر 2025;Payable Credit Note;MP 2754;سند صرف قهوه محموصه فرع حطين;"Rosted Beanes Costa Rica ""Naranjo""C123 12 كيس";(125.58);41.86;41.86;(125.58);(3.0000);0.00;636 - مخزون البن المحمص;636 - مخزون البن المحمص
28 أكتوبر 2025;Payable Credit Note;MP 2758;سند صرف قهوه محموصه فرع التخصصي;"Rosted Beanes Costa Rica ""Naranjo""C123";(418.60);41.86;41.86;(418.60);(10.0000);0.00;636 - مخزون البن المحمص;636 - مخزون البن المحمص
31 أكتوبر 2025;Payable Credit Note;MP 2762;سند صرف قهوه محموصه فرع الصحافة;"Rosted Beanes Costa Rica ""Naranjo""C123";(418.60);41.86;41.86;(418.60);(10.0000);0.00;636 - مخزون البن المحمص;636 - مخزون البن المحمص
31 أكتوبر 2025;Receivable Invoice;INV-4744;موقع سلة Salla website;"Rosted Beanes Costa Rica ""Naranjo""C123";(85.07);38.30;85.07;(38.30);(1.0000);46.77;203 - مبيعات المتجر الكترونى موقع سلة;636 - مخزون البن المحمص
31 أكتوبر 2025;Receivable Invoice;INV-4744;موقع سلة Salla website;"Rosted Beanes Costa Rica اظرف قهوة كوستريكا نارنجو
""Naranjo""C123";(35.40);38.30;141.60;(9.57);(0.2500);103.30;203 - مبيعات المتجر الكترونى موقع سلة;636 - مخزون البن المحمص
01 نوفمبر 2025;Receivable Invoice;INV-4645;مؤسسة جذل لتقديم المشروبات;"Rosted Beanes Costa Rica ""Naranjo""C123";(1,950.00);35.62;130.00;(534.35);(15.0000);94.38;202 - مبيعات القهوة المحمصه;636 - مخزون البن المحمص
03 نوفمبر 2025;Payable Credit Note;MP 2772;سند صرف قهوه محموصه فرع رفا;"Rosted Beanes Costa Rica ""Naranjo""C123";(167.44);41.86;41.86;(167.44);(4.0000);0.00;636 - مخزون البن المحمص;636 - مخزون البن المحمص
03 نوفمبر 2025;Payable Credit Note;MP 2766;سند صرف قهوه محموصه فرع الصحافة;"Rosted Beanes Costa Rica ""Naranjo""C123";(125.58);41.86;41.86;(125.58);(3.0000);0.00;636 - مخزون البن المحمص;636 - مخزون البن المحمص
03 نوفمبر 2025;Payable Credit Note;MP 2768;سند صرف قهوه محموصه فرع التخصصي;"Rosted Beanes Costa Rica ""Naranjo""C123";(41.86);41.86;41.86;(41.86);(1.0000);0.00;636 - مخزون البن المحمص;636 - مخزون البن المحمص
03 نوفمبر 2025;Payable Credit Note;MP 2767;سند صرف قهوه محموصه فرع رفا;"Rosted Beanes Costa Rica ""Naranjo""C123";(41.86);41.86;41.86;(41.86);(1.0000);0.00;636 - مخزون البن المحمص;636 - مخزون البن المحمص
03 نوفمبر 2025;Payable Credit Note;MP 2765;سند صرف قهوه محموصه فرع حطين;"Rosted Beanes Costa Rica ""Naranjo""C123";(125.58);41.86;41.86;(125.58);(3.0000);0.00;636 - مخزون البن المحمص;636 - مخزون البن المحمص
03 نوفمبر 2025;Payable Credit Note;MP 2769;سند صرف قهوه محموصه فرع الصحافة;"Rosted Beanes Costa Rica ""Naranjo""C123";(627.90);41.86;41.86;(627.90);(15.0000);0.00;636 - مخزون البن المحمص;636 - مخزون البن المحمص
03 نوفمبر 2025;Payable Credit Note;MP 2771;سند صرف قهوه محموصه فرع التخصصي;"Rosted Beanes Costa Rica ""Naranjo""C123";(418.60);41.86;41.86;(418.60);(10.0000);0.00;636 - مخزون البن المحمص;636 - مخزون البن المحمص
04 نوفمبر 2025;Payable Credit Note;MP 2774;سند صرف قهوه محموصه فرع حطين;"Rosted Beanes Costa Rica ""Naranjo""C123";(3,139.50);41.86;41.86;(3,139.50);(75.0000);0.00;636 - مخزون البن المحمص;636 - مخزون البن المحمص
06 نوفمبر 2025;Payable Credit Note;MP 2776;سند صرف قهوه محموصه فرع الصحافة;"Rosted Beanes Costa Rica ""Naranjo""C123";(627.90);41.86;41.86;(627.90);(15.0000);0.00;636 - مخزون البن المحمص;636 - مخزون البن المحمص
07 نوفمبر 2025;Payable Credit Note;MP 2778;سند صرف قهوه محموصه فرع التخصصي;"Rosted Beanes Costa Rica ""Naranjo""C123";(418.60);41.86;41.86;(418.60);(10.0000);0.00;636 - مخزون البن المحمص;636 - مخزون البن المحمص
07 نوفمبر 2025;Payable Credit Note;MP 2779;سند صرف قهوه محموصه فرع حطين;"Rosted Beanes Costa Rica ""Naranjo""C123";(125.58);41.86;41.86;(125.58);(3.0000);0.00;636 - مخزون البن المحمص;636 - مخزون البن المحمص
07 نوفمبر 2025;Payable Credit Note;MP 2777;سند صرف قهوه محموصه فرع الصحافة;"Rosted Beanes Costa Rica ""Naranjo""C123";(83.72);41.86;41.86;(83.72);(2.0000);0.00;636 - مخزون البن المحمص;636 - مخزون البن المحمص
08 نوفمبر 2025;Payable Credit Note;MP 2780;سند صرف قهوه محموصه فرع الصحافة;"Rosted Beanes Costa Rica ""Naranjo""C123";(418.60);41.86;41.86;(418.60);(10.0000);0.00;636 - مخزون البن المحمص;636 - مخزون البن المحمص
08 نوفمبر 2025;Payable Credit Note;MP 2782;سند صرف قهوه محموصه فرع رفا;"Rosted Beanes Costa Rica ""Naranjo""C123";(167.44);41.86;41.86;(167.44);(4.0000);0.00;636 - مخزون البن المحمص;636 - مخزون البن المحمص
08 نوفمبر 2025;Payable Credit Note;MP 2782;سند صرف قهوه محموصه فرع رفا;"Rosted Beanes Costa Rica ""Naranjo""C123";(41.86);41.86;41.86;(41.86);(1.0000);0.00;636 - مخزون البن المحمص;636 - مخزون البن المحمص
10 نوفمبر 2025;Payable Credit Note;MP 2786;سند صرف قهوه محموصه فرع واو;"Rosted Beanes Costa Rica ""Naranjo""C123";(83.72);41.86;41.86;(83.72);(2.0000);0.00;636 - مخزون البن المحمص;636 - مخزون البن المحمص
11 نوفمبر 2025;Payable Credit Note;MP 2790;سند صرف قهوه محموصه فرع حطين;"Rosted Beanes Costa Rica ""Naranjo""C123";(209.30);41.86;41.86;(209.30);(5.0000);0.00;636 - مخزون البن المحمص;636 - مخزون البن المحمص
11 نوفمبر 2025;Payable Credit Note;MP 2787;سند صرف قهوه محموصه فرع الصحافة;"Rosted Beanes Costa Rica ""Naranjo""C123";(41.86);41.86;41.86;(41.86);(1.0000);0.00;636 - مخزون البن المحمص;636 - مخزون البن المحمص
11 نوفمبر 2025;Payable Credit Note;MP 2789;سند صرف قهوه محموصه فرع حطين;"Rosted Beanes Costa Rica ""Naranjo""C123";(1,883.70);41.86;41.86;(1,883.70);(45.0000);0.00;636 - مخزون البن المحمص;636 - مخزون البن المحمص
11 نوفمبر 2025;Payable Credit Note;MP 2788;سند صرف قهوه محموصه فرع التخصصي;"Rosted Beanes Costa Rica ""Naranjo""C123";(41.86);41.86;41.86;(41.86);(1.0000);0.00;636 - مخزون البن المحمص;636 - مخزون البن المحمص
11 نوفمبر 2025;Adjustment;Revaluation;;اعادة تقييم;1,378.27;0.00;0.00;1,378.27;0.0000;0.00;;636 - مخزون البن المحمص
12 نوفمبر 2025;Payable Credit Note;MP 2793;سند صرف قهوه محموصه فرع الصحافة;"Rosted Beanes Costa Rica ""Naranjo""C123";(209.30);41.86;41.86;(209.30);(5.0000);0.00;636 - مخزون البن المحمص;636 - مخزون البن المحمص
12 نوفمبر 2025;Payable Credit Note;MP 2795;سند صرف قهوه محموصه فرع التخصصي;"Rosted Beanes Costa Rica ""Naranjo""C123";(83.72);41.86;41.86;(83.72);(2.0000);0.00;636 - مخزون البن المحمص;636 - مخزون البن المحمص
13 نوفمبر 2025;Payable Invoice;7228;تحميص وارد لمستودع البن المحمص;"Rosted Beanes Costa Rica ""Naranjo""C123";3,224.20;38.38;0.00;3,224.20;84.0000;0.00;;636 - مخزون البن المحمص
16 نوفمبر 2025;Payable Credit Note;MP 2800;سند صرف قهوه محموصه فرع التخصصي;"Rosted Beanes Costa Rica ""Naranjo""C123";(209.30);41.86;41.86;(209.30);(5.0000);0.00;636 - مخزون البن المحمص;636 - مخزون البن المحمص
17 نوفمبر 2025;Receivable Invoice;INV-4737;شركة زاوية التوزيع للتجارة;"Rosted Beanes Costa Rica ""Naranjo""C123";(1,690.00);38.30;130.00;(497.88);(13.0000);91.70;202 - مبيعات القهوة المحمصه;636 - مخزون البن المحمص
18 نوفمبر 2025;Payable Credit Note;MP 2802;سند صرف قهوه محموصه فرع الصحافة;"Rosted Beanes Costa Rica ""Naranjo""C12312كيس";(125.58);41.86;41.86;(125.58);(3.0000);0.00;636 - مخزون البن المحمص;636 - مخزون البن المحمص
18 نوفمبر 2025;Payable Credit Note;MP 2801;سند صرف قهوه محموصه فرع حطين;"Rosted Beanes Costa Rica ""Naranjo""C123";(418.60);41.86;41.86;(418.60);(10.0000);0.00;636 - مخزون البن المحمص;636 - مخزون البن المحمص
18 نوفمبر 2025;Payable Credit Note;MP 2806;سند صرف قهوه محموصه فرع التخصصي;"Rosted Beanes Costa Rica ""Naranjo""C123";(418.60);41.86;41.86;(418.60);(10.0000);0.00;636 - مخزون البن المحمص;636 - مخزون البن المحمص
18 نوفمبر 2025;Payable Credit Note;MP 2807;سند صرف قهوه محموصه فرع رفا;"Rosted Beanes Costa Rica ""Naranjo""C123";(125.58);41.86;41.86;(125.58);(3.0000);0.00;636 - مخزون البن المحمص;636 - مخزون البن المحمص
21 نوفمبر 2025;Payable Credit Note;MP 2809;سند صرف قهوه محموصه فرع حطين;"Rosted Beanes Costa Rica ""Naranjo""C123";(711.62);41.86;41.86;(711.62);(17.0000);0.00;636 - مخزون البن المحمص;636 - مخزون البن المحمص
21 نوفمبر 2025;Payable Credit Note;MP 2815;سند صرف قهوه محموصه فرع رفا;"Rosted Beanes Costa Rica ""Naranjo""C123";(41.86);41.86;41.86;(41.86);(1.0000);0.00;636 - مخزون البن المحمص;636 - مخزون البن المحمص
30 نوفمبر 2025;Receivable Invoice;INV-4868;موقع سلة Salla website;"Rosted Beanes Costa Rica ""Naranjo""C123";(2,337.91);31.70;108.74;(681.56);(21.5000);77.04;203 - مبيعات المتجر الكترونى موقع سلة;636 - مخزون البن المحمص
30 نوفمبر 2025;Receivable Invoice;INV-4868;موقع سلة Salla website;"Rosted Beanes Costa Rica اظرف قهوة كوستريكا نارنجو
""Naranjo""C123";(216.00);31.70;108.00;(63.40);(2.0000);76.30;203 - مبيعات المتجر الكترونى موقع سلة;636 - مخزون البن المحمص
31 ديسمبر 2025;Adjustment;Revaluation;;تعديل;2.54;0.00;0.00;2.54;0.0000;0.00;;636 - مخزون البن المحمص
31 ديسمبر 2025;Adjustment;Quantity Decrease;;جرد 31/12;(10.47);41.86;0.00;(10.47);(0.2500);0.00;;636 - مخزون البن المحمص
"Total RB17301- كوستاريكى نارنجو محمص - Rosted Beanes Costa Rica ""Naranjo""C123";;;;;(38,515.67);;;(5,532.87);(149.0000);3,547.86;;
Closing Balance;;;;;0.00;0.00;0.00;0.00;0.0000;0.00;;
;;;;;;;;;;;;
RB22025-مكسيكى باتش مجففه محمص - Rosted Beanes Mexico Pache Natural;;;;;;;;;;;;
Opening Balance;;;;;0.00;0.00;0.00;727.85;17.0000;0.00;;
01 يناير 2025;Payable Credit Note;MP 2286;سند صرف قهوه محموصه فرع الصحافة;Rosted Beanes Mexico Pache Natural130-100 4 كيس;(45.76);45.76;45.76;(45.76);(1.0000);0.00;636 - مخزون البن المحمص;636 - مخزون البن المحمص
02 يناير 2025;Payable Credit Note;MP 2289;سند صرف قهوه محموصه فرع حطين;Rosted Beanes Mexico Pache Natural130-100;(91.52);45.76;45.76;(91.52);(2.0000);0.00;636 - مخزون البن المحمص;636 - مخزون البن المحمص
02 يناير 2025;Payable Credit Note;MP 2290;سند صرف قهوه محموصه فرع حطين;Rosted Beanes Mexico Pache Natural130-100 6 كيس;(68.64);45.76;45.76;(68.64);(1.5000);0.00;636 - مخزون البن المحمص;636 - مخزون البن المحمص
05 يناير 2025;Payable Credit Note;MP 2292;سند صرف قهوه محموصه فرع التخصصي;Rosted Beanes Mexico Pache Natural130-100 4كيس;(45.76);45.76;45.76;(45.76);(1.0000);0.00;636 - مخزون البن المحمص;636 - مخزون البن المحمص
05 يناير 2025;Payable Credit Note;MP 2291;سند صرف قهوه محموصه فرع واو;Rosted Beanes Mexico Pache Natural130-100 2 كيس;(22.88);45.76;45.76;(22.88);(0.5000);0.00;636 - مخزون البن المحمص;636 - مخزون البن المحمص
15 يناير 2025;Payable Invoice;7200;تحميص وارد لمستودع البن المحمص;Rosted Beanes Mexico Pache Natural130-100;2,206.54;42.43;0.00;2,206.54;52.0000;0.00;;636 - مخزون البن المحمص
18 يناير 2025;Payable Credit Note;MP 2310;سند صرف قهوه محموصه فرع حطين;Rosted Beanes Mexico Pache Natural130-100;(137.28);45.76;45.76;(137.28);(3.0000);0.00;636 - مخزون البن المحمص;636 - مخزون البن المحمص
23 يناير 2025;Payable Credit Note;MP 2316;سند صرف قهوه محموصه فرع حطين;Rosted Beanes Mexico Pache Natural130-100 12 كيس;(137.28);45.76;45.76;(137.28);(3.0000);0.00;636 - مخزون البن المحمص;636 - مخزون البن المحمص
23 يناير 2025;Payable Credit Note;MP 2314;سند صرف قهوه محموصه فرع الصحافة;Rosted Beanes Mexico Pache Natural130-100 2 كيس;(22.88);45.76;45.76;(22.88);(0.5000);0.00;636 - مخزون البن المحمص;636 - مخزون البن المحمص
25 يناير 2025;Payable Credit Note;MP 2321;سند صرف قهوه محموصه فرع التخصصي;Rosted Beanes Mexico Pache Natural130-100 4 كيس;(45.76);45.76;45.76;(45.76);(1.0000);0.00;636 - مخزون البن المحمص;636 - مخزون البن المحمص
25 يناير 2025;Payable Credit Note;MP 2317;سند صرف قهوه محموصه فرع حطين;Rosted Beanes Mexico Pache Natural130-100;(228.80);45.76;45.76;(228.80);(5.0000);0.00;636 - مخزون البن المحمص;636 - مخزون البن المحمص
28 يناير 2025;Payable Invoice;7202;تحميص وارد لمستودع البن المحمص;Rosted Beanes Mexico Pache Natural130-100;1,374.57;42.96;0.00;1,374.57;32.0000;0.00;;636 - مخزون البن المحمص
29 يناير 2025;Payable Credit Note;MP 2329;سند صرف قهوه محموصه فرع حطين;Rosted Beanes Mexico Pache Natural130-100;(68.64);45.76;45.76;(68.64);(1.5000);0.00;636 - مخزون البن المحمص;636 - مخزون البن المحمص
01 فبراير 2025;Payable Credit Note;MP 2335;سند صرف قهوه محموصه فرع حطين;Rosted Beanes Mexico Pache Natural130-100;(228.80);45.76;45.76;(228.80);(5.0000);0.00;636 - مخزون البن المحمص;636 - مخزون البن المحمص
08 فبراير 2025;Payable Credit Note;MP 2343;سند صرف قهوه محموصه فرع حطين;Rosted Beanes Mexico Pache Natural130-100;(503.36);45.76;45.76;(503.36);(11.0000);0.00;636 - مخزون البن المحمص;636 - مخزون البن المحمص
12 فبراير 2025;Payable Invoice;7204;تحميص وارد لمستودع البن المحمص;Rosted Beanes Mexico Pache Natural130-100;1,029.60;51.48;0.00;1,029.60;20.0000;0.00;;636 - مخزون البن المحمص
12 فبراير 2025;Payable Credit Note;7204;امر تحميص مستودع البن الاخضر;Rosted Beanes Mexico Pache Natural130-100;(1,029.60);45.76;45.76;(1,029.60);(22.5000);0.00;636 - مخزون البن المحمص;636 - مخزون البن المحمص
13 فبراير 2025;Payable Credit Note;MP 2350;سند صرف قهوه محموصه فرع حطين;Rosted Beanes Mexico Pache Natural130-100 12 كيس;(137.28);45.76;45.76;(137.28);(3.0000);0.00;636 - مخزون البن المحمص;636 - مخزون البن المحمص
15 فبراير 2025;Payable Credit Note;MP 2351;سند صرف قهوه محموصه فرع التخصصي;Rosted Beanes Mexico Pache Natural130-100;(91.52);45.76;45.76;(91.52);(2.0000);0.00;636 - مخزون البن المحمص;636 - مخزون البن المحمص
15 فبراير 2025;Payable Credit Note;MP 2356;سند صرف قهوه محموصه فرع واو;Rosted Beanes Mexico Pache Natural130-100;(45.76);45.76;45.76;(45.76);(1.0000);0.00;636 - مخزون البن المحمص;636 - مخزون البن المحمص
16 فبراير 2025;Payable Credit Note;MP 2359;سند صرف قهوه محموصه فرع حطين;Rosted Beanes Mexico Pache Natural130-100;(228.80);45.76;45.76;(228.80);(5.0000);0.00;636 - مخزون البن المحمص;636 - مخزون البن المحمص
23 فبراير 2025;Payable Credit Note;MP 2368;سند صرف قهوه محموصه فرع حطين;Rosted Beanes Mexico Pache Natural130-100;(228.80);45.76;45.76;(228.80);(5.0000);0.00;636 - مخزون البن المحمص;636 - مخزون البن المحمص
23 فبراير 2025;Payable Credit Note;MP 2366;سند صرف قهوه محموصه فرع حطين;Rosted Beanes Mexico Pache Natural130-100;(137.28);45.76;45.76;(137.28);(3.0000);0.00;636 - مخزون البن المحمص;636 - مخزون البن المحمص
23 فبراير 2025;Payable Credit Note;MP 2364;سند صرف قهوه محموصه فرع رفا;Rosted Beanes Mexico Pache Natural130-100;(228.80);45.76;45.76;(228.80);(5.0000);0.00;636 - مخزون البن المحمص;636 - مخزون البن المحمص
26 فبراير 2025;Payable Credit Note;MP 2375;سند صرف قهوه محموصه فرع التخصصي;Rosted Beanes Mexico Pache Natural130-100;(45.76);45.76;45.76;(45.76);(1.0000);0.00;636 - مخزون البن المحمص;636 - مخزون البن المحمص
28 فبراير 2025;Receivable Invoice;INV-3412;موقع سلة Salla website;Rosted Beanes Mexico Pache Natural;(97.15);39.22;194.30;(19.61);(0.5000);155.08;203 - مبيعات المتجر الكترونى موقع سلة;636 - مخزون البن المحمص
03 مارس 2025;Payable Credit Note;MP 2380;سند صرف قهوه محموصه فرع حطين;Rosted Beanes Mexico Pache Natural130-100;(732.16);45.76;45.76;(732.16);(16.0000);0.00;636 - مخزون البن المحمص;636 - مخزون البن المحمص
06 مارس 2025;Payable Credit Note;MP 2385;سند صرف قهوه محموصه فرع واو;Rosted Beanes Mexico Pache Natural130-100;(91.52);45.76;45.76;(91.52);(2.0000);0.00;636 - مخزون البن المحمص;636 - مخزون البن المحمص
13 مارس 2025;Payable Invoice;7206;تحميص وارد لمستودع البن المحمص;Rosted Beanes Mexico Pache Natural130-100;4,123.72;42.51;0.00;4,123.72;97.0000;0.00;;636 - مخزون البن المحمص
13 مارس 2025;Payable Credit Note;MP 2391;سند صرف قهوه محموصه فرع التخصصي;Rosted Beanes Mexico Pache Natural130-100;(91.52);45.76;45.76;(91.52);(2.0000);0.00;636 - مخزون البن المحمص;636 - مخزون البن المحمص
15 مارس 2025;Payable Credit Note;MP 2397;سند صرف قهوه محموصه فرع واو;Rosted Beanes Mexico Pache Natural130-100;(91.52);45.76;45.76;(91.52);(2.0000);0.00;636 - مخزون البن المحمص;636 - مخزون البن المحمص
15 مارس 2025;Payable Credit Note;MP 2396;سند صرف قهوه محموصه فرع الصحافة;Rosted Beanes Mexico Pache Natural130-100 4 كيس;(45.76);45.76;45.76;(45.76);(1.0000);0.00;636 - مخزون البن المحمص;636 - مخزون البن المحمص
15 مارس 2025;Payable Credit Note;MP 2394;سند صرف قهوه محموصه فرع حطين;Rosted Beanes Mexico Pache Natural130-100;(686.40);45.76;45.76;(686.40);(15.0000);0.00;636 - مخزون البن المحمص;636 - مخزون البن المحمص
23 مارس 2025;Payable Credit Note;MP 2405;سند صرف قهوه محموصه فرع حطين;Rosted Beanes Mexico Pache Natural130-100;(686.40);45.76;45.76;(686.40);(15.0000);0.00;636 - مخزون البن المحمص;636 - مخزون البن المحمص
27 مارس 2025;Payable Credit Note;MP 2409;سند صرف قهوه محموصه فرع الصحافة;Rosted Beanes Mexico Pache Natural130-100 4 كيس;(45.76);45.76;45.76;(45.76);(1.0000);0.00;636 - مخزون البن المحمص;636 - مخزون البن المحمص
28 مارس 2025;Payable Credit Note;MP 2411;سند صرف قهوه محموصه فرع حطين;Rosted Beanes Mexico Pache Natural130-100;(274.56);45.76;45.76;(274.56);(6.0000);0.00;636 - مخزون البن المحمص;636 - مخزون البن المحمص
30 مارس 2025;Adjustment;Quantity Increase;;جرد 29/3;732.16;45.76;0.00;732.16;16.0000;0.00;;636 - مخزون البن المحمص
31 مارس 2025;Payable Credit Note;MP 2416;سند صرف قهوه محموصه فرع واو;Rosted Beanes Mexico Pache Natural130-100;(91.52);45.76;45.76;(91.52);(2.0000);0.00;636 - مخزون البن المحمص;636 - مخزون البن المحمص
05 أبريل 2025;Payable Credit Note;MP 2417;سند صرف قهوه محموصه فرع حطين;Rosted Beanes Mexico Pache Natural130-100;(457.60);45.76;45.76;(457.60);(10.0000);0.00;636 - مخزون البن المحمص;636 - مخزون البن المحمص
10 أبريل 2025;Payable Credit Note;MP 2425;سند صرف قهوه محموصه فرع التخصصي;Rosted Beanes Mexico Pache Natural130-100;(91.52);45.76;45.76;(91.52);(2.0000);0.00;636 - مخزون البن المحمص;636 - مخزون البن المحمص
13 أبريل 2025;Payable Credit Note;MP ;سند صرف قهوه محموصه فرع حطين;Rosted Beanes Mexico Pache Natural130-100;(91.52);45.76;45.76;(91.52);(2.0000);0.00;636 - مخزون البن المحمص;636 - مخزون البن المحمص
13 أبريل 2025;Payable Credit Note;MP 2431;سند صرف قهوه محموصه فرع واو;Rosted Beanes Mexico Pache Natural130-100;(91.52);45.76;45.76;(91.52);(2.0000);0.00;636 - مخزون البن المحمص;636 - مخزون البن المحمص
20 أبريل 2025;Payable Credit Note;MP 2444;سند صرف قهوه محموصه فرع حطين;Rosted Beanes Mexico Pache Natural130-100;(228.80);45.76;45.76;(228.80);(5.0000);0.00;636 - مخزون البن المحمص;636 - مخزون البن المحمص
20 أبريل 2025;Payable Credit Note;MP 2442;سند صرف قهوه محموصه فرع رفا;Rosted Beanes Mexico Pache Natural130-100 8 كيس;(91.52);45.76;45.76;(91.52);(2.0000);0.00;636 - مخزون البن المحمص;636 - مخزون البن المحمص
25 أبريل 2025;Payable Credit Note;MP 2449;سند صرف قهوه محموصه فرع التخصصي;Rosted Beanes Mexico Pache Natural130-100;(91.52);45.76;45.76;(91.52);(2.0000);0.00;636 - مخزون البن المحمص;636 - مخزون البن المحمص
27 أبريل 2025;Payable Credit Note;MP 2452;سند صرف قهوه محموصه فرع واو;Rosted Beanes Mexico Pache Natural130-100 2 كيس;(22.88);45.76;45.76;(22.88);(0.5000);0.00;636 - مخزون البن المحمص;636 - مخزون البن المحمص
27 أبريل 2025;Payable Credit Note;MP 2451;سند صرف قهوه محموصه فرع التخصصي;Rosted Beanes Mexico Pache Natural130-100 4 كيس;(45.76);45.76;45.76;(45.76);(1.0000);0.00;636 - مخزون البن المحمص;636 - مخزون البن المحمص
03 مايو 2025;Payable Credit Note;MP 2456;سند صرف قهوه محموصه فرع حطين;Rosted Beanes Mexico Pache Natural130-100;(274.56);45.76;45.76;(274.56);(6.0000);0.00;636 - مخزون البن المحمص;636 - مخزون البن المحمص
11 مايو 2025;Payable Credit Note;MP 2469;سند صرف قهوه محموصه فرع التخصصي;Rosted Beanes Mexico Pache Natural130-100;(91.52);45.76;45.76;(91.52);(2.0000);0.00;636 - مخزون البن المحمص;636 - مخزون البن المحمص
17 مايو 2025;Payable Credit Note;MP 2477;سند صرف قهوه محموصه فرع واو;Rosted Beanes Mexico Pache Natural130-100;(45.76);45.76;45.76;(45.76);(1.0000);0.00;636 - مخزون البن المحمص;636 - مخزون البن المحمص
17 مايو 2025;Payable Credit Note;MP 2481;سند صرف قهوه محموصه فرع رفا;Rosted Beanes Mexico Pache Natural130-100;(91.52);45.76;45.76;(91.52);(2.0000);0.00;636 - مخزون البن المحمص;636 - مخزون البن المحمص
17 مايو 2025;Payable Credit Note;MP 2483;سند صرف قهوه محموصه فرع حطين;Rosted Beanes Mexico Pache Natural130-100;(686.40);45.76;45.76;(686.40);(15.0000);0.00;636 - مخزون البن المحمص;636 - مخزون البن المحمص
17 مايو 2025;Payable Credit Note;MP 2478;سند صرف قهوه محموصه فرع واو;Rosted Beanes Mexico Pache Natural130-100;(91.52);45.76;45.76;(91.52);(2.0000);0.00;636 - مخزون البن المحمص;636 - مخزون البن المحمص
24 مايو 2025;Payable Credit Note;MP 2497;سند صرف قهوه محموصه فرع حطين;Rosted Beanes Mexico Pache Natural130-100;(137.28);45.76;45.76;(137.28);(3.0000);0.00;636 - مخزون البن المحمص;636 - مخزون البن المحمص
26 مايو 2025;Payable Credit Note;MP 2499;سند صرف قهوه محموصه فرع رفا;Rosted Beanes Mexico Pache Natural130-100;(228.80);45.76;45.76;(228.80);(5.0000);0.00;636 - مخزون البن المحمص;636 - مخزون البن المحمص
31 مايو 2025;Payable Credit Note;MP 2509;سند صرف قهوه محموصه فرع حطين;Rosted Beanes Mexico Pache Natural130-100;(274.56);45.76;45.76;(274.56);(6.0000);0.00;636 - مخزون البن المحمص;636 - مخزون البن المحمص
09 يونيو 2025;Payable Credit Note;MP 2517;سند صرف قهوه محموصه فرع حطين;Rosted Beanes Mexico Pache Natural130-100;(274.56);45.76;45.76;(274.56);(6.0000);0.00;636 - مخزون البن المحمص;636 - مخزون البن المحمص
11 يونيو 2025;Payable Credit Note;MP 2521;سند صرف قهوه محموصه فرع واو;Rosted Beanes Mexico Pache Natural130-100;(45.76);45.76;45.76;(45.76);(1.0000);0.00;636 - مخزون البن المحمص;636 - مخزون البن المحمص
12 يونيو 2025;Payable Invoice;7216;تحميص وارد لمستودع البن المحمص;Rosted Beanes Mexico Pache Natural130-100;994.76;38.26;0.00;994.76;26.0000;0.00;;636 - مخزون البن المحمص
15 يونيو 2025;Payable Credit Note;MP 2531;سند صرف قهوه محموصه فرع حطين;Rosted Beanes Mexico Pache Natural130-100;(228.80);45.76;45.76;(228.80);(5.0000);0.00;636 - مخزون البن المحمص;636 - مخزون البن المحمص
16 يونيو 2025;Payable Credit Note;MP 2532;سند صرف قهوه محموصه فرع التخصصي;Rosted Beanes Mexico Pache Natural130-100;(91.52);45.76;45.76;(91.52);(2.0000);0.00;636 - مخزون البن المحمص;636 - مخزون البن المحمص
23 يونيو 2025;Payable Credit Note;MP 2543;سند صرف قهوه محموصه فرع حطين;Rosted Beanes Mexico Pache Natural130-100;(228.80);45.76;45.76;(228.80);(5.0000);0.00;636 - مخزون البن المحمص;636 - مخزون البن المحمص
24 يونيو 2025;Payable Credit Note;MP 2544.;سند صرف قهوه محموصه فرع حطين;Rosted Beanes Mexico Pache Natural130-100 10 كيس;(114.40);45.76;45.76;(114.40);(2.5000);0.00;636 - مخزون البن المحمص;636 - مخزون البن المحمص
26 يونيو 2025;Adjustment;Quantity Increase;;"جرد 25/6
";320.32;45.76;0.00;320.32;7.0000;0.00;;636 - مخزون البن المحمص
30 يونيو 2025;Payable Credit Note;MP 2560;سند صرف قهوه محموصه فرع حطين;Rosted Beanes Mexico Pache Natural130-100;(137.28);45.76;45.76;(137.28);(3.0000);0.00;636 - مخزون البن المحمص;636 - مخزون البن المحمص
03 يوليو 2025;Payable Credit Note;MP 2567;سند صرف قهوه محموصه فرع حطين;Rosted Beanes Mexico Pache Natural130-100;(45.76);45.76;45.76;(45.76);(1.0000);0.00;636 - مخزون البن المحمص;636 - مخزون البن المحمص
07 يوليو 2025;Payable Credit Note;MP 2569;سند صرف قهوه محموصه فرع رفا;Rosted Beanes Mexico Pache Natural130-100;(228.80);45.76;45.76;(228.80);(5.0000);0.00;636 - مخزون البن المحمص;636 - مخزون البن المحمص
07 يوليو 2025;Payable Credit Note;MP 2571;سند صرف قهوه محموصه فرع حطين;Rosted Beanes Mexico Pache Natural130-100;(45.76);45.76;45.76;(45.76);(1.0000);0.00;636 - مخزون البن المحمص;636 - مخزون البن المحمص
10 يوليو 2025;Payable Credit Note;MP 2579;سند صرف قهوه محموصه فرع التخصصي;Rosted Beanes Mexico Pache Natural130-100;(137.28);45.76;45.76;(137.28);(3.0000);0.00;636 - مخزون البن المحمص;636 - مخزون البن المحمص
10 يوليو 2025;Payable Credit Note;MP 2572;سند صرف قهوه محموصه فرع حطين;Rosted Beanes Mexico Pache Natural130-100;(45.76);45.76;45.76;(45.76);(1.0000);0.00;636 - مخزون البن المحمص;636 - مخزون البن المحمص
10 يوليو 2025;Payable Credit Note;MP 2578;سند صرف قهوه محموصه فرع واو;Rosted Beanes Mexico Pache Natural130-100;(8.54);4.27;4.27;(8.54);(2.0000);0.00;636 - مخزون البن المحمص;636 - مخزون البن المحمص
14 يوليو 2025;Payable Credit Note;MP 2589;سند صرف قهوه محموصه فرع حطين;Rosted Beanes Mexico Pache Natural130-100;(45.76);45.76;45.76;(45.76);(1.0000);0.00;636 - مخزون البن المحمص;636 - مخزون البن المحمص
20 يوليو 2025;Payable Credit Note;MP 2592;سند صرف قهوه محموصه فرع حطين;Rosted Beanes Mexico Pache Natural130-100;(45.76);45.76;45.76;(45.76);(1.0000);0.00;636 - مخزون البن المحمص;636 - مخزون البن المحمص
20 يوليو 2025;Payable Credit Note;MP 2593;سند صرف قهوه محموصه فرع التخصصي;Rosted Beanes Mexico Pache Natural130-100;(137.28);45.76;45.76;(137.28);(3.0000);0.00;636 - مخزون البن المحمص;636 - مخزون البن المحمص
24 يوليو 2025;Receivable Invoice;INV-4160;شركة مستشفي المحمدية للرعاية الطبية;Rosted Beanes Mexico Pache Natural;(100.00);45.76;100.00;(45.76);(1.0000);54.24;202 - مبيعات القهوة المحمصه;636 - مخزون البن المحمص
24 يوليو 2025;Adjustment;Revaluation;;"اعادة تسعير
";622.15;0.00;0.00;622.15;0.0000;0.00;;636 - مخزون البن المحمص
29 يوليو 2025;Payable Credit Note;MP 2604;سند صرف قهوه محموصه فرع رفا;Rosted Beanes Mexico Pache Natural130-100;(183.04);45.76;45.76;(183.04);(4.0000);0.00;636 - مخزون البن المحمص;636 - مخزون البن المحمص
19 أغسطس 2025;Payable Credit Note;MP 2636;سند صرف قهوه محموصه فرع التخصصي;Rosted Beanes Mexico Pache Natural130-100;(91.52);45.76;45.76;(91.52);(2.0000);0.00;636 - مخزون البن المحمص;636 - مخزون البن المحمص
15 سبتمبر 2025;Payable Credit Note;MP 2690;سند صرف قهوه محموصه فرع التخصصي;Rosted Beanes Mexico Pache Natural130-100;(45.76);45.76;45.76;(45.76);(1.0000);0.00;636 - مخزون البن المحمص;636 - مخزون البن المحمص
30 سبتمبر 2025;Adjustment;Bulk Adjustment;;جرد البن المحمص 30/9;(91.52);45.76;0.00;(91.52);(2.0000);0.00;;636 - مخزون البن المحمص
05 نوفمبر 2025;Payable Invoice;7227;تحميص وارد لمستودع البن المحمص;Rosted Beanes Mexico Pache Natural130-100;364.50;56.08;0.00;364.50;6.5000;0.00;;636 - مخزون البن المحمص
27 نوفمبر 2025;Payable Invoice;7230;تحميص وارد لمستودع البن المحمص;Rosted Beanes Mexico Pache Natural130-100;729.00;56.08;0.00;729.00;13.0000;0.00;;636 - مخزون البن المحمص
06 ديسمبر 2025;Payable Credit Note;2851;سند صرف قهوه محموصه فرع حطين;Rosted Beanes Mexico Pache Natural130-100;(585.00);58.50;58.50;(585.00);(10.0000);0.00;636 - مخزون البن المحمص;636 - مخزون البن المحمص
10 ديسمبر 2025;Payable Invoice;7232;تحميص وارد لمستودع البن المحمص;Rosted Beanes Mexico Pache Natural130-100;2,964.60;57.01;0.00;2,964.60;52.0000;0.00;;636 - مخزون البن المحمص
13 ديسمبر 2025;Payable Credit Note;MP 2863;سند صرف قهوه محموصه فرع حطين;Rosted Beanes Mexico Pache Natural130-100;(877.50);58.50;58.50;(877.50);(15.0000);0.00;636 - مخزون البن المحمص;636 - مخزون البن المحمص
15 ديسمبر 2025;Payable Credit Note;MP 2866;سند صرف قهوه محموصه فرع التخصصي;Rosted Beanes Mexico Pache Natural130-100;(58.50);58.50;58.50;(58.50);(1.0000);0.00;636 - مخزون البن المحمص;636 - مخزون البن المحمص
20 ديسمبر 2025;Payable Credit Note;MP 2875;سند صرف قهوه محموصه فرع حطين;Rosted Beanes Mexico Pache Natural130-100;(760.50);58.50;58.50;(760.50);(13.0000);0.00;636 - مخزون البن المحمص;636 - مخزون البن المحمص
20 ديسمبر 2025;Receivable Invoice;INV-4923;شركة مستشفي المحمدية للرعاية الطبية;Rosted Beanes Mexico Pache Natural( 30 bag 250 g);(1,125.00);54.66;150.00;(409.98);(7.5000);95.34;202 - مبيعات القهوة المحمصه;636 - مخزون البن المحمص
28 ديسمبر 2025;Payable Credit Note;MP 2889;سند صرف قهوه محموصه فرع حطين;Rosted Beanes Mexico Pache Natural130-100;(585.00);58.50;58.50;(585.00);(10.0000);0.00;636 - مخزون البن المحمص;636 - مخزون البن المحمص
28 ديسمبر 2025;Payable Credit Note;MP 2889;سند صرف قهوه محموصه فرع حطين;Rosted Beanes Mexico Pache Natural130-100;(234.00);58.50;58.50;(234.00);(4.0000);0.00;636 - مخزون البن المحمص;636 - مخزون البن المحمص
30 ديسمبر 2025;Payable Credit Note;MP 2894;سند صرف قهوه محموصه فرع حطين;Rosted Beanes Mexico Pache Natural130-100;(117.00);58.50;58.50;(117.00);(2.0000);0.00;636 - مخزون البن المحمص;636 - مخزون البن المحمص
31 ديسمبر 2025;Adjustment;Revaluation;;تعديل التكلفه;95.88;0.00;0.00;95.88;0.0000;0.00;;636 - مخزون البن المحمص
31 ديسمبر 2025;Adjustment;Quantity Increase;;جرد 31/12;234.00;58.50;0.00;234.00;4.0000;0.00;;636 - مخزون البن المحمص
Total RB22025-مكسيكى باتش مجففه محمص - Rosted Beanes Mexico Pache Natural;;;;;(814.14);;;32.65;(4.0000);304.66;;
Closing Balance;;;;;0.00;0.00;0.00;760.50;13.0000;0.00;;
;;;;;;;;;;;;
RB24402-بنما مجففه كاتواى محمص - Rosted Beanes Panama Arabica Natural Cataway;;;;;;;;;;;;
Opening Balance;;;;;0.00;0.00;0.00;6,279.00;138.0000;0.00;;
01 يناير 2025;Payable Credit Note;MP 2285;سند صرف قهوه محموصه فرع الصحافة;Rosted Beanes Panama Arabica Natural Cataway(98-90);(136.50);45.50;45.50;(136.50);(3.0000);0.00;636 - مخزون البن المحمص;636 - مخزون البن المحمص
01 يناير 2025;Payable Credit Note;MP 2286;سند صرف قهوه محموصه فرع الصحافة;Rosted Beanes Panama Arabica Natural Cataway(98-90) 4 كيس;(45.50);45.50;45.50;(45.50);(1.0000);0.00;636 - مخزون البن المحمص;636 - مخزون البن المحمص
02 يناير 2025;Payable Credit Note;MP 2289;سند صرف قهوه محموصه فرع حطين;Rosted Beanes Panama Arabica Natural Cataway(98-90);(682.50);45.50;45.50;(682.50);(15.0000);0.00;636 - مخزون البن المحمص;636 - مخزون البن المحمص
05 يناير 2025;Payable Credit Note;MP 2291;سند صرف قهوه محموصه فرع واو;Rosted Beanes Panama Arabica Natural Cataway(98-90);(45.50);45.50;45.50;(45.50);(1.0000);0.00;636 - مخزون البن المحمص;636 - مخزون البن المحمص
06 يناير 2025;Payable Credit Note;MP 2294;سند صرف قهوه محموصه فرع الصحافة;Rosted Beanes Panama Arabica Natural Cataway(98-90);(182.00);45.50;45.50;(182.00);(4.0000);0.00;636 - مخزون البن المحمص;636 - مخزون البن المحمص
06 يناير 2025;Payable Credit Note;MP 2295;سند صرف قهوه محموصه فرع التخصصي;Rosted Beanes Panama Arabica Natural Cataway(98-90);(91.00);45.50;45.50;(91.00);(2.0000);0.00;636 - مخزون البن المحمص;636 - مخزون البن المحمص
06 يناير 2025;Payable Credit Note;MP 2295;سند صرف قهوه محموصه فرع التخصصي;Rosted Beanes Panama Arabica Natural Cataway(98-90) 6 كيس;(68.25);45.50;45.50;(68.25);(1.5000);0.00;636 - مخزون البن المحمص;636 - مخزون البن المحمص
11 يناير 2025;Payable Credit Note;MP 2299;سند صرف قهوه محموصه فرع حطين;Rosted Beanes Panama Arabica Natural Cataway(98-90);(819.00);45.50;45.50;(819.00);(18.0000);0.00;636 - مخزون البن المحمص;636 - مخزون البن المحمص
11 يناير 2025;Payable Credit Note;MP 2298;سند صرف قهوه محموصه فرع الصحافة;Rosted Beanes Panama Arabica Natural Cataway(98-90);(364.00);45.50;45.50;(364.00);(8.0000);0.00;636 - مخزون البن المحمص;636 - مخزون البن المحمص
15 يناير 2025;Payable Invoice;7201;تحميص وارد لمستودع البن المحمص;Rosted Beanes Panama Arabica Natural Cataway(98-90);4,358.09;45.87;0.00;4,358.09;95.0000;0.00;;636 - مخزون البن المحمص
15 يناير 2025;Payable Credit Note;MP 2301;سند صرف قهوه محموصه فرع الصحافة;Rosted Beanes Panama Arabica Natural Cataway(98-90);(227.50);45.50;45.50;(227.50);(5.0000);0.00;636 - مخزون البن المحمص;636 - مخزون البن المحمص
15 يناير 2025;Payable Credit Note;MP 2304;سند صرف قهوه محموصه فرع رفا;Rosted Beanes Panama Arabica Natural Cataway(98-90);(227.50);45.50;45.50;(227.50);(5.0000);0.00;636 - مخزون البن المحمص;636 - مخزون البن المحمص
18 يناير 2025;Payable Credit Note;MP 2310;سند صرف قهوه محموصه فرع حطين;Rosted Beanes Panama Arabica Natural Cataway(98-90);(682.50);45.50;45.50;(682.50);(15.0000);0.00;636 - مخزون البن المحمص;636 - مخزون البن المحمص
18 يناير 2025;Payable Credit Note;MP 2308;سند صرف قهوه محموصه فرع التخصصي;Rosted Beanes Panama Arabica Natural Cataway(98-90);(91.00);45.50;45.50;(91.00);(2.0000);0.00;636 - مخزون البن المحمص;636 - مخزون البن المحمص
18 يناير 2025;Payable Credit Note;MP 2307;سند صرف قهوه محموصه فرع الصحافة;Rosted Beanes Panama Arabica Natural Cataway(98-90);(227.50);45.50;45.50;(227.50);(5.0000);0.00;636 - مخزون البن المحمص;636 - مخزون البن المحمص
23 يناير 2025;Payable Credit Note;MP 2316;سند صرف قهوه محموصه فرع حطين;Rosted Beanes Panama Arabica Natural Cataway(98-90);(136.50);45.50;45.50;(136.50);(3.0000);0.00;636 - مخزون البن المحمص;636 - مخزون البن المحمص
23 يناير 2025;Payable Credit Note;MP 2314;سند صرف قهوه محموصه فرع الصحافة;Rosted Beanes Panama Arabica Natural Cataway(98-90) 2 كيس;(22.75);45.50;45.50;(22.75);(0.5000);0.00;636 - مخزون البن المحمص;636 - مخزون البن المحمص
25 يناير 2025;Payable Credit Note;MP 2321;سند صرف قهوه محموصه فرع التخصصي;Rosted Beanes Panama Arabica Natural Cataway(98-90) 4 كيس;(45.50);45.50;45.50;(45.50);(1.0000);0.00;636 - مخزون البن المحمص;636 - مخزون البن المحمص
25 يناير 2025;Payable Credit Note;MP 2317;سند صرف قهوه محموصه فرع حطين;Rosted Beanes Panama Arabica Natural Cataway(98-90);(455.00);45.50;45.50;(455.00);(10.0000);0.00;636 - مخزون البن المحمص;636 - مخزون البن المحمص
28 يناير 2025;Payable Invoice;7202;تحميص وارد لمستودع البن المحمص;Rosted Beanes Panama Arabica Natural Cataway(98-90);2,401.57;46.18;0.00;2,401.57;52.0000;0.00;;636 - مخزون البن المحمص
29 يناير 2025;Payable Credit Note;MP 2328;سند صرف قهوه محموصه فرع الصحافة;Rosted Beanes Panama Arabica Natural Cataway(98-90);(455.00);45.50;45.50;(455.00);(10.0000);0.00;636 - مخزون البن المحمص;636 - مخزون البن المحمص
29 يناير 2025;Payable Credit Note;MP 2329;سند صرف قهوه محموصه فرع حطين;Rosted Beanes Panama Arabica Natural Cataway(98-90);(68.25);45.50;45.50;(68.25);(1.5000);0.00;636 - مخزون البن المحمص;636 - مخزون البن المحمص
01 فبراير 2025;Payable Credit Note;MP 2333;سند صرف قهوه محموصه فرع رفا;Rosted Beanes Panama Arabica Natural Cataway(98-90);(455.00);45.50;45.50;(455.00);(10.0000);0.00;636 - مخزون البن المحمص;636 - مخزون البن المحمص
01 فبراير 2025;Payable Credit Note;MP 2335;سند صرف قهوه محموصه فرع حطين;Rosted Beanes Panama Arabica Natural Cataway(98-90);(455.00);45.50;45.50;(455.00);(10.0000);0.00;636 - مخزون البن المحمص;636 - مخزون البن المحمص
05 فبراير 2025;Payable Credit Note;MP 2340;سند صرف قهوه محموصه فرع الصحافة;Rosted Beanes Panama Arabica Natural Cataway(98-90);(455.00);45.50;45.50;(455.00);(10.0000);0.00;636 - مخزون البن المحمص;636 - مخزون البن المحمص
08 فبراير 2025;Payable Credit Note;MP 2343;سند صرف قهوه محموصه فرع حطين;Rosted Beanes Panama Arabica Natural Cataway(98-90);(455.00);45.50;45.50;(455.00);(10.0000);0.00;636 - مخزون البن المحمص;636 - مخزون البن المحمص
08 فبراير 2025;Payable Credit Note;MP 2343;سند صرف قهوه محموصه فرع حطين;Rosted Beanes Panama Arabica Natural Cataway(98-90) لعدم وجود كاتورا ;(682.50);45.50;45.50;(682.50);(15.0000);0.00;636 - مخزون البن المحمص;636 - مخزون البن المحمص
10 فبراير 2025;Payable Credit Note;MP 2345;سند صرف قهوه محموصه فرع الصحافة;Rosted Beanes Panama Arabica Natural Cataway(98-90);(455.00);45.50;45.50;(455.00);(10.0000);0.00;636 - مخزون البن المحمص;636 - مخزون البن المحمص
12 فبراير 2025;Payable Invoice;7203;تحميص وارد لمستودع البن المحمص;Rosted Beanes Panama Arabica Natural Cataway(98-90);2,874.01;45.62;0.00;2,874.01;63.0000;0.00;;636 - مخزون البن المحمص
13 فبراير 2025;Payable Credit Note;MP 2350;سند صرف قهوه محموصه فرع حطين;Rosted Beanes Panama Arabica Natural Cataway(98-90) 12 كيس;(136.50);45.50;45.50;(136.50);(3.0000);0.00;636 - مخزون البن المحمص;636 - مخزون البن المحمص
15 فبراير 2025;Payable Credit Note;MP 2351;سند صرف قهوه محموصه فرع التخصصي;Rosted Beanes Panama Arabica Natural Cataway(98-90);(91.00);45.50;45.50;(91.00);(2.0000);0.00;636 - مخزون البن المحمص;636 - مخزون البن المحمص
15 فبراير 2025;Payable Credit Note;MP 2354;سند صرف قهوه محموصه فرع الصحافة;Rosted Beanes Panama Arabica Natural Cataway(98-90);(455.00);45.50;45.50;(455.00);(10.0000);0.00;636 - مخزون البن المحمص;636 - مخزون البن المحمص
15 فبراير 2025;Payable Credit Note;MP 2352;سند صرف قهوه محموصه فرع التخصصي;Rosted Beanes Panama Arabica Natural Cataway(98-90) 4 كيس;(45.50);45.50;45.50;(45.50);(1.0000);0.00;636 - مخزون البن المحمص;636 - مخزون البن المحمص
16 فبراير 2025;Payable Credit Note;MP 2359;سند صرف قهوه محموصه فرع حطين;Rosted Beanes Panama Arabica Natural Cataway(98-90);(682.50);45.50;45.50;(682.50);(15.0000);0.00;636 - مخزون البن المحمص;636 - مخزون البن المحمص
20 فبراير 2025;Payable Credit Note;MP 2362;سند صرف قهوه محموصه فرع الصحافة;Rosted Beanes Panama Arabica Natural Cataway(98-90) 4 كيس;(45.50);45.50;45.50;(45.50);(1.0000);0.00;636 - مخزون البن المحمص;636 - مخزون البن المحمص
23 فبراير 2025;Payable Credit Note;MP 2368;سند صرف قهوه محموصه فرع حطين;Rosted Beanes Panama Arabica Natural Cataway(98-90) 20 كيس;(227.50);45.50;45.50;(227.50);(5.0000);0.00;636 - مخزون البن المحمص;636 - مخزون البن المحمص
23 فبراير 2025;Payable Credit Note;MP 2366;سند صرف قهوه محموصه فرع حطين;Rosted Beanes Panama Arabica Natural Cataway(98-90);(682.50);45.50;45.50;(682.50);(15.0000);0.00;636 - مخزون البن المحمص;636 - مخزون البن المحمص
23 فبراير 2025;Payable Credit Note;MP 2367;سند صرف قهوه محموصه فرع واو;Rosted Beanes Panama Arabica Natural Cataway(98-90);(91.00);45.50;45.50;(91.00);(2.0000);0.00;636 - مخزون البن المحمص;636 - مخزون البن المحمص
23 فبراير 2025;Payable Credit Note;MP 2364;سند صرف قهوه محموصه فرع رفا;Rosted Beanes Panama Arabica Natural Cataway(98-90);(227.50);45.50;45.50;(227.50);(5.0000);0.00;636 - مخزون البن المحمص;636 - مخزون البن المحمص
26 فبراير 2025;Payable Credit Note;MP 2375;سند صرف قهوه محموصه فرع التخصصي;Rosted Beanes Panama Arabica Natural Cataway(98-90);(91.00);45.50;45.50;(91.00);(2.0000);0.00;636 - مخزون البن المحمص;636 - مخزون البن المحمص
28 فبراير 2025;Payable Credit Note;MP 2377;سند صرف قهوه محموصه فرع الصحافة;Rosted Beanes Panama Arabica Natural Cataway(98-90);(455.00);45.50;45.50;(455.00);(10.0000);0.00;636 - مخزون البن المحمص;636 - مخزون البن المحمص
28 فبراير 2025;Payable Credit Note;MP 2377;سند صرف قهوه محموصه فرع الصحافة;Rosted Beanes Panama Arabica Natural Cataway(98-90) 4 كيس;(45.50);45.50;45.50;(45.50);(1.0000);0.00;636 - مخزون البن المحمص;636 - مخزون البن المحمص
28 فبراير 2025;Receivable Invoice;INV-3412;موقع سلة Salla website;Rosted Beanes Panama Arabica Natural Cataway(98-90);(99.00);46.35;198.00;(23.17);(0.5000);151.65;203 - مبيعات المتجر الكترونى موقع سلة;636 - مخزون البن المحمص
03 مارس 2025;Payable Credit Note;MP 2380;سند صرف قهوه محموصه فرع حطين;Rosted Beanes Panama Arabica Natural Cataway(98-90);(1,137.50);45.50;45.50;(1,137.50);(25.0000);0.00;636 - مخزون البن المحمص;636 - مخزون البن المحمص
06 مارس 2025;Payable Credit Note;MP 2385;سند صرف قهوه محموصه فرع واو;Rosted Beanes Panama Arabica Natural Cataway(98-90);(91.00);45.50;45.50;(91.00);(2.0000);0.00;636 - مخزون البن المحمص;636 - مخزون البن المحمص
13 مارس 2025;Payable Invoice;7207;تحميص وارد لمستودع البن المحمص;Rosted Beanes Panama Arabica Natural Cataway(98-90);6,299.21;45.98;0.00;6,299.21;137.0000;0.00;;636 - مخزون البن المحمص
13 مارس 2025;Payable Credit Note;MP 2391;سند صرف قهوه محموصه فرع التخصصي;Rosted Beanes Panama Arabica Natural Cataway(98-90);(91.00);45.50;45.50;(91.00);(2.0000);0.00;636 - مخزون البن المحمص;636 - مخزون البن المحمص
15 مارس 2025;Payable Credit Note;MP 2396;سند صرف قهوه محموصه فرع الصحافة;Rosted Beanes Panama Arabica Natural Cataway(98-90) 4 كيس;(45.50);45.50;45.50;(45.50);(1.0000);0.00;636 - مخزون البن المحمص;636 - مخزون البن المحمص
15 مارس 2025;Payable Credit Note;MP 2394;سند صرف قهوه محموصه فرع حطين;Rosted Beanes Panama Arabica Natural Cataway(98-90);(682.50);45.50;45.50;(682.50);(15.0000);0.00;636 - مخزون البن المحمص;636 - مخزون البن المحمص
19 مارس 2025;Payable Credit Note;MP 2400;سند صرف قهوه محموصه فرع الصحافة;Rosted Beanes Panama Arabica Natural Cataway(98-90);(455.00);45.50;45.50;(455.00);(10.0000);0.00;636 - مخزون البن المحمص;636 - مخزون البن المحمص
23 مارس 2025;Payable Credit Note;MP 2405;سند صرف قهوه محموصه فرع حطين;Rosted Beanes Panama Arabica Natural Cataway(98-90);(455.00);45.50;45.50;(455.00);(10.0000);0.00;636 - مخزون البن المحمص;636 - مخزون البن المحمص
27 مارس 2025;Payable Credit Note;MP 2409;سند صرف قهوه محموصه فرع الصحافة;Rosted Beanes Panama Arabica Natural Cataway(98-90) 4 كيس;(45.50);45.50;45.50;(45.50);(1.0000);0.00;636 - مخزون البن المحمص;636 - مخزون البن المحمص
28 مارس 2025;Payable Credit Note;MP 2411;سند صرف قهوه محموصه فرع حطين;Rosted Beanes Panama Arabica Natural Cataway(98-90);(136.50);45.50;45.50;(136.50);(3.0000);0.00;636 - مخزون البن المحمص;636 - مخزون البن المحمص
30 مارس 2025;Adjustment;Quantity Increase;;جرد 29/3;1,274.00;45.50;0.00;1,274.00;28.0000;0.00;;636 - مخزون البن المحمص
31 مارس 2025;Receivable Invoice;INV-3605;موقع سلة Salla website;Rosted Beanes Panama Arabica Natural Cataway(98-90);(98.00);45.77;98.00;(45.77);(1.0000);52.23;202 - مبيعات القهوة المحمصه;636 - مخزون البن المحمص
31 مارس 2025;Payable Credit Note;MP 2413;سند صرف قهوه محموصه فرع رفا;Rosted Beanes Panama Arabica Natural Cataway(98-90);(227.50);45.50;45.50;(227.50);(5.0000);0.00;636 - مخزون البن المحمص;636 - مخزون البن المحمص
31 مارس 2025;Payable Credit Note;MP 2415;سند صرف قهوه محموصه فرع الصحافة;Rosted Beanes Panama Arabica Natural Cataway(98-90);(455.00);45.50;45.50;(455.00);(10.0000);0.00;636 - مخزون البن المحمص;636 - مخزون البن المحمص
05 أبريل 2025;Payable Credit Note;MP 2417;سند صرف قهوه محموصه فرع حطين;Rosted Beanes Panama Arabica Natural Cataway(98-90);(455.00);45.50;45.50;(455.00);(10.0000);0.00;636 - مخزون البن المحمص;636 - مخزون البن المحمص
10 أبريل 2025;Payable Credit Note;MP 2425;سند صرف قهوه محموصه فرع التخصصي;Rosted Beanes Panama Arabica Natural Cataway(98-90);(91.00);45.50;45.50;(91.00);(2.0000);0.00;636 - مخزون البن المحمص;636 - مخزون البن المحمص
10 أبريل 2025;Payable Credit Note;MP 2426;سند صرف قهوه محموصه فرع الصحافة;Rosted Beanes Panama Arabica Natural Cataway(98-90) 6 كيس;(68.25);45.50;45.50;(68.25);(1.5000);0.00;636 - مخزون البن المحمص;636 - مخزون البن المحمص
13 أبريل 2025;Payable Credit Note;MP 2427;سند صرف قهوه محموصه فرع الصحافة;Rosted Beanes Panama Arabica Natural Cataway(98-90);(455.00);45.50;45.50;(455.00);(10.0000);0.00;636 - مخزون البن المحمص;636 - مخزون البن المحمص
13 أبريل 2025;Payable Credit Note;MP ;سند صرف قهوه محموصه فرع حطين;Rosted Beanes Panama Arabica Natural Cataway(98-90);(318.50);45.50;45.50;(318.50);(7.0000);0.00;636 - مخزون البن المحمص;636 - مخزون البن المحمص
17 أبريل 2025;Payable Invoice;7210;تحميص وارد لمستودع البن المحمص;Rosted Beanes Panama Arabica Natural Cataway(98-90);7,578.73;45.11;0.00;7,578.73;168.0000;0.00;;636 - مخزون البن المحمص
17 أبريل 2025;Payable Credit Note;MP 2436;سند صرف قهوه محموصه فرع التخصصي;Rosted Beanes Panama Arabica Natural Cataway(98-90);(91.00);45.50;45.50;(91.00);(2.0000);0.00;636 - مخزون البن المحمص;636 - مخزون البن المحمص
20 أبريل 2025;Payable Credit Note;MP 2444;سند صرف قهوه محموصه فرع حطين;Rosted Beanes Panama Arabica Natural Cataway(98-90);(500.50);45.50;45.50;(500.50);(11.0000);0.00;636 - مخزون البن المحمص;636 - مخزون البن المحمص
25 أبريل 2025;Payable Credit Note;MP 2447;سند صرف قهوه محموصه فرع الصحافة;Rosted Beanes Panama Arabica Natural Cataway(98-90);(455.00);45.50;45.50;(455.00);(10.0000);0.00;636 - مخزون البن المحمص;636 - مخزون البن المحمص
30 أبريل 2025;Receivable Invoice;INV-3781;موقع سلة Salla website;Rosted Beanes Panama Arabica Natural Cataway(98-90);(98.00);45.82;98.00;(45.82);(1.0000);52.18;202 - مبيعات القهوة المحمصه;636 - مخزون البن المحمص
03 مايو 2025;Payable Credit Note;MP 2459;سند صرف قهوه محموصه فرع الصحافة;Rosted Beanes Panama Arabica Natural Cataway(98-90);(455.00);45.50;45.50;(455.00);(10.0000);0.00;636 - مخزون البن المحمص;636 - مخزون البن المحمص
03 مايو 2025;Payable Credit Note;MP 2456;سند صرف قهوه محموصه فرع حطين;Rosted Beanes Panama Arabica Natural Cataway(98-90);(227.50);45.50;45.50;(227.50);(5.0000);0.00;636 - مخزون البن المحمص;636 - مخزون البن المحمص
11 مايو 2025;Payable Credit Note;MP 2470;سند صرف قهوه محموصه فرع الصحافة;Rosted Beanes Panama Arabica Natural Cataway(98-90);(455.00);45.50;45.50;(455.00);(10.0000);0.00;636 - مخزون البن المحمص;636 - مخزون البن المحمص
11 مايو 2025;Payable Credit Note;MP 2470;سند صرف قهوه محموصه فرع الصحافة;Rosted Beanes Panama Arabica Natural Cataway(98-90) 4 كيس;(45.50);45.50;45.50;(45.50);(1.0000);0.00;636 - مخزون البن المحمص;636 - مخزون البن المحمص
17 مايو 2025;Payable Credit Note;MP 2477;سند صرف قهوه محموصه فرع واو;Rosted Beanes Panama Arabica Natural Cataway(98-90);(91.00);45.50;45.50;(91.00);(2.0000);0.00;636 - مخزون البن المحمص;636 - مخزون البن المحمص
21 مايو 2025;Payable Credit Note;MP 2489;سند صرف قهوه محموصه فرع الصحافة;Rosted Beanes Panama Arabica Natural Cataway(98-90);(455.00);45.50;45.50;(455.00);(10.0000);0.00;636 - مخزون البن المحمص;636 - مخزون البن المحمص
24 مايو 2025;Payable Credit Note;MP 2492;سند صرف قهوه محموصه فرع الصحافة;Rosted Beanes Panama Arabica Natural Cataway(98-90);(455.00);45.50;45.50;(455.00);(10.0000);0.00;636 - مخزون البن المحمص;636 - مخزون البن المحمص
26 مايو 2025;Payable Credit Note;MP 2500;سند صرف قهوه محموصه فرع الصحافة;Rosted Beanes Panama Arabica Natural Cataway(98-90);(455.00);45.50;45.50;(455.00);(10.0000);0.00;636 - مخزون البن المحمص;636 - مخزون البن المحمص
29 مايو 2025;Payable Credit Note;MP 2504;سند صرف قهوه محموصه فرع رفا;Rosted Beanes Panama Arabica Natural Cataway(98-90) 4 كيس;(45.50);45.50;45.50;(45.50);(1.0000);0.00;636 - مخزون البن المحمص;636 - مخزون البن المحمص
31 مايو 2025;Receivable Invoice;INV-3944;موقع سلة Salla website;Rosted Beanes Panama Arabica Natural Cataway(98-90);(99.00);45.96;99.00;(45.96);(1.0000);53.04;203 - مبيعات المتجر الكترونى موقع سلة;636 - مخزون البن المحمص
31 مايو 2025;Payable Credit Note;MP 2508;سند صرف قهوه محموصه فرع الصحافة;Rosted Beanes Panama Arabica Natural Cataway(98-90);(455.00);45.50;45.50;(455.00);(10.0000);0.00;636 - مخزون البن المحمص;636 - مخزون البن المحمص
09 يونيو 2025;Payable Credit Note;MP 2520;سند صرف قهوه محموصه فرع رفا;Rosted Beanes Panama Arabica Natural Cataway(98-90) 4 كيس;(45.50);45.50;45.50;(45.50);(1.0000);0.00;636 - مخزون البن المحمص;636 - مخزون البن المحمص
11 يونيو 2025;Payable Credit Note;MP 2521;سند صرف قهوه محموصه فرع واو;Rosted Beanes Panama Arabica Natural Cataway(98-90);(45.50);45.50;45.50;(45.50);(1.0000);0.00;636 - مخزون البن المحمص;636 - مخزون البن المحمص
12 يونيو 2025;Payable Credit Note;MP 2524;سند صرف قهوه محموصه فرع الصحافة;Rosted Beanes Panama Arabica Natural Cataway(98-90);(455.00);45.50;45.50;(455.00);(10.0000);0.00;636 - مخزون البن المحمص;636 - مخزون البن المحمص
15 يونيو 2025;Payable Credit Note;MP 2527;سند صرف قهوه محموصه فرع الصحافة;Rosted Beanes Panama Arabica Natural Cataway(98-90);(455.00);45.50;45.50;(455.00);(10.0000);0.00;636 - مخزون البن المحمص;636 - مخزون البن المحمص
16 يونيو 2025;Payable Credit Note;2534;سند صرف قهوه محموصه فرع رفا;Rosted Beanes Panama Arabica Natural Cataway(98-90);(182.00);45.50;45.50;(182.00);(4.0000);0.00;636 - مخزون البن المحمص;636 - مخزون البن المحمص
16 يونيو 2025;Payable Credit Note;MP 2532;سند صرف قهوه محموصه فرع التخصصي;Rosted Beanes Panama Arabica Natural Cataway(98-90);(91.00);45.50;45.50;(91.00);(2.0000);0.00;636 - مخزون البن المحمص;636 - مخزون البن المحمص
18 يونيو 2025;Payable Credit Note;MP 2536;سند صرف قهوه محموصه فرع الصحافة;Rosted Beanes Panama Arabica Natural Cataway(98-90);(455.00);45.50;45.50;(455.00);(10.0000);0.00;636 - مخزون البن المحمص;636 - مخزون البن المحمص
24 يونيو 2025;Payable Credit Note;MP 2545;سند صرف قهوه محموصه فرع الصحافة;Rosted Beanes Panama Arabica Natural Cataway(98-90);(455.00);45.50;45.50;(455.00);(10.0000);0.00;636 - مخزون البن المحمص;636 - مخزون البن المحمص
24 يونيو 2025;Payable Credit Note;MP 2544.;سند صرف قهوه محموصه فرع حطين;Rosted Beanes Panama Arabica Natural Cataway(98-90) 28 كيس;(318.50);45.50;45.50;(318.50);(7.0000);0.00;636 - مخزون البن المحمص;636 - مخزون البن المحمص
26 يونيو 2025;Payable Credit Note;MP 2551;سند صرف قهوه محموصه فرع التخصصي;Rosted Beanes Panama Arabica Natural Cataway(98-90);(91.00);45.50;45.50;(91.00);(2.0000);0.00;636 - مخزون البن المحمص;636 - مخزون البن المحمص
26 يونيو 2025;Adjustment;Quantity Decrease;;جرد 25/6;(252.80);45.96;0.00;(252.80);(5.5000);0.00;;636 - مخزون البن المحمص
30 يونيو 2025;Receivable Invoice;INV-4101;موقع سلة Salla website;Rosted Beanes Panama Arabica Natural Cataway(98-90);(270.00);46.64;90.00;(139.91);(3.0000);43.36;203 - مبيعات المتجر الكترونى موقع سلة;636 - مخزون البن المحمص
03 يوليو 2025;Payable Credit Note;MP 2567;سند صرف قهوه محموصه فرع الصحافة;Rosted Beanes Panama Arabica Natural Cataway(98-90);(455.00);45.50;45.50;(455.00);(10.0000);0.00;636 - مخزون البن المحمص;636 - مخزون البن المحمص
07 يوليو 2025;Payable Credit Note;MP 2569;سند صرف قهوه محموصه فرع رفا;Rosted Beanes Panama Arabica Natural Cataway(98-90);(227.50);45.50;45.50;(227.50);(5.0000);0.00;636 - مخزون البن المحمص;636 - مخزون البن المحمص
07 يوليو 2025;Payable Credit Note;MP 2571;سند صرف قهوه محموصه فرع حطين;Rosted Beanes Panama Arabica Natural Cataway(98-90);(637.00);45.50;45.50;(637.00);(14.0000);0.00;636 - مخزون البن المحمص;636 - مخزون البن المحمص
13 يوليو 2025;Payable Credit Note;MP 2588;سند صرف قهوه محموصه فرع رفا;Rosted Beanes Panama Arabica Natural Cataway(98-90);(455.00);45.50;45.50;(455.00);(10.0000);0.00;636 - مخزون البن المحمص;636 - مخزون البن المحمص
14 يوليو 2025;Payable Credit Note;MP 2589;سند صرف قهوه محموصه فرع حطين;Rosted Beanes Panama Arabica Natural Cataway(98-90);(1,092.00);45.50;45.50;(1,092.00);(24.0000);0.00;636 - مخزون البن المحمص;636 - مخزون البن المحمص
20 يوليو 2025;Payable Credit Note;MP 2592;سند صرف قهوه محموصه فرع حطين;Rosted Beanes Panama Arabica Natural Cataway(98-90);(1,410.50);45.50;45.50;(1,410.50);(31.0000);0.00;636 - مخزون البن المحمص;636 - مخزون البن المحمص
23 يوليو 2025;Payable Credit Note;MP 2596;سند صرف قهوه محموصه فرع الصحافة;Rosted Beanes Panama Arabica Natural Cataway(98-90);(910.00);45.50;45.50;(910.00);(20.0000);0.00;636 - مخزون البن المحمص;636 - مخزون البن المحمص
31 يوليو 2025;Receivable Invoice;INV-4243;موقع سلة Salla website;Rosted Beanes Panama Arabica Natural Cataway(98-90);(180.18);47.17;90.09;(94.33);(2.0000);42.92;203 - مبيعات المتجر الكترونى موقع سلة;636 - مخزون البن المحمص
31 أغسطس 2025;Receivable Invoice;INV-4356;موقع سلة Salla website;Rosted Beanes Panama Arabica Natural Cataway(98-90);(23.75);47.17;95.00;(11.79);(0.2500);47.83;203 - مبيعات المتجر الكترونى موقع سلة;636 - مخزون البن المحمص
30 سبتمبر 2025;Adjustment;Bulk Adjustment;;جرد البن المحمص 30/9;(1,922.05);47.17;0.00;(1,922.05);(40.7500);0.00;;636 - مخزون البن المحمص
Total RB24402-بنما مجففه كاتواى محمص - Rosted Beanes Panama Arabica Natural Cataway;;;;;(6,740.17);;;(6,279.00);(138.0000);443.22;;
Closing Balance;;;;;0.00;0.00;0.00;0.00;0.0000;0.00;;
;;;;;;;;;;;;
RB2701- برونداى مجففه محمص - Rosted Beanes Burundi Natural;;;;;;;;;;;;
Opening Balance;;;;;0.00;0.00;0.00;12,123.41;346.0000;0.00;;
01 يناير 2025;Payable Credit Note;MP 2285;سند صرف قهوه محموصه فرع الصحافة;Rosted Beanes Burundi Natural;(105.00);35.00;35.00;(105.00);(3.0000);0.00;636 - مخزون البن المحمص;636 - مخزون البن المحمص
01 يناير 2025;Payable Credit Note;MP 2286;سند صرف قهوه محموصه فرع الصحافة;Rosted Beanes Burundi Natural 4 كيس;(35.00);35.00;35.00;(35.00);(1.0000);0.00;636 - مخزون البن المحمص;636 - مخزون البن المحمص
02 يناير 2025;Payable Credit Note;MP 2289;سند صرف قهوه محموصه فرع حطين;Rosted Beanes Burundi Natural;(875.00);35.00;35.00;(875.00);(25.0000);0.00;636 - مخزون البن المحمص;636 - مخزون البن المحمص
02 يناير 2025;Payable Credit Note;MP 2290;سند صرف قهوه محموصه فرع حطين;Rosted Beanes Burundi Natural 6 كيس;(52.50);35.00;35.00;(52.50);(1.5000);0.00;636 - مخزون البن المحمص;636 - مخزون البن المحمص
05 يناير 2025;Payable Credit Note;MP 2293;سند صرف قهوه محموصه فرع رفا;Rosted Beanes Burundi Natural;(525.00);35.00;35.00;(525.00);(15.0000);0.00;636 - مخزون البن المحمص;636 - مخزون البن المحمص
06 يناير 2025;Payable Credit Note;MP 2294;سند صرف قهوه محموصه فرع الصحافة;Rosted Beanes Burundi Natural;(140.00);35.00;35.00;(140.00);(4.0000);0.00;636 - مخزون البن المحمص;636 - مخزون البن المحمص
06 يناير 2025;Payable Credit Note;MP 2295;سند صرف قهوه محموصه فرع التخصصي;Rosted Beanes Burundi Natural;(525.00);35.00;35.00;(525.00);(15.0000);0.00;636 - مخزون البن المحمص;636 - مخزون البن المحمص
11 يناير 2025;Payable Credit Note;MP 2299;سند صرف قهوه محموصه فرع حطين;Rosted Beanes Burundi Natural;(875.00);35.00;35.00;(875.00);(25.0000);0.00;636 - مخزون البن المحمص;636 - مخزون البن المحمص
11 يناير 2025;Payable Credit Note;MP 2296;سند صرف قهوه محموصه فرع رفا;Rosted Beanes Burundi Natural;(455.00);35.00;35.00;(455.00);(13.0000);0.00;636 - مخزون البن المحمص;636 - مخزون البن المحمص
11 يناير 2025;Payable Credit Note;MP 2296;سند صرف قهوه محموصه فرع رفا;Rosted Beanes Burundi Natural 8 كيس;(70.00);35.00;35.00;(70.00);(2.0000);0.00;636 - مخزون البن المحمص;636 - مخزون البن المحمص
11 يناير 2025;Payable Credit Note;MP 2298;سند صرف قهوه محموصه فرع الصحافة;Rosted Beanes Burundi Natural;(525.00);35.00;35.00;(525.00);(15.0000);0.00;636 - مخزون البن المحمص;636 - مخزون البن المحمص
15 يناير 2025;Payable Invoice;7201;تحميص وارد لمستودع البن المحمص;Rosted Beanes Burundi Natural;6,106.50;34.89;0.00;6,106.50;175.0000;0.00;;636 - مخزون البن المحمص
15 يناير 2025;Payable Credit Note;MP 2303;سند صرف قهوه محموصه فرع واو;Rosted Beanes Burundi Natural;(525.00);35.00;35.00;(525.00);(15.0000);0.00;636 - مخزون البن المحمص;636 - مخزون البن المحمص
15 يناير 2025;Payable Credit Note;MP 2301;سند صرف قهوه محموصه فرع الصحافة;Rosted Beanes Burundi Natural;(175.00);35.00;35.00;(175.00);(5.0000);0.00;636 - مخزون البن المحمص;636 - مخزون البن المحمص
15 يناير 2025;Payable Credit Note;MP 2304;سند صرف قهوه محموصه فرع رفا;Rosted Beanes Burundi Natural;(525.00);35.00;35.00;(525.00);(15.0000);0.00;636 - مخزون البن المحمص;636 - مخزون البن المحمص
18 يناير 2025;Payable Credit Note;MP 2310;سند صرف قهوه محموصه فرع حطين;Rosted Beanes Burundi Natural;(910.00);35.00;35.00;(910.00);(26.0000);0.00;636 - مخزون البن المحمص;636 - مخزون البن المحمص
18 يناير 2025;Payable Credit Note;MP 2308;سند صرف قهوه محموصه فرع التخصصي;Rosted Beanes Burundi Natural 3 كيس;(26.25);35.00;35.00;(26.25);(0.7500);0.00;636 - مخزون البن المحمص;636 - مخزون البن المحمص
18 يناير 2025;Payable Credit Note;MP 2307;سند صرف قهوه محموصه فرع الصحافة;Rosted Beanes Burundi Natural;(350.00);35.00;35.00;(350.00);(10.0000);0.00;636 - مخزون البن المحمص;636 - مخزون البن المحمص
20 يناير 2025;Payable Credit Note;MP 2312;سند صرف قهوه محموصه فرع رفا;Rosted Beanes Burundi Natural;(525.00);35.00;35.00;(525.00);(15.0000);0.00;636 - مخزون البن المحمص;636 - مخزون البن المحمص
23 يناير 2025;Payable Credit Note;MP 2316;سند صرف قهوه محموصه فرع حطين;Rosted Beanes Burundi Natural;(105.00);35.00;35.00;(105.00);(3.0000);0.00;636 - مخزون البن المحمص;636 - مخزون البن المحمص
23 يناير 2025;Payable Credit Note;MP 2314;سند صرف قهوه محموصه فرع الصحافة;Rosted Beanes Burundi Natural;(350.00);35.00;35.00;(350.00);(10.0000);0.00;636 - مخزون البن المحمص;636 - مخزون البن المحمص
25 يناير 2025;Payable Credit Note;MP 2320;سند صرف قهوه محموصه فرع التخصصي;Rosted Beanes Burundi Natural;(350.00);35.00;35.00;(350.00);(10.0000);0.00;636 - مخزون البن المحمص;636 - مخزون البن المحمص
25 يناير 2025;Payable Credit Note;MP 2322;سند صرف قهوه محموصه فرع الصحافة;Rosted Beanes Burundi Natural;(525.00);35.00;35.00;(525.00);(15.0000);0.00;636 - مخزون البن المحمص;636 - مخزون البن المحمص
25 يناير 2025;Payable Credit Note;MP 2321;سند صرف قهوه محموصه فرع التخصصي;Rosted Beanes Burundi Natural 4 كيس;(35.00);35.00;35.00;(35.00);(1.0000);0.00;636 - مخزون البن المحمص;636 - مخزون البن المحمص
25 يناير 2025;Payable Credit Note;MP 2317;سند صرف قهوه محموصه فرع حطين;Rosted Beanes Burundi Natural;(525.00);35.00;35.00;(525.00);(15.0000);0.00;636 - مخزون البن المحمص;636 - مخزون البن المحمص
26 يناير 2025;Payable Credit Note;MP 2324;سند صرف قهوه محموصه فرع واو;Rosted Beanes Burundi Natural;(175.00);35.00;35.00;(175.00);(5.0000);0.00;636 - مخزون البن المحمص;636 - مخزون البن المحمص
28 يناير 2025;Payable Invoice;7202;تحميص وارد لمستودع البن المحمص;Rosted Beanes Burundi Natural;7,227.51;35.09;0.00;7,227.51;206.0000;0.00;;636 - مخزون البن المحمص
28 يناير 2025;Receivable Invoice;INV-3098;مؤسسة مكيث لتقديم المشروبات;Rosted Beanes Burundi Natural;(5,180.00);35.03;74.00;(2,451.88);(70.0000);38.97;202 - مبيعات القهوة المحمصه;636 - مخزون البن المحمص
29 يناير 2025;Payable Credit Note;MP 2328;سند صرف قهوه محموصه فرع الصحافة;Rosted Beanes Burundi Natural;(525.00);35.00;35.00;(525.00);(15.0000);0.00;636 - مخزون البن المحمص;636 - مخزون البن المحمص
29 يناير 2025;Payable Credit Note;MP 2328;سند صرف قهوه محموصه فرع الصحافة;Rosted Beanes Burundi Natural 4 كيس;(35.00);35.00;35.00;(35.00);(1.0000);0.00;636 - مخزون البن المحمص;636 - مخزون البن المحمص
29 يناير 2025;Payable Credit Note;MP 2330;سند صرف قهوه محموصه فرع واو;Rosted Beanes Burundi Natural;(175.00);35.00;35.00;(175.00);(5.0000);0.00;636 - مخزون البن المحمص;636 - مخزون البن المحمص
01 فبراير 2025;Payable Credit Note;MP 2333;سند صرف قهوه محموصه فرع رفا;Rosted Beanes Burundi Natural;(700.00);35.00;35.00;(700.00);(20.0000);0.00;636 - مخزون البن المحمص;636 - مخزون البن المحمص
01 فبراير 2025;Payable Credit Note;MP 2335;سند صرف قهوه محموصه فرع حطين;Rosted Beanes Burundi Natural;(770.00);35.00;35.00;(770.00);(22.0000);0.00;636 - مخزون البن المحمص;636 - مخزون البن المحمص
03 فبراير 2025;Payable Credit Note;MP 2337;سند صرف قهوه محموصه فرع التخصصي;Rosted Beanes Burundi Natural;(525.00);35.00;35.00;(525.00);(15.0000);0.00;636 - مخزون البن المحمص;636 - مخزون البن المحمص
03 فبراير 2025;Payable Credit Note;MP 2337;سند صرف قهوه محموصه فرع التخصصي;Rosted Beanes Burundi Natural 3 كيس;(26.25);35.00;35.00;(26.25);(0.7500);0.00;636 - مخزون البن المحمص;636 - مخزون البن المحمص
03 فبراير 2025;Payable Credit Note;MP 2336;سند صرف قهوه محموصه فرع الصحافة;Rosted Beanes Burundi Natural;(700.00);35.00;35.00;(700.00);(20.0000);0.00;636 - مخزون البن المحمص;636 - مخزون البن المحمص
03 فبراير 2025;Payable Credit Note;MP 2336;سند صرف قهوه محموصه فرع الصحافة;Rosted Beanes Burundi Natural 4 كيس;(35.00);35.00;35.00;(35.00);(1.0000);0.00;636 - مخزون البن المحمص;636 - مخزون البن المحمص
05 فبراير 2025;Payable Credit Note;MP 2342;سند صرف قهوه محموصه فرع واو;Rosted Beanes Burundi Natural;(350.00);35.00;35.00;(350.00);(10.0000);0.00;636 - مخزون البن المحمص;636 - مخزون البن المحمص
05 فبراير 2025;Payable Credit Note;MP 2341;سند صرف قهوه محموصه فرع رفا;Rosted Beanes Burundi Natural;(700.00);35.00;35.00;(700.00);(20.0000);0.00;636 - مخزون البن المحمص;636 - مخزون البن المحمص
08 فبراير 2025;Payable Credit Note;MP 2343;سند صرف قهوه محموصه فرع حطين;Rosted Beanes Burundi Natural;(700.00);35.00;35.00;(700.00);(20.0000);0.00;636 - مخزون البن المحمص;636 - مخزون البن المحمص
10 فبراير 2025;Payable Credit Note;MP 2345;سند صرف قهوه محموصه فرع الصحافة;Rosted Beanes Burundi Natural;(350.00);35.00;35.00;(350.00);(10.0000);0.00;636 - مخزون البن المحمص;636 - مخزون البن المحمص
11 فبراير 2025;Payable Credit Note;MP 2347;سند صرف قهوه محموصه فرع واو;Rosted Beanes Burundi Natural;(350.00);35.00;35.00;(350.00);(10.0000);0.00;636 - مخزون البن المحمص;636 - مخزون البن المحمص
12 فبراير 2025;Payable Invoice;7203;تحميص وارد لمستودع البن المحمص;Rosted Beanes Burundi Natural;7,198.01;34.61;0.00;7,198.01;208.0000;0.00;;636 - مخزون البن المحمص
13 فبراير 2025;Receivable Invoice;INV-3190;مؤسسة مكيث لتقديم المشروبات;Rosted Beanes Burundi Natural;(2,220.00);34.83;74.00;(1,045.01);(30.0000);39.17;202 - مبيعات القهوة المحمصه;636 - مخزون البن المحمص
15 فبراير 2025;Payable Credit Note;MP 2351;سند صرف قهوه محموصه فرع التخصصي;Rosted Beanes Burundi Natural;(350.00);35.00;35.00;(350.00);(10.0000);0.00;636 - مخزون البن المحمص;636 - مخزون البن المحمص
15 فبراير 2025;Payable Credit Note;MP 2356;سند صرف قهوه محموصه فرع واو;Rosted Beanes Burundi Natural 4 كيس;(35.00);35.00;35.00;(35.00);(1.0000);0.00;636 - مخزون البن المحمص;636 - مخزون البن المحمص
15 فبراير 2025;Payable Credit Note;MP 2354;سند صرف قهوه محموصه فرع الصحافة;Rosted Beanes Burundi Natural;(1,050.00);35.00;35.00;(1,050.00);(30.0000);0.00;636 - مخزون البن المحمص;636 - مخزون البن المحمص
15 فبراير 2025;Payable Credit Note;MP 2352;سند صرف قهوه محموصه فرع التخصصي;Rosted Beanes Burundi Natural 4 كيس;(35.00);35.00;35.00;(35.00);(1.0000);0.00;636 - مخزون البن المحمص;636 - مخزون البن المحمص
16 فبراير 2025;Payable Credit Note;MP 2359;سند صرف قهوه محموصه فرع حطين;Rosted Beanes Burundi Natural;(1,050.00);35.00;35.00;(1,050.00);(30.0000);0.00;636 - مخزون البن المحمص;636 - مخزون البن المحمص
19 فبراير 2025;Payable Credit Note;MP 2358;سند صرف قهوه محموصه فرع رفا;Rosted Beanes Burundi Natural;(350.00);35.00;35.00;(350.00);(10.0000);0.00;636 - مخزون البن المحمص;636 - مخزون البن المحمص
20 فبراير 2025;Payable Credit Note;MP 2362;سند صرف قهوه محموصه فرع الصحافة;Rosted Beanes Burundi Natural;(700.00);35.00;35.00;(700.00);(20.0000);0.00;636 - مخزون البن المحمص;636 - مخزون البن المحمص
23 فبراير 2025;Payable Credit Note;MP 2369;سند صرف قهوه محموصه فرع التخصصي;Rosted Beanes Burundi Natural 4 كس;(35.00);35.00;35.00;(35.00);(1.0000);0.00;636 - مخزون البن المحمص;636 - مخزون البن المحمص
23 فبراير 2025;Payable Credit Note;MP 2368;سند صرف قهوه محموصه فرع حطين;Rosted Beanes Burundi Natural;(175.00);35.00;35.00;(175.00);(5.0000);0.00;636 - مخزون البن المحمص;636 - مخزون البن المحمص
23 فبراير 2025;Payable Credit Note;MP 2366;سند صرف قهوه محموصه فرع حطين;Rosted Beanes Burundi Natural;(700.00);35.00;35.00;(700.00);(20.0000);0.00;636 - مخزون البن المحمص;636 - مخزون البن المحمص
25 فبراير 2025;Payable Credit Note;MP 2371;سند صرف قهوه محموصه فرع الصحافة;Rosted Beanes Burundi Natural;(700.00);35.00;35.00;(700.00);(20.0000);0.00;636 - مخزون البن المحمص;636 - مخزون البن المحمص
25 فبراير 2025;Payable Credit Note;MP 2371;سند صرف قهوه محموصه فرع الصحافة;Rosted Beanes Burundi Natural 4 كيس;(35.00);35.00;35.00;(35.00);(1.0000);0.00;636 - مخزون البن المحمص;636 - مخزون البن المحمص
25 فبراير 2025;Payable Credit Note;MP 2374;سند صرف قهوه محموصه فرع واو;Rosted Beanes Burundi Natural;(175.00);35.00;35.00;(175.00);(5.0000);0.00;636 - مخزون البن المحمص;636 - مخزون البن المحمص
25 فبراير 2025;Payable Credit Note;MP 2374;سند صرف قهوه محموصه فرع واو;Rosted Beanes Burundi Natural 1 كيس;(8.75);35.00;35.00;(8.75);(0.2500);0.00;636 - مخزون البن المحمص;636 - مخزون البن المحمص
26 فبراير 2025;Payable Invoice;7205;تحميص وارد لمستودع البن المحمص;Rosted Beanes Burundi Natural;1,799.50;35.28;0.00;1,799.50;51.0000;0.00;;636 - مخزون البن المحمص
26 فبراير 2025;Payable Credit Note;MP 2375;سند صرف قهوه محموصه فرع التخصصي;Rosted Beanes Burundi Natural;(175.00);35.00;35.00;(175.00);(5.0000);0.00;636 - مخزون البن المحمص;636 - مخزون البن المحمص
28 فبراير 2025;Payable Credit Note;MP 2377;سند صرف قهوه محموصه فرع الصحافة;Rosted Beanes Burundi Natural;(1,400.00);35.00;35.00;(1,400.00);(40.0000);0.00;636 - مخزون البن المحمص;636 - مخزون البن المحمص
28 فبراير 2025;Payable Credit Note;MP 2377;سند صرف قهوه محموصه فرع الصحافة;Rosted Beanes Burundi Natural 4 كيس;(35.00);35.00;35.00;(35.00);(1.0000);0.00;636 - مخزون البن المحمص;636 - مخزون البن المحمص
28 فبراير 2025;Receivable Invoice;INV-3412;موقع سلة Salla website;Rosted Beanes Burundi Natural;(558.35);34.64;85.90;(225.18);(6.5000);51.26;203 - مبيعات المتجر الكترونى موقع سلة;636 - مخزون البن المحمص
01 مارس 2025;Receivable Invoice;INV-3285;مؤسسة مكيث لتقديم المشروبات;Rosted Beanes Burundi Natural;(3,700.00);34.82;74.00;(1,741.09);(50.0000);39.18;202 - مبيعات القهوة المحمصه;636 - مخزون البن المحمص
03 مارس 2025;Payable Credit Note;MP 2381;سند صرف قهوه محموصه فرع رفا;Rosted Beanes Burundi Natural;(700.00);35.00;35.00;(700.00);(20.0000);0.00;636 - مخزون البن المحمص;636 - مخزون البن المحمص
03 مارس 2025;Payable Credit Note;MP 2380;سند صرف قهوه محموصه فرع حطين;Rosted Beanes Burundi Natural;(1,120.00);35.00;35.00;(1,120.00);(32.0000);0.00;636 - مخزون البن المحمص;636 - مخزون البن المحمص
03 مارس 2025;Payable Credit Note;MP 2383;سند صرف قهوه محموصه فرع واو;Rosted Beanes Burundi Natural;(175.00);35.00;35.00;(175.00);(5.0000);0.00;636 - مخزون البن المحمص;636 - مخزون البن المحمص
11 مارس 2025;Payable Credit Note;MP 2390;سند صرف قهوه محموصه فرع رفا;Rosted Beanes Burundi Natural;(350.00);35.00;35.00;(350.00);(10.0000);0.00;636 - مخزون البن المحمص;636 - مخزون البن المحمص
13 مارس 2025;Payable Invoice;7206;تحميص وارد لمستودع البن المحمص;Rosted Beanes Burundi Natural;10,767.51;34.85;0.00;10,767.51;309.0000;0.00;;636 - مخزون البن المحمص
13 مارس 2025;Payable Credit Note;MP 2391;سند صرف قهوه محموصه فرع التخصصي;Rosted Beanes Burundi Natural;(350.00);35.00;35.00;(350.00);(10.0000);0.00;636 - مخزون البن المحمص;636 - مخزون البن المحمص
15 مارس 2025;Payable Credit Note;MP 2397;سند صرف قهوه محموصه فرع واو;Rosted Beanes Burundi Natural;(175.00);35.00;35.00;(175.00);(5.0000);0.00;636 - مخزون البن المحمص;636 - مخزون البن المحمص
15 مارس 2025;Receivable Invoice;INV-3365;مؤسسة مكيث لتقديم المشروبات;Rosted Beanes Burundi Natural;(3,700.00);34.79;74.00;(1,739.54);(50.0000);39.21;202 - مبيعات القهوة المحمصه;636 - مخزون البن المحمص
15 مارس 2025;Payable Credit Note;MP 2394;سند صرف قهوه محموصه فرع حطين;Rosted Beanes Burundi Natural;(700.00);35.00;35.00;(700.00);(20.0000);0.00;636 - مخزون البن المحمص;636 - مخزون البن المحمص
18 مارس 2025;Payable Credit Note;MP 2398;سند صرف قهوه محموصه فرع رفا;Rosted Beanes Burundi Natural;(350.00);35.00;35.00;(350.00);(10.0000);0.00;636 - مخزون البن المحمص;636 - مخزون البن المحمص
19 مارس 2025;Payable Credit Note;MP 2400;سند صرف قهوه محموصه فرع الصحافة;Rosted Beanes Burundi Natural;(700.00);35.00;35.00;(700.00);(20.0000);0.00;636 - مخزون البن المحمص;636 - مخزون البن المحمص
20 مارس 2025;Payable Credit Note;MP 2401;سند صرف قهوه محموصه فرع واو;Rosted Beanes Burundi Natural;(175.00);35.00;35.00;(175.00);(5.0000);0.00;636 - مخزون البن المحمص;636 - مخزون البن المحمص
23 مارس 2025;Payable Credit Note;MP 2405;سند صرف قهوه محموصه فرع حطين;Rosted Beanes Burundi Natural;(525.00);35.00;35.00;(525.00);(15.0000);0.00;636 - مخزون البن المحمص;636 - مخزون البن المحمص
28 مارس 2025;Payable Credit Note;MP 2411;سند صرف قهوه محموصه فرع حطين;Rosted Beanes Burundi Natural;(245.00);35.00;35.00;(245.00);(7.0000);0.00;636 - مخزون البن المحمص;636 - مخزون البن المحمص
28 مارس 2025;Receivable Invoice;INV-3430;شركة زهى الفندقية;Rosted Beanes Burundi Natural;(980.00);34.74;98.00;(347.40);(10.0000);63.26;202 - مبيعات القهوة المحمصه;636 - مخزون البن المحمص
30 مارس 2025;Adjustment;Quantity Increase;;جرد 29/3;656.25;35.00;0.00;656.25;18.7500;0.00;;636 - مخزون البن المحمص
31 مارس 2025;Payable Credit Note;MP 2415;سند صرف قهوه محموصه فرع الصحافة;Rosted Beanes Burundi Natural;(700.00);35.00;35.00;(700.00);(20.0000);0.00;636 - مخزون البن المحمص;636 - مخزون البن المحمص
31 مارس 2025;Payable Credit Note;MP 2416;سند صرف قهوه محموصه فرع واو;Rosted Beanes Burundi Natural;(175.00);35.00;35.00;(175.00);(5.0000);0.00;636 - مخزون البن المحمص;636 - مخزون البن المحمص
05 أبريل 2025;Payable Credit Note;MP 2420;سند صرف قهوه محموصه فرع رفا;Rosted Beanes Burundi Natural;(350.00);35.00;35.00;(350.00);(10.0000);0.00;636 - مخزون البن المحمص;636 - مخزون البن المحمص
05 أبريل 2025;Payable Credit Note;MP 2419;سند صرف قهوه محموصه فرع واو;Rosted Beanes Burundi Natural;(175.00);35.00;35.00;(175.00);(5.0000);0.00;636 - مخزون البن المحمص;636 - مخزون البن المحمص
05 أبريل 2025;Payable Credit Note;MP 2417;سند صرف قهوه محموصه فرع حطين;Rosted Beanes Burundi Natural;(770.00);35.00;35.00;(770.00);(22.0000);0.00;636 - مخزون البن المحمص;636 - مخزون البن المحمص
07 أبريل 2025;Payable Credit Note;MP 2422;سند صرف قهوه محموصه فرع الصحافة;Rosted Beanes Burundi Natural;(700.00);35.00;35.00;(700.00);(20.0000);0.00;636 - مخزون البن المحمص;636 - مخزون البن المحمص
07 أبريل 2025;Payable Credit Note;MP 2424;سند صرف قهوه محموصه فرع التخصصي;Rosted Beanes Burundi Natural;(350.00);35.00;35.00;(350.00);(10.0000);0.00;636 - مخزون البن المحمص;636 - مخزون البن المحمص
09 أبريل 2025;Receivable Invoice;INV-3500;مؤسسة الصويا التجارية;Rosted Beanes Burundi Natural;(4,200.00);34.77;84.00;(1,738.42);(50.0000);49.23;202 - مبيعات القهوة المحمصه;636 - مخزون البن المحمص
10 أبريل 2025;Payable Invoice;7209;تحميص وارد لمستودع البن المحمص;Rosted Beanes Burundi Natural;11,504.99;34.86;0.00;11,504.99;330.0000;0.00;;636 - مخزون البن المحمص
13 أبريل 2025;Payable Credit Note;MP 2427;سند صرف قهوه محموصه فرع الصحافة;Rosted Beanes Burundi Natural;(700.00);35.00;35.00;(700.00);(20.0000);0.00;636 - مخزون البن المحمص;636 - مخزون البن المحمص
13 أبريل 2025;Payable Credit Note;MP ;سند صرف قهوه محموصه فرع حطين;Rosted Beanes Burundi Natural;(770.00);35.00;35.00;(770.00);(22.0000);0.00;636 - مخزون البن المحمص;636 - مخزون البن المحمص
13 أبريل 2025;Payable Credit Note;MP 2431;سند صرف قهوه محموصه فرع واو;Rosted Beanes Burundi Natural;(175.00);35.00;35.00;(175.00);(5.0000);0.00;636 - مخزون البن المحمص;636 - مخزون البن المحمص
15 أبريل 2025;Receivable Invoice;INV-3533;مؤسسة مكيث لتقديم المشروبات;Rosted Beanes Burundi Natural;(2,220.00);34.76;74.00;(1,042.66);(30.0000);39.24;202 - مبيعات القهوة المحمصه;636 - مخزون البن المحمص
17 أبريل 2025;Payable Credit Note;MP 2437;سند صرف قهوه محموصه فرع رفا;Rosted Beanes Burundi Natural;(350.00);35.00;35.00;(350.00);(10.0000);0.00;636 - مخزون البن المحمص;636 - مخزون البن المحمص
17 أبريل 2025;Payable Credit Note;MP 2438;سند صرف قهوه محموصه فرع الصحافة;Rosted Beanes Burundi Natural;(350.00);35.00;35.00;(350.00);(10.0000);0.00;636 - مخزون البن المحمص;636 - مخزون البن المحمص
20 أبريل 2025;Payable Credit Note;MP 2444;سند صرف قهوه محموصه فرع حطين;Rosted Beanes Burundi Natural;(945.00);35.00;35.00;(945.00);(27.0000);0.00;636 - مخزون البن المحمص;636 - مخزون البن المحمص
20 أبريل 2025;Payable Credit Note;MP 2442;سند صرف قهوه محموصه فرع رفا;Rosted Beanes Burundi Natural 8 كيس;(70.00);35.00;35.00;(70.00);(2.0000);0.00;636 - مخزون البن المحمص;636 - مخزون البن المحمص
20 أبريل 2025;Payable Credit Note;MP 2443;سند صرف قهوه محموصه فرع واو;Rosted Beanes Burundi Natural;(175.00);35.00;35.00;(175.00);(5.0000);0.00;636 - مخزون البن المحمص;636 - مخزون البن المحمص
20 أبريل 2025;Payable Credit Note;MP 2440;سند صرف قهوه محموصه فرع الصحافة;Rosted Beanes Burundi Natural;(350.00);35.00;35.00;(350.00);(10.0000);0.00;636 - مخزون البن المحمص;636 - مخزون البن المحمص
21 أبريل 2025;Receivable Invoice;INV-3573;مؤسسة مكيث لتقديم المشروبات;Rosted Beanes Burundi Natural;(3,700.00);34.74;74.00;(1,737.15);(50.0000);39.26;202 - مبيعات القهوة المحمصه;636 - مخزون البن المحمص
22 أبريل 2025;Payable Invoice;7212;تحميص وارد لمستودع البن المحمص;Rosted Beanes Burundi Natural;4,690.50;35.00;0.00;4,690.50;134.0000;0.00;;636 - مخزون البن المحمص
25 أبريل 2025;Payable Credit Note;MP 2447;سند صرف قهوه محموصه فرع الصحافة;Rosted Beanes Burundi Natural;(700.00);35.00;35.00;(700.00);(20.0000);0.00;636 - مخزون البن المحمص;636 - مخزون البن المحمص
25 أبريل 2025;Payable Credit Note;MP 2447;سند صرف قهوه محموصه فرع الصحافة;Rosted Beanes Burundi Natural 4 كيس;(35.00);35.00;35.00;(35.00);(1.0000);0.00;636 - مخزون البن المحمص;636 - مخزون البن المحمص
28 أبريل 2025;Payable Credit Note;MP 2454;سند صرف قهوه محموصه فرع الصحافة;Rosted Beanes Burundi Natural;(350.00);35.00;35.00;(350.00);(10.0000);0.00;636 - مخزون البن المحمص;636 - مخزون البن المحمص
01 مايو 2025;Receivable Invoice;INV-3644;مؤسسة مكيث لتقديم المشروبات;Rosted Beanes Burundi Natural;(3,700.00);34.78;74.00;(1,739.09);(50.0000);39.22;202 - مبيعات القهوة المحمصه;636 - مخزون البن المحمص
03 مايو 2025;Payable Credit Note;MP 2458;سند صرف قهوه محموصه فرع رفا;Rosted Beanes Burundi Natural;(490.00);35.00;35.00;(490.00);(14.0000);0.00;636 - مخزون البن المحمص;636 - مخزون البن المحمص
03 مايو 2025;Payable Credit Note;MP 2459;سند صرف قهوه محموصه فرع الصحافة;Rosted Beanes Burundi Natural;(700.00);35.00;35.00;(700.00);(20.0000);0.00;636 - مخزون البن المحمص;636 - مخزون البن المحمص
03 مايو 2025;Payable Credit Note;MP 2456;سند صرف قهوه محموصه فرع حطين;Rosted Beanes Burundi Natural;(1,435.00);35.00;35.00;(1,435.00);(41.0000);0.00;636 - مخزون البن المحمص;636 - مخزون البن المحمص
07 مايو 2025;Payable Credit Note;MP 2465;سند صرف قهوه محموصه فرع الصحافة;Rosted Beanes Burundi Natural;(525.00);35.00;35.00;(525.00);(15.0000);0.00;636 - مخزون البن المحمص;636 - مخزون البن المحمص
07 مايو 2025;Payable Credit Note;MP 2462;سند صرف قهوه محموصه فرع التخصصي;Rosted Beanes Burundi Natural;(350.00);35.00;35.00;(350.00);(10.0000);0.00;636 - مخزون البن المحمص;636 - مخزون البن المحمص
07 مايو 2025;Payable Credit Note;MP 2467;سند صرف قهوه محموصه فرع واو;Rosted Beanes Burundi Natural;(350.00);35.00;35.00;(350.00);(10.0000);0.00;636 - مخزون البن المحمص;636 - مخزون البن المحمص
11 مايو 2025;Payable Credit Note;MP 2470;سند صرف قهوه محموصه فرع الصحافة;Rosted Beanes Burundi Natural;(1,050.00);35.00;35.00;(1,050.00);(30.0000);0.00;636 - مخزون البن المحمص;636 - مخزون البن المحمص
11 مايو 2025;Payable Credit Note;MP 2472;سند صرف قهوه محموصه فرع رفا;Rosted Beanes Burundi Natural;(350.00);35.00;35.00;(350.00);(10.0000);0.00;636 - مخزون البن المحمص;636 - مخزون البن المحمص
15 مايو 2025;Receivable Invoice;INV-3721;مؤسسة مكيث لتقديم المشروبات;Rosted Beanes Burundi Natural;(3,700.00);34.78;74.00;(1,739.15);(50.0000);39.22;202 - مبيعات القهوة المحمصه;636 - مخزون البن المحمص
17 مايو 2025;Payable Credit Note;MP 2477;سند صرف قهوه محموصه فرع واو;Rosted Beanes Burundi Natural;(350.00);35.00;35.00;(350.00);(10.0000);0.00;636 - مخزون البن المحمص;636 - مخزون البن المحمص
17 مايو 2025;Payable Credit Note;MP 2483;سند صرف قهوه محموصه فرع حطين;Rosted Beanes Burundi Natural;(1,680.00);35.00;35.00;(1,680.00);(48.0000);0.00;636 - مخزون البن المحمص;636 - مخزون البن المحمص
17 مايو 2025;Payable Credit Note;MP 2480;سند صرف قهوه محموصه فرع الصحافة;Rosted Beanes Burundi Natural;(875.00);35.00;35.00;(875.00);(25.0000);0.00;636 - مخزون البن المحمص;636 - مخزون البن المحمص
17 مايو 2025;Payable Credit Note;MP 2480;سند صرف قهوه محموصه فرع الصحافة;Rosted Beanes Burundi Natural 4كيس;(35.00);35.00;35.00;(35.00);(1.0000);0.00;636 - مخزون البن المحمص;636 - مخزون البن المحمص
19 مايو 2025;Payable Invoice;7213;تحميص وارد لمستودع البن المحمص;Rosted Beanes Burundi Natural;8,260.00;35.00;0.00;8,260.00;236.0000;0.00;;636 - مخزون البن المحمص
20 مايو 2025;Receivable Invoice;INV-3736;مقى حبات كرزية لتقديم المشروبات;Rosted Beanes Burundi Natural;(1,500.00);34.78;100.00;(521.75);(15.0000);65.22;202 - مبيعات القهوة المحمصه;636 - مخزون البن المحمص
21 مايو 2025;Payable Credit Note;MP 2490;سند صرف قهوه محموصه فرع رفا;Rosted Beanes Burundi Natural;(350.00);35.00;35.00;(350.00);(10.0000);0.00;636 - مخزون البن المحمص;636 - مخزون البن المحمص
24 مايو 2025;Payable Credit Note;MP 2497;سند صرف قهوه محموصه فرع حطين;Rosted Beanes Burundi Natural;(700.00);35.00;35.00;(700.00);(20.0000);0.00;636 - مخزون البن المحمص;636 - مخزون البن المحمص
24 مايو 2025;Payable Credit Note;MP 2496;سند صرف قهوه محموصه فرع واو;Rosted Beanes Burundi Natural;(175.00);35.00;35.00;(175.00);(5.0000);0.00;636 - مخزون البن المحمص;636 - مخزون البن المحمص
26 مايو 2025;Payable Credit Note;MP 2499;سند صرف قهوه محموصه فرع رفا;Rosted Beanes Burundi Natural;(350.00);35.00;35.00;(350.00);(10.0000);0.00;636 - مخزون البن المحمص;636 - مخزون البن المحمص
26 مايو 2025;Payable Credit Note;MP 2500;سند صرف قهوه محموصه فرع الصحافة;Rosted Beanes Burundi Natural;(350.00);35.00;35.00;(350.00);(10.0000);0.00;636 - مخزون البن المحمص;636 - مخزون البن المحمص
29 مايو 2025;Payable Credit Note;MP 2504;سند صرف قهوه محموصه فرع رفا;Rosted Beanes Burundi Natural 4 كيس;(35.00);35.00;35.00;(35.00);(1.0000);0.00;636 - مخزون البن المحمص;636 - مخزون البن المحمص
29 مايو 2025;Payable Credit Note;MP 2505;سند صرف قهوه محموصه فرع الصحافة;Rosted Beanes Burundi Natural;(525.00);35.00;35.00;(525.00);(15.0000);0.00;636 - مخزون البن المحمص;636 - مخزون البن المحمص
31 مايو 2025;Payable Credit Note;MP 2508;سند صرف قهوه محموصه فرع الصحافة;Rosted Beanes Burundi Natural;(175.00);35.00;35.00;(175.00);(5.0000);0.00;636 - مخزون البن المحمص;636 - مخزون البن المحمص
31 مايو 2025;Payable Credit Note;MP 2509;سند صرف قهوه محموصه فرع حطين;Rosted Beanes Burundi Natural;(700.00);35.00;35.00;(700.00);(20.0000);0.00;636 - مخزون البن المحمص;636 - مخزون البن المحمص
02 يونيو 2025;Payable Credit Note;MP 2510;سند صرف قهوه محموصه فرع التخصصي;Rosted Beanes Burundi Natural;(350.00);35.00;35.00;(350.00);(10.0000);0.00;636 - مخزون البن المحمص;636 - مخزون البن المحمص
03 يونيو 2025;Receivable Invoice;INV-3751;مؤسسة مكيث لتقديم المشروبات;Rosted Beanes Burundi Natural;(3,700.00);34.78;74.00;(1,739.00);(50.0000);39.22;202 - مبيعات القهوة المحمصه;636 - مخزون البن المحمص
03 يونيو 2025;Payable Credit Note;MP 2511;سند صرف قهوه محموصه فرع الصحافة;Rosted Beanes Burundi Natural;(525.00);35.00;35.00;(525.00);(15.0000);0.00;636 - مخزون البن المحمص;636 - مخزون البن المحمص
04 يونيو 2025;Payable Invoice;7215;تحميص وارد لمستودع البن المحمص;Rosted Beanes Burundi Natural;1,799.50;35.28;0.00;1,799.50;51.0000;0.00;;636 - مخزون البن المحمص
04 يونيو 2025;Payable Credit Note;MP 2515;سند صرف قهوه محموصه فرع الصحافة;Rosted Beanes Burundi Natural;(525.00);35.00;35.00;(525.00);(15.0000);0.00;636 - مخزون البن المحمص;636 - مخزون البن المحمص
09 يونيو 2025;Payable Credit Note;MP 2517;سند صرف قهوه محموصه فرع حطين;Rosted Beanes Burundi Natural;(980.00);35.00;35.00;(980.00);(28.0000);0.00;636 - مخزون البن المحمص;636 - مخزون البن المحمص
11 يونيو 2025;Payable Credit Note;MP 2521;سند صرف قهوه محموصه فرع واو;Rosted Beanes Burundi Natural;(70.00);35.00;35.00;(70.00);(2.0000);0.00;636 - مخزون البن المحمص;636 - مخزون البن المحمص
12 يونيو 2025;Payable Invoice;7216;تحميص وارد لمستودع البن المحمص;Rosted Beanes Burundi Natural;10,059.49;34.69;0.00;10,059.49;290.0000;0.00;;636 - مخزون البن المحمص
12 يونيو 2025;Payable Credit Note;MP 2524;سند صرف قهوه محموصه فرع الصحافة;Rosted Beanes Burundi Natural;(350.00);35.00;35.00;(350.00);(10.0000);0.00;636 - مخزون البن المحمص;636 - مخزون البن المحمص
15 يونيو 2025;Payable Credit Note;MP 2531;سند صرف قهوه محموصه فرع حطين;Rosted Beanes Burundi Natural;(595.00);35.00;35.00;(595.00);(17.0000);0.00;636 - مخزون البن المحمص;636 - مخزون البن المحمص
15 يونيو 2025;Payable Credit Note;MP 2527;سند صرف قهوه محموصه فرع الصحافة;Rosted Beanes Burundi Natural;(350.00);35.00;35.00;(350.00);(10.0000);0.00;636 - مخزون البن المحمص;636 - مخزون البن المحمص
16 يونيو 2025;Payable Credit Note;2534;سند صرف قهوه محموصه فرع رفا;Rosted Beanes Burundi Natural;(350.00);35.00;35.00;(350.00);(10.0000);0.00;636 - مخزون البن المحمص;636 - مخزون البن المحمص
16 يونيو 2025;Payable Credit Note;MP 2532;سند صرف قهوه محموصه فرع التخصصي;Rosted Beanes Burundi Natural;(350.00);35.00;35.00;(350.00);(10.0000);0.00;636 - مخزون البن المحمص;636 - مخزون البن المحمص
16 يونيو 2025;Receivable Invoice;INV-3883;شركة قطرة المحدودة;Rosted Beanes Burundi Natural;(720.00);34.68;120.00;(208.10);(6.0000);85.32;202 - مبيعات القهوة المحمصه;636 - مخزون البن المحمص
18 يونيو 2025;Payable Credit Note;MP 2536;سند صرف قهوه محموصه فرع الصحافة;Rosted Beanes Burundi Natural;(64.00);8.00;8.00;(64.00);(8.0000);0.00;636 - مخزون البن المحمص;636 - مخزون البن المحمص
18 يونيو 2025;Payable Credit Note;MP 2536;سند صرف قهوه محموصه فرع الصحافة;Rosted Beanes Burundi Natural 8 كيس;(70.00);35.00;35.00;(70.00);(2.0000);0.00;636 - مخزون البن المحمص;636 - مخزون البن المحمص
21 يونيو 2025;Payable Credit Note;MP 2538;سند صرف قهوه محموصه فرع واو;Rosted Beanes Burundi Natural;(175.00);35.00;35.00;(175.00);(5.0000);0.00;636 - مخزون البن المحمص;636 - مخزون البن المحمص
23 يونيو 2025;Payable Credit Note;MP 2543;سند صرف قهوه محموصه فرع حطين;Rosted Beanes Burundi Natural;(700.00);35.00;35.00;(700.00);(20.0000);0.00;636 - مخزون البن المحمص;636 - مخزون البن المحمص
23 يونيو 2025;Payable Credit Note;MP 2542;سند صرف قهوه محموصه فرع الصحافة;Rosted Beanes Burundi Natural;(525.00);35.00;35.00;(525.00);(15.0000);0.00;636 - مخزون البن المحمص;636 - مخزون البن المحمص
24 يونيو 2025;Payable Invoice;7218;تحميص وارد لمستودع البن المحمص;Rosted Beanes Burundi Natural;3,599.00;34.94;0.00;3,599.00;103.0000;0.00;;636 - مخزون البن المحمص
24 يونيو 2025;Payable Credit Note;MP 2545;سند صرف قهوه محموصه فرع الصحافة;Rosted Beanes Burundi Natural;(350.00);35.00;35.00;(350.00);(10.0000);0.00;636 - مخزون البن المحمص;636 - مخزون البن المحمص
24 يونيو 2025;Payable Credit Note;MP 2544;سند صرف قهوه محموصه فرع حطين;Rosted Beanes Burundi Natural;(105.00);35.00;35.00;(105.00);(3.0000);0.00;636 - مخزون البن المحمص;636 - مخزون البن المحمص
24 يونيو 2025;Payable Credit Note;MP 2544.;سند صرف قهوه محموصه فرع حطين;Rosted Beanes Burundi Natural 14 كيس;(122.50);35.00;35.00;(122.50);(3.5000);0.00;636 - مخزون البن المحمص;636 - مخزون البن المحمص
25 يونيو 2025;Payable Credit Note;MP 2550;سند صرف قهوه محموصه فرع حطين;Rosted Beanes Burundi Natural;(210.00);35.00;35.00;(210.00);(6.0000);0.00;636 - مخزون البن المحمص;636 - مخزون البن المحمص
26 يونيو 2025;Adjustment;Quantity Decrease;;جرد 25/6;(158.49);35.22;0.00;(158.49);(4.5000);0.00;;636 - مخزون البن المحمص
29 يونيو 2025;Receivable Invoice;INV-3960;شركة قطرة المحدودة;Rosted Beanes Burundi Natural;(1,800.00);35.22;120.00;(528.29);(15.0000);84.78;202 - مبيعات القهوة المحمصه;636 - مخزون البن المحمص
30 يونيو 2025;Payable Credit Note;MP 2560;سند صرف قهوه محموصه فرع الصحافة;Rosted Beanes Burundi Natural;(700.00);35.00;35.00;(700.00);(20.0000);0.00;636 - مخزون البن المحمص;636 - مخزون البن المحمص
30 يونيو 2025;Payable Credit Note;MP 2560;سند صرف قهوه محموصه فرع حطين;Rosted Beanes Burundi Natural;(525.00);35.00;35.00;(525.00);(15.0000);0.00;636 - مخزون البن المحمص;636 - مخزون البن المحمص
30 يونيو 2025;Payable Credit Note;MP 2554;سند صرف قهوه محموصه فرع رفا;Rosted Beanes Burundi Natural;(350.00);35.00;35.00;(350.00);(10.0000);0.00;636 - مخزون البن المحمص;636 - مخزون البن المحمص
30 يونيو 2025;Payable Credit Note;MP 2554;سند صرف قهوه محموصه فرع الصحافة;Rosted Beanes Burundi Natural;(350.00);35.00;35.00;(350.00);(10.0000);0.00;636 - مخزون البن المحمص;636 - مخزون البن المحمص
03 يوليو 2025;Payable Credit Note;MP 2567;سند صرف قهوه محموصه فرع حطين;Rosted Beanes Burundi Natural;(315.00);35.00;35.00;(315.00);(9.0000);0.00;636 - مخزون البن المحمص;636 - مخزون البن المحمص
03 يوليو 2025;Payable Credit Note;MP 2567;سند صرف قهوه محموصه فرع الصحافة;Rosted Beanes Burundi Natural;(700.00);35.00;35.00;(700.00);(20.0000);0.00;636 - مخزون البن المحمص;636 - مخزون البن المحمص
06 يوليو 2025;Receivable Invoice;INV-4001;مقى حبات كرزية لتقديم المشروبات;Rosted Beanes Burundi Natural;(1,500.00);35.26;100.00;(528.88);(15.0000);64.74;202 - مبيعات القهوة المحمصه;636 - مخزون البن المحمص
07 يوليو 2025;Payable Credit Note;MP 2569;سند صرف قهوه محموصه فرع رفا;Rosted Beanes Burundi Natural;(525.00);35.00;35.00;(525.00);(15.0000);0.00;636 - مخزون البن المحمص;636 - مخزون البن المحمص
07 يوليو 2025;Payable Credit Note;MP 2571;سند صرف قهوه محموصه فرع حطين;Rosted Beanes Burundi Natural;(315.00);35.00;35.00;(315.00);(9.0000);0.00;636 - مخزون البن المحمص;636 - مخزون البن المحمص
09 يوليو 2025;Receivable Invoice;INV-4018;شركة دار هاشم النزهة للشقق المخدومة;Rosted Beanes Burundi Natural;(870.00);35.32;87.00;(353.16);(10.0000);51.68;202 - مبيعات القهوة المحمصه;636 - مخزون البن المحمص
10 يوليو 2025;Payable Credit Note;MP 2579;سند صرف قهوه محموصه فرع التخصصي;Rosted Beanes Burundi Natural;(350.00);35.00;35.00;(350.00);(10.0000);0.00;636 - مخزون البن المحمص;636 - مخزون البن المحمص
10 يوليو 2025;Payable Credit Note;MP 2572;سند صرف قهوه محموصه فرع حطين;Rosted Beanes Burundi Natural;(455.00);35.00;35.00;(455.00);(13.0000);0.00;636 - مخزون البن المحمص;636 - مخزون البن المحمص
10 يوليو 2025;Payable Credit Note;MP 2578;سند صرف قهوه محموصه فرع الصحافة;Rosted Beanes Burundi Natural;(350.00);35.00;35.00;(350.00);(10.0000);0.00;636 - مخزون البن المحمص;636 - مخزون البن المحمص
13 يوليو 2025;Payable Credit Note;MP 2588;سند صرف قهوه محموصه فرع رفا;Rosted Beanes Burundi Natural;(350.00);35.00;35.00;(350.00);(10.0000);0.00;636 - مخزون البن المحمص;636 - مخزون البن المحمص
13 يوليو 2025;Payable Credit Note;MP 2588;سند صرف قهوه محموصه فرع الصحافة;Rosted Beanes Burundi Natural;(700.00);35.00;35.00;(700.00);(20.0000);0.00;636 - مخزون البن المحمص;636 - مخزون البن المحمص
14 يوليو 2025;Payable Credit Note;MP 2589;سند صرف قهوه محموصه فرع حطين;Rosted Beanes Burundi Natural;(630.00);35.00;35.00;(630.00);(18.0000);0.00;636 - مخزون البن المحمص;636 - مخزون البن المحمص
20 يوليو 2025;Payable Credit Note;MP 2592;يوميات فرع فندق واو;Rosted Beanes Burundi Natural;(175.00);35.00;35.00;(175.00);(5.0000);0.00;636 - مخزون البن المحمص;636 - مخزون البن المحمص
20 يوليو 2025;Payable Credit Note;MP 2592;سند صرف قهوه محموصه فرع حطين;Rosted Beanes Burundi Natural;(490.00);35.00;35.00;(490.00);(14.0000);0.00;636 - مخزون البن المحمص;636 - مخزون البن المحمص
20 يوليو 2025;Payable Credit Note;MP 2593;سند صرف قهوه محموصه فرع التخصصي;Rosted Beanes Burundi Natural;(350.00);35.00;35.00;(350.00);(10.0000);0.00;636 - مخزون البن المحمص;636 - مخزون البن المحمص
23 يوليو 2025;Payable Credit Note;MP 2597;سند صرف قهوه محموصه فرع حطين;Rosted Beanes Burundi Natural;(280.00);35.00;35.00;(280.00);(8.0000);0.00;636 - مخزون البن المحمص;636 - مخزون البن المحمص
23 يوليو 2025;Payable Credit Note;MP 2596;سند صرف قهوه محموصه فرع رفا;Rosted Beanes Burundi Natural;(665.00);35.00;35.00;(665.00);(19.0000);0.00;636 - مخزون البن المحمص;636 - مخزون البن المحمص
29 يوليو 2025;Payable Credit Note;MP 2606;سند صرف قهوه محموصه فرع حطين;Rosted Beanes Burundi Natural;(560.00);35.00;35.00;(560.00);(16.0000);0.00;636 - مخزون البن المحمص;636 - مخزون البن المحمص
29 يوليو 2025;Payable Credit Note;MP 2605;سند صرف قهوه محموصه فرع الصحافة;Rosted Beanes Burundi Natural;(700.00);35.00;35.00;(700.00);(20.0000);0.00;636 - مخزون البن المحمص;636 - مخزون البن المحمص
01 أغسطس 2025;Payable Credit Note;MP 2612;سند صرف قهوه محموصه فرع الصحافة;Rosted Beanes Burundi Natural;(700.00);35.00;35.00;(700.00);(20.0000);0.00;636 - مخزون البن المحمص;636 - مخزون البن المحمص
01 أغسطس 2025;Payable Credit Note;MP 2613;سند صرف قهوه محموصه فرع حطين;Rosted Beanes Burundi Natural;(490.00);35.00;35.00;(490.00);(14.0000);0.00;636 - مخزون البن المحمص;636 - مخزون البن المحمص
05 أغسطس 2025;Payable Invoice;7219;تحميص وارد لمستودع البن المحمص;Rosted Beanes Burundi Natural;10,620.01;34.26;0.00;10,620.01;310.0000;0.00;;636 - مخزون البن المحمص
07 أغسطس 2025;Payable Invoice;7220;تحميص وارد لمستودع البن المحمص;Rosted Beanes Burundi Natural;1,681.50;32.97;0.00;1,681.50;51.0000;0.00;;636 - مخزون البن المحمص
07 أغسطس 2025;Payable Credit Note;MP 2620;سند صرف قهوه محموصه فرع حطين;Rosted Beanes Burundi Natural;(595.00);35.00;35.00;(595.00);(17.0000);0.00;636 - مخزون البن المحمص;636 - مخزون البن المحمص
07 أغسطس 2025;Payable Credit Note;MP 2619;سند صرف قهوه محموصه فرع واو;Rosted Beanes Burundi Natural;(70.00);35.00;35.00;(70.00);(2.0000);0.00;636 - مخزون البن المحمص;636 - مخزون البن المحمص
07 أغسطس 2025;Payable Credit Note;MP 2619;سند صرف قهوه محموصه فرع الصحافة;Rosted Beanes Burundi Natural;(700.00);35.00;35.00;(700.00);(20.0000);0.00;636 - مخزون البن المحمص;636 - مخزون البن المحمص
07 أغسطس 2025;Payable Credit Note;MP 2619;سند صرف قهوه محموصه فرع رفا;Rosted Beanes Burundi Natural;(350.00);35.00;35.00;(350.00);(10.0000);0.00;636 - مخزون البن المحمص;636 - مخزون البن المحمص
11 أغسطس 2025;Payable Credit Note;MP 2624;سند صرف قهوه محموصه فرع حطين;Rosted Beanes Burundi Natural;(420.00);35.00;35.00;(420.00);(12.0000);0.00;636 - مخزون البن المحمص;636 - مخزون البن المحمص
11 أغسطس 2025;Payable Credit Note;MP 2623;سند صرف قهوه محموصه فرع الصحافة;Rosted Beanes Burundi Natural;(700.00);35.00;35.00;(700.00);(20.0000);0.00;636 - مخزون البن المحمص;636 - مخزون البن المحمص
11 أغسطس 2025;Payable Credit Note;MP 2624;سند صرف قهوه محموصه فرع رفا;Rosted Beanes Burundi Natural;(350.00);35.00;35.00;(350.00);(10.0000);0.00;636 - مخزون البن المحمص;636 - مخزون البن المحمص
15 أغسطس 2025;Payable Credit Note;MP 2627;سند صرف قهوه محموصه فرع رفا;Rosted Beanes Burundi Natural;(525.00);35.00;35.00;(525.00);(15.0000);0.00;636 - مخزون البن المحمص;636 - مخزون البن المحمص
16 أغسطس 2025;Payable Credit Note;MP 2630;سند صرف قهوه محموصه فرع حطين;Rosted Beanes Burundi Natural;(700.00);35.00;35.00;(700.00);(20.0000);0.00;636 - مخزون البن المحمص;636 - مخزون البن المحمص
18 أغسطس 2025;Payable Invoice;7221;تحميص وارد لمستودع البن المحمص;Rosted Beanes Burundi Natural;11,210.02;35.03;0.00;11,210.02;320.0000;0.00;;636 - مخزون البن المحمص
19 أغسطس 2025;Payable Credit Note;MP 2635;سند صرف قهوه محموصه فرع واو;Rosted Beanes Burundi Natural;(70.00);35.00;35.00;(70.00);(2.0000);0.00;636 - مخزون البن المحمص;636 - مخزون البن المحمص
19 أغسطس 2025;Payable Credit Note;MP 2635;سند صرف قهوه محموصه فرع واو;Rosted Beanes Burundi Natural;(17.50);35.00;35.00;(17.50);(0.5000);0.00;636 - مخزون البن المحمص;636 - مخزون البن المحمص
19 أغسطس 2025;Payable Credit Note;MP 2633;سند صرف قهوه محموصه فرع حطين;Rosted Beanes Burundi Natural;(105.00);35.00;35.00;(105.00);(3.0000);0.00;636 - مخزون البن المحمص;636 - مخزون البن المحمص
19 أغسطس 2025;Payable Credit Note;MP 2637;سند صرف قهوه محموصه فرع التخصصي;Rosted Beanes Burundi Natural;(17.50);35.00;35.00;(17.50);(0.5000);0.00;636 - مخزون البن المحمص;636 - مخزون البن المحمص
19 أغسطس 2025;Payable Credit Note;MP 2634;سند صرف قهوه محموصه فرع رفا;Rosted Beanes Burundi Natural;(35.00);35.00;35.00;(35.00);(1.0000);0.00;636 - مخزون البن المحمص;636 - مخزون البن المحمص
19 أغسطس 2025;Payable Credit Note;MP 2631;سند صرف قهوه محموصه فرع الصحافة;Rosted Beanes Burundi Natural;(1,050.00);35.00;35.00;(1,050.00);(30.0000);0.00;636 - مخزون البن المحمص;636 - مخزون البن المحمص
19 أغسطس 2025;Payable Credit Note;MP 2631;سند صرف قهوه محموصه فرع الصحافة;Rosted Beanes Burundi Natural;(105.00);35.00;35.00;(105.00);(3.0000);0.00;636 - مخزون البن المحمص;636 - مخزون البن المحمص
19 أغسطس 2025;Payable Credit Note;MP 2636;سند صرف قهوه محموصه فرع التخصصي;Rosted Beanes Burundi Natural;(350.00);35.00;35.00;(350.00);(10.0000);0.00;636 - مخزون البن المحمص;636 - مخزون البن المحمص
23 أغسطس 2025;Payable Credit Note;MP 2645;سند صرف قهوه محموصه فرع حطين;Rosted Beanes Burundi Natural;(770.00);35.00;35.00;(770.00);(22.0000);0.00;636 - مخزون البن المحمص;636 - مخزون البن المحمص
23 أغسطس 2025;Payable Credit Note;MP 2644;سند صرف قهوه محموصه فرع الصحافة;Rosted Beanes Burundi Natural;(700.00);35.00;35.00;(700.00);(20.0000);0.00;636 - مخزون البن المحمص;636 - مخزون البن المحمص
23 أغسطس 2025;Payable Credit Note;MP 2641;سند صرف قهوه محموصه فرع رفا;Rosted Beanes Burundi Natural;(175.00);35.00;35.00;(175.00);(5.0000);0.00;636 - مخزون البن المحمص;636 - مخزون البن المحمص
25 أغسطس 2025;Payable Credit Note;MP 2647;سند صرف قهوه محموصه فرع التخصصي;Rosted Beanes Burundi Natural;(17.50);35.00;35.00;(17.50);(0.5000);0.00;636 - مخزون البن المحمص;636 - مخزون البن المحمص
26 أغسطس 2025;Payable Credit Note;MP 2649;سند صرف قهوه محموصه فرع الصحافة;Rosted Beanes Burundi Natural;(175.00);35.00;35.00;(175.00);(5.0000);0.00;636 - مخزون البن المحمص;636 - مخزون البن المحمص
31 أغسطس 2025;Payable Credit Note;MP 2652;سند صرف قهوه محموصه فرع التخصصي;Rosted Beanes Burundi Natural;(350.00);35.00;35.00;(350.00);(10.0000);0.00;636 - مخزون البن المحمص;636 - مخزون البن المحمص
31 أغسطس 2025;Payable Credit Note;MP 2657;سند صرف قهوه محموصه فرع حطين;Rosted Beanes Burundi Natural;(910.00);35.00;35.00;(910.00);(26.0000);0.00;636 - مخزون البن المحمص;636 - مخزون البن المحمص
31 أغسطس 2025;Payable Credit Note;MP 2655;سند صرف قهوه محموصه فرع الصحافة;Rosted Beanes Burundi Natural;(700.00);35.00;35.00;(700.00);(20.0000);0.00;636 - مخزون البن المحمص;636 - مخزون البن المحمص
02 سبتمبر 2025;Payable Credit Note;MP 2660;سند صرف قهوه محموصه فرع الصحافة;Rosted Beanes Burundi Natural;(700.00);35.00;35.00;(700.00);(20.0000);0.00;636 - مخزون البن المحمص;636 - مخزون البن المحمص
04 سبتمبر 2025;Payable Credit Note;MP 2669;سند صرف قهوه محموصه فرع الصحافة;Rosted Beanes Burundi Natural;(350.00);35.00;35.00;(350.00);(10.0000);0.00;636 - مخزون البن المحمص;636 - مخزون البن المحمص
04 سبتمبر 2025;Payable Credit Note;MP 2669;سند صرف قهوه محموصه فرع الصحافة;Rosted Beanes Burundi Natural 4 كيس;(35.00);35.00;35.00;(35.00);(1.0000);0.00;636 - مخزون البن المحمص;636 - مخزون البن المحمص
06 سبتمبر 2025;Payable Credit Note;MP 2668;سند صرف قهوه محموصه فرع التخصصي;Rosted Beanes Burundi Natural;(17.50);35.00;35.00;(17.50);(0.5000);0.00;636 - مخزون البن المحمص;636 - مخزون البن المحمص
06 سبتمبر 2025;Payable Credit Note;MP 2667;سند صرف قهوه محموصه فرع حطين;Rosted Beanes Burundi Natural;(840.00);35.00;35.00;(840.00);(24.0000);0.00;636 - مخزون البن المحمص;636 - مخزون البن المحمص
09 سبتمبر 2025;Payable Credit Note;MP 2677;سند صرف قهوه محموصه فرع الصحافة;Rosted Beanes Burundi Natural;(350.00);35.00;35.00;(350.00);(10.0000);0.00;636 - مخزون البن المحمص;636 - مخزون البن المحمص
09 سبتمبر 2025;Payable Credit Note;MP 2674;سند صرف قهوه محموصه فرع رفا;Rosted Beanes Burundi Natural;(350.00);35.00;35.00;(350.00);(10.0000);0.00;636 - مخزون البن المحمص;636 - مخزون البن المحمص
09 سبتمبر 2025;Payable Credit Note;MP 2675;سند صرف قهوه محموصه فرع واو;Rosted Beanes Burundi Natural;(175.00);35.00;35.00;(175.00);(5.0000);0.00;636 - مخزون البن المحمص;636 - مخزون البن المحمص
09 سبتمبر 2025;Payable Credit Note;MP 2676;سند صرف قهوه محموصه فرع التخصصي;Rosted Beanes Burundi Natural;(17.50);35.00;35.00;(17.50);(0.5000);0.00;636 - مخزون البن المحمص;636 - مخزون البن المحمص
14 سبتمبر 2025;Payable Invoice;7223;تحميص وارد لمستودع البن المحمص;Rosted Beanes Burundi Natural;354.00;33.71;0.00;354.00;10.5000;0.00;;636 - مخزون البن المحمص
14 سبتمبر 2025;Payable Credit Note;MP 2687;سند صرف قهوه محموصه فرع رفا;Rosted Beanes Burundi Natural;(350.00);35.00;35.00;(350.00);(10.0000);0.00;636 - مخزون البن المحمص;636 - مخزون البن المحمص
14 سبتمبر 2025;Payable Credit Note;MP 2683;سند صرف قهوه محموصه فرع الصحافة;Rosted Beanes Burundi Natural;(105.00);35.00;35.00;(105.00);(3.0000);0.00;636 - مخزون البن المحمص;636 - مخزون البن المحمص
14 سبتمبر 2025;Payable Credit Note;MP 2684;سند صرف قهوه محموصه فرع الصحافة;Rosted Beanes Burundi Natural;(700.00);35.00;35.00;(700.00);(20.0000);0.00;636 - مخزون البن المحمص;636 - مخزون البن المحمص
14 سبتمبر 2025;Payable Credit Note;MP 2686;سند صرف قهوه محموصه فرع رفا;Rosted Beanes Burundi Natural;(70.00);35.00;35.00;(70.00);(2.0000);0.00;636 - مخزون البن المحمص;636 - مخزون البن المحمص
14 سبتمبر 2025;Payable Credit Note;MP 2688;سند صرف قهوه محموصه فرع حطين;Rosted Beanes Burundi Natural 16 كيس;(140.00);35.00;35.00;(140.00);(4.0000);0.00;636 - مخزون البن المحمص;636 - مخزون البن المحمص
14 سبتمبر 2025;Payable Credit Note;MP 2682;سند صرف قهوه محموصه فرع واو;Rosted Beanes Burundi Natural;(17.50);35.00;35.00;(17.50);(0.5000);0.00;636 - مخزون البن المحمص;636 - مخزون البن المحمص
14 سبتمبر 2025;Payable Credit Note;MP 2680;سند صرف قهوه محموصه فرع حطين;Rosted Beanes Burundi Natural;(980.00);35.00;35.00;(980.00);(28.0000);0.00;636 - مخزون البن المحمص;636 - مخزون البن المحمص
15 سبتمبر 2025;Payable Credit Note;MP 2681;سند صرف قهوه محموصه فرع التخصصي;Rosted Beanes Burundi Natural;(35.00);35.00;35.00;(35.00);(1.0000);0.00;636 - مخزون البن المحمص;636 - مخزون البن المحمص
15 سبتمبر 2025;Payable Credit Note;MP 2690;سند صرف قهوه محموصه فرع التخصصي;Rosted Beanes Burundi Natural;(350.00);35.00;35.00;(350.00);(10.0000);0.00;636 - مخزون البن المحمص;636 - مخزون البن المحمص
16 سبتمبر 2025;Payable Invoice;7224;تحميص وارد لمستودع البن المحمص;Rosted Beanes Burundi Natural;9,351.50;34.64;0.00;9,351.50;270.0000;0.00;;636 - مخزون البن المحمص
20 سبتمبر 2025;Payable Credit Note;MP 2697;سند صرف قهوه محموصه فرع حطين;Rosted Beanes Burundi Natural;(735.00);35.00;35.00;(735.00);(21.0000);0.00;636 - مخزون البن المحمص;636 - مخزون البن المحمص
20 سبتمبر 2025;Payable Credit Note;MP 2695;سند صرف قهوه محموصه فرع الصحافة;Rosted Beanes Burundi Natural;(350.00);35.00;35.00;(350.00);(10.0000);0.00;636 - مخزون البن المحمص;636 - مخزون البن المحمص
23 سبتمبر 2025;Payable Credit Note;MP 2701;سند صرف قهوه محموصه فرع الصحافة;Rosted Beanes Burundi Natural;(350.00);35.00;35.00;(350.00);(10.0000);0.00;636 - مخزون البن المحمص;636 - مخزون البن المحمص
28 سبتمبر 2025;Payable Credit Note;MP 2708;سند صرف قهوه محموصه فرع واو;Rosted Beanes Burundi Natural;(175.00);35.00;35.00;(175.00);(5.0000);0.00;636 - مخزون البن المحمص;636 - مخزون البن المحمص
28 سبتمبر 2025;Payable Credit Note;MP 2706;سند صرف قهوه محموصه فرع حطين;Rosted Beanes Burundi Natural;(1,120.00);35.00;35.00;(1,120.00);(32.0000);0.00;636 - مخزون البن المحمص;636 - مخزون البن المحمص
28 سبتمبر 2025;Payable Credit Note;MP 2707;سند صرف قهوه محموصه فرع الصحافة;Rosted Beanes Burundi Natural;(350.00);35.00;35.00;(350.00);(10.0000);0.00;636 - مخزون البن المحمص;636 - مخزون البن المحمص
29 سبتمبر 2025;Receivable Invoice;INV-4469;موقع سلة Salla website;Rosted Beanes Burundi Natural;(226.09);34.20;113.05;(68.40);(2.0000);78.85;203 - مبيعات المتجر الكترونى موقع سلة;636 - مخزون البن المحمص
30 سبتمبر 2025;Payable Credit Note;MP 2711;سند صرف قهوه محموصه فرع حطين;Rosted Beanes Burundi Natural;(385.00);35.00;35.00;(385.00);(11.0000);0.00;636 - مخزون البن المحمص;636 - مخزون البن المحمص
30 سبتمبر 2025;Adjustment;Bulk Adjustment;;جرد البن المحمص 30/9;(3,742.51);34.18;0.00;(3,742.51);(109.5000);0.00;;636 - مخزون البن المحمص
02 أكتوبر 2025;Receivable Invoice;INV-4485;مقى حبات كرزية لتقديم المشروبات;Rosted Beanes Burundi Natural;(1,500.00);34.18;100.00;(512.67);(15.0000);65.82;202 - مبيعات القهوة المحمصه;636 - مخزون البن المحمص
05 أكتوبر 2025;Payable Credit Note;MP 2721;سند صرف قهوه محموصه فرع الصحافة;Rosted Beanes Burundi Natural;(700.00);35.00;35.00;(700.00);(20.0000);0.00;636 - مخزون البن المحمص;636 - مخزون البن المحمص
05 أكتوبر 2025;Payable Credit Note;MP 2721;سند صرف قهوه محموصه فرع الصحافة;Rosted Beanes Burundi Natural 8 كيس;(70.00);35.00;35.00;(70.00);(2.0000);0.00;636 - مخزون البن المحمص;636 - مخزون البن المحمص
05 أكتوبر 2025;Payable Credit Note;MP 2720;سند صرف قهوه محموصه فرع حطين;Rosted Beanes Burundi Natural;(70.00);35.00;35.00;(70.00);(2.0000);0.00;636 - مخزون البن المحمص;636 - مخزون البن المحمص
06 أكتوبر 2025;Payable Credit Note;MP 2722;سند صرف قهوه محموصه فرع التخصصي;Rosted Beanes Burundi Natural;(350.00);35.00;35.00;(350.00);(10.0000);0.00;636 - مخزون البن المحمص;636 - مخزون البن المحمص
07 أكتوبر 2025;Payable Credit Note;MP 2725;سند صرف قهوه محموصه فرع التخصصي;Rosted Beanes Burundi Natural;(35.00);35.00;35.00;(35.00);(1.0000);0.00;636 - مخزون البن المحمص;636 - مخزون البن المحمص
09 أكتوبر 2025;Payable Credit Note;MP 2727;سند صرف قهوه محموصه فرع رفا;Rosted Beanes Burundi Natural;(175.00);35.00;35.00;(175.00);(5.0000);0.00;636 - مخزون البن المحمص;636 - مخزون البن المحمص
09 أكتوبر 2025;Payable Credit Note;MP 2726;سند صرف قهوه محموصه فرع حطين;Rosted Beanes Burundi Natural;(1,225.00);35.00;35.00;(1,225.00);(35.0000);0.00;636 - مخزون البن المحمص;636 - مخزون البن المحمص
12 أكتوبر 2025;Payable Credit Note;MP 2733;سند صرف قهوه محموصه فرع رفا;Rosted Beanes Burundi Natural;(350.00);35.00;35.00;(350.00);(10.0000);0.00;636 - مخزون البن المحمص;636 - مخزون البن المحمص
14 أكتوبر 2025;Payable Credit Note;MP 2735;سند صرف قهوه محموصه فرع الصحافة;Rosted Beanes Burundi Natural;(700.00);35.00;35.00;(700.00);(20.0000);0.00;636 - مخزون البن المحمص;636 - مخزون البن المحمص
15 أكتوبر 2025;Payable Credit Note;MP 2738;سند صرف قهوه محموصه فرع الصحافة;Rosted Beanes Burundi Natural;(350.00);35.00;35.00;(350.00);(10.0000);0.00;636 - مخزون البن المحمص;636 - مخزون البن المحمص
16 أكتوبر 2025;Payable Invoice;7226;تحميص وارد لمستودع البن المحمص;Rosted Beanes Burundi Natural;12,242.49;34.29;0.00;12,242.49;357.0000;0.00;;636 - مخزون البن المحمص
20 أكتوبر 2025;Payable Credit Note;MP 2742;سند صرف قهوه محموصه فرع حطين;Rosted Beanes Burundi Natural;(1,610.00);35.00;35.00;(1,610.00);(46.0000);0.00;636 - مخزون البن المحمص;636 - مخزون البن المحمص
20 أكتوبر 2025;Payable Credit Note;MP 2743;سند صرف قهوه محموصه فرع رفا;Rosted Beanes Burundi Natural;(350.00);35.00;35.00;(350.00);(10.0000);0.00;636 - مخزون البن المحمص;636 - مخزون البن المحمص
21 أكتوبر 2025;Payable Credit Note;MP 2747;سند صرف قهوه محموصه فرع الصحافة;Rosted Beanes Burundi Natural;(525.00);35.00;35.00;(525.00);(15.0000);0.00;636 - مخزون البن المحمص;636 - مخزون البن المحمص
23 أكتوبر 2025;Payable Credit Note;MP 2748;سند صرف قهوه محموصه فرع الصحافة;Rosted Beanes Burundi Natural;(700.00);35.00;35.00;(700.00);(20.0000);0.00;636 - مخزون البن المحمص;636 - مخزون البن المحمص
24 أكتوبر 2025;Payable Credit Note;MP 2750;سند صرف قهوه محموصه فرع واو;Rosted Beanes Burundi Natural;(315.00);35.00;35.00;(315.00);(9.0000);0.00;636 - مخزون البن المحمص;636 - مخزون البن المحمص
24 أكتوبر 2025;Payable Credit Note;MP 2750;سند صرف قهوه محموصه فرع واو;Rosted Beanes Burundi Natural;(175.00);35.00;35.00;(175.00);(5.0000);0.00;636 - مخزون البن المحمص;636 - مخزون البن المحمص
26 أكتوبر 2025;Payable Credit Note;MP 2753;سند صرف قهوه محموصه فرع حطين;Rosted Beanes Burundi Natural;(840.00);35.00;35.00;(840.00);(24.0000);0.00;636 - مخزون البن المحمص;636 - مخزون البن المحمص
27 أكتوبر 2025;Payable Credit Note;MP 2755;سند صرف قهوه محموصه فرع رفا;Rosted Beanes Burundi Natural;(350.00);35.00;35.00;(350.00);(10.0000);0.00;636 - مخزون البن المحمص;636 - مخزون البن المحمص
27 أكتوبر 2025;Payable Credit Note;MP 2754;سند صرف قهوه محموصه فرع حطين;Rosted Beanes Burundi Natural12 كيس;(105.00);35.00;35.00;(105.00);(3.0000);0.00;636 - مخزون البن المحمص;636 - مخزون البن المحمص
31 أكتوبر 2025;Payable Credit Note;MP 2762;سند صرف قهوه محموصه فرع الصحافة;Rosted Beanes Burundi Natural;(350.00);35.00;35.00;(350.00);(10.0000);0.00;636 - مخزون البن المحمص;636 - مخزون البن المحمص
31 أكتوبر 2025;Receivable Invoice;INV-4744;موقع سلة Salla website;Rosted Beanes Burundi Natural;(90.74);32.68;90.74;(32.68);(1.0000);58.06;203 - مبيعات المتجر الكترونى موقع سلة;636 - مخزون البن المحمص
03 نوفمبر 2025;Payable Credit Note;MP 2772;سند صرف قهوه محموصه فرع رفا;Rosted Beanes Burundi Natural;(140.00);35.00;35.00;(140.00);(4.0000);0.00;636 - مخزون البن المحمص;636 - مخزون البن المحمص
03 نوفمبر 2025;Payable Credit Note;MP 2766;سند صرف قهوه محموصه فرع الصحافة;Rosted Beanes Burundi Natural;(105.00);35.00;35.00;(105.00);(3.0000);0.00;636 - مخزون البن المحمص;636 - مخزون البن المحمص
03 نوفمبر 2025;Payable Credit Note;MP 2768;سند صرف قهوه محموصه فرع التخصصي;Rosted Beanes Burundi Natural;(35.00);35.00;35.00;(35.00);(1.0000);0.00;636 - مخزون البن المحمص;636 - مخزون البن المحمص
03 نوفمبر 2025;Payable Credit Note;MP 2767;سند صرف قهوه محموصه فرع رفا;Rosted Beanes Burundi Natural;(35.00);35.00;35.00;(35.00);(1.0000);0.00;636 - مخزون البن المحمص;636 - مخزون البن المحمص
03 نوفمبر 2025;Payable Credit Note;MP 2765;سند صرف قهوه محموصه فرع حطين;Rosted Beanes Burundi Natural;(105.00);35.00;35.00;(105.00);(3.0000);0.00;636 - مخزون البن المحمص;636 - مخزون البن المحمص
03 نوفمبر 2025;Payable Credit Note;MP 2769;سند صرف قهوه محموصه فرع الصحافة;Rosted Beanes Burundi Natural;(350.00);35.00;35.00;(350.00);(10.0000);0.00;636 - مخزون البن المحمص;636 - مخزون البن المحمص
04 نوفمبر 2025;Payable Credit Note;MP 2774;سند صرف قهوه محموصه فرع حطين;Rosted Beanes Burundi Natural;(1,190.00);35.00;35.00;(1,190.00);(34.0000);0.00;636 - مخزون البن المحمص;636 - مخزون البن المحمص
06 نوفمبر 2025;Payable Credit Note;MP 2776;سند صرف قهوه محموصه فرع الصحافة;Rosted Beanes Burundi Natural;(525.00);35.00;35.00;(525.00);(15.0000);0.00;636 - مخزون البن المحمص;636 - مخزون البن المحمص
07 نوفمبر 2025;Payable Credit Note;MP 2779;سند صرف قهوه محموصه فرع حطين;Rosted Beanes Burundi Natural;(105.00);35.00;35.00;(105.00);(3.0000);0.00;636 - مخزون البن المحمص;636 - مخزون البن المحمص
07 نوفمبر 2025;Payable Credit Note;MP 2777;سند صرف قهوه محموصه فرع الصحافة;Rosted Beanes Burundi Natural;(70.00);35.00;35.00;(70.00);(2.0000);0.00;636 - مخزون البن المحمص;636 - مخزون البن المحمص
08 نوفمبر 2025;Payable Credit Note;MP 2782;سند صرف قهوه محموصه فرع رفا;Rosted Beanes Burundi Natural;(350.00);35.00;35.00;(350.00);(10.0000);0.00;636 - مخزون البن المحمص;636 - مخزون البن المحمص
10 نوفمبر 2025;Payable Credit Note;MP 2786;سند صرف قهوه محموصه فرع واو;Rosted Beanes Burundi Natural;(175.00);35.00;35.00;(175.00);(5.0000);0.00;636 - مخزون البن المحمص;636 - مخزون البن المحمص
11 نوفمبر 2025;Payable Credit Note;MP 2790;سند صرف قهوه محموصه فرع حطين;Rosted Beanes Burundi Natural;(175.00);35.00;35.00;(175.00);(5.0000);0.00;636 - مخزون البن المحمص;636 - مخزون البن المحمص
11 نوفمبر 2025;Payable Credit Note;MP 2787;سند صرف قهوه محموصه فرع الصحافة;Rosted Beanes Burundi Natural;(525.00);35.00;35.00;(525.00);(15.0000);0.00;636 - مخزون البن المحمص;636 - مخزون البن المحمص
11 نوفمبر 2025;Payable Credit Note;MP 2789;سند صرف قهوه محموصه فرع حطين;Rosted Beanes Burundi Natural;(1,225.00);35.00;35.00;(1,225.00);(35.0000);0.00;636 - مخزون البن المحمص;636 - مخزون البن المحمص
12 نوفمبر 2025;Payable Credit Note;MP 2793;سند صرف قهوه محموصه فرع الصحافة;Rosted Beanes Burundi Natural;(525.00);35.00;35.00;(525.00);(15.0000);0.00;636 - مخزون البن المحمص;636 - مخزون البن المحمص
12 نوفمبر 2025;Payable Credit Note;MP 2793;سند صرف قهوه محموصه فرع الصحافة;Rosted Beanes Burundi Natural;(70.00);35.00;35.00;(70.00);(2.0000);0.00;636 - مخزون البن المحمص;636 - مخزون البن المحمص
12 نوفمبر 2025;Payable Credit Note;MP 2796;سند صرف قهوه محموصه فرع رفا;Rosted Beanes Burundi Natural;(350.00);35.00;35.00;(350.00);(10.0000);0.00;636 - مخزون البن المحمص;636 - مخزون البن المحمص
12 نوفمبر 2025;Payable Credit Note;MP 2795;سند صرف قهوه محموصه فرع التخصصي;Rosted Beanes Burundi Natural;(70.00);35.00;35.00;(70.00);(2.0000);0.00;636 - مخزون البن المحمص;636 - مخزون البن المحمص
16 نوفمبر 2025;Payable Credit Note;MP 2799;سند صرف قهوه محموصه فرع الصحافة;Rosted Beanes Burundi Natural;(350.00);35.00;35.00;(350.00);(10.0000);0.00;636 - مخزون البن المحمص;636 - مخزون البن المحمص
18 نوفمبر 2025;Payable Credit Note;MP 2803;سند صرف قهوه محموصه فرع الصحافة;Rosted Beanes Burundi Natural;(525.00);35.00;35.00;(525.00);(15.0000);0.00;636 - مخزون البن المحمص;636 - مخزون البن المحمص
18 نوفمبر 2025;Payable Credit Note;MP 2802;سند صرف قهوه محموصه فرع الصحافة;Rosted Beanes Burundi Natural20كيس;(175.00);35.00;35.00;(175.00);(5.0000);0.00;636 - مخزون البن المحمص;636 - مخزون البن المحمص
18 نوفمبر 2025;Payable Credit Note;MP 2801;سند صرف قهوه محموصه فرع حطين;Rosted Beanes Burundi Natural;(350.00);35.00;35.00;(350.00);(10.0000);0.00;636 - مخزون البن المحمص;636 - مخزون البن المحمص
18 نوفمبر 2025;Payable Credit Note;MP 2808;سند صرف قهوه محموصه فرع واو;Rosted Beanes Burundi Natural;(175.00);35.00;35.00;(175.00);(5.0000);0.00;636 - مخزون البن المحمص;636 - مخزون البن المحمص
18 نوفمبر 2025;Payable Credit Note;MP 2808;سند صرف قهوه محموصه فرع واو;Rosted Beanes Burundi Natural 3 كيس;(26.25);35.00;35.00;(26.25);(0.7500);0.00;636 - مخزون البن المحمص;636 - مخزون البن المحمص
18 نوفمبر 2025;Payable Credit Note;MP 2807;سند صرف قهوه محموصه فرع رفا;Rosted Beanes Burundi Natural 4 كيس;(35.00);35.00;35.00;(35.00);(1.0000);0.00;636 - مخزون البن المحمص;636 - مخزون البن المحمص
21 نوفمبر 2025;Payable Invoice;7229;تحميص وارد لمستودع البن المحمص;Rosted Beanes Burundi Natural;1,799.50;34.61;0.00;1,799.50;52.0000;0.00;;636 - مخزون البن المحمص
21 نوفمبر 2025;Payable Credit Note;MP 2813;سند صرف قهوه محموصه فرع الصحافة;Rosted Beanes Burundi Natural;(525.00);35.00;35.00;(525.00);(15.0000);0.00;636 - مخزون البن المحمص;636 - مخزون البن المحمص
21 نوفمبر 2025;Payable Credit Note;MP 2809;سند صرف قهوه محموصه فرع حطين;Rosted Beanes Burundi Natural;(2,030.00);35.00;35.00;(2,030.00);(58.0000);0.00;636 - مخزون البن المحمص;636 - مخزون البن المحمص
21 نوفمبر 2025;Payable Credit Note;MP 2815;سند صرف قهوه محموصه فرع رفا;Rosted Beanes Burundi Natural;(35.00);35.00;35.00;(35.00);(1.0000);0.00;636 - مخزون البن المحمص;636 - مخزون البن المحمص
23 نوفمبر 2025;Payable Credit Note;MP 2818;سند صرف قهوه محموصه فرع التخصصي;Rosted Beanes Burundi Natural;(210.00);35.00;35.00;(210.00);(6.0000);0.00;636 - مخزون البن المحمص;636 - مخزون البن المحمص
23 نوفمبر 2025;Payable Credit Note;MP 2817;سند صرف قهوه محموصه فرع الصحافة;Rosted Beanes Burundi Natural;(350.00);35.00;35.00;(350.00);(10.0000);0.00;636 - مخزون البن المحمص;636 - مخزون البن المحمص
24 نوفمبر 2025;Payable Credit Note;MP 2819;سند صرف قهوه محموصه فرع الصحافة;Rosted Beanes Burundi Natural 16 كيس;(140.00);35.00;35.00;(140.00);(4.0000);0.00;636 - مخزون البن المحمص;636 - مخزون البن المحمص
25 نوفمبر 2025;Payable Credit Note;MP 2826;سند صرف قهوه محموصه فرع رفا;Rosted Beanes Burundi Natural;(70.00);35.00;35.00;(70.00);(2.0000);0.00;636 - مخزون البن المحمص;636 - مخزون البن المحمص
25 نوفمبر 2025;Payable Credit Note;MP 2824;سند صرف قهوه محموصه فرع واو;Rosted Beanes Burundi Natural;(350.00);35.00;35.00;(350.00);(10.0000);0.00;636 - مخزون البن المحمص;636 - مخزون البن المحمص
25 نوفمبر 2025;Payable Credit Note;MP 2821;سند صرف قهوه محموصه فرع الصحافة;Rosted Beanes Burundi Natural;(700.00);35.00;35.00;(700.00);(20.0000);0.00;636 - مخزون البن المحمص;636 - مخزون البن المحمص
25 نوفمبر 2025;Payable Credit Note;MP 2825;سند صرف قهوه محموصه فرع رفا;Rosted Beanes Burundi Natural;(350.00);35.00;35.00;(350.00);(10.0000);0.00;636 - مخزون البن المحمص;636 - مخزون البن المحمص
25 نوفمبر 2025;Payable Credit Note;MP 2823;سند صرف قهوه محموصه فرع التخصصي;Rosted Beanes Burundi Natural;(175.00);35.00;35.00;(175.00);(5.0000);0.00;636 - مخزون البن المحمص;636 - مخزون البن المحمص
27 نوفمبر 2025;Payable Credit Note;MP 2827;سند صرف قهوه محموصه فرع حطين;Rosted Beanes Burundi Natural;(1,330.00);35.00;35.00;(1,330.00);(38.0000);0.00;636 - مخزون البن المحمص;636 - مخزون البن المحمص
27 نوفمبر 2025;Payable Invoice;7230;تحميص وارد لمستودع البن المحمص;Rosted Beanes Burundi Natural;3,599.00;34.28;0.00;3,599.00;105.0000;0.00;;636 - مخزون البن المحمص
27 نوفمبر 2025;Payable Credit Note;MP 2830;سند صرف قهوه محموصه فرع الصحافة;Rosted Beanes Burundi Natural20كيس;(175.00);35.00;35.00;(175.00);(5.0000);0.00;636 - مخزون البن المحمص;636 - مخزون البن المحمص
27 نوفمبر 2025;Payable Credit Note;MP 2829;سند صرف قهوه محموصه فرع حطين;Rosted Beanes Burundi Natural 20 كيس;(175.00);35.00;35.00;(175.00);(5.0000);0.00;636 - مخزون البن المحمص;636 - مخزون البن المحمص
28 نوفمبر 2025;Payable Credit Note;MP 2833;سند صرف قهوه محموصه فرع رفا;Rosted Beanes Burundi Natural;(175.00);35.00;35.00;(175.00);(5.0000);0.00;636 - مخزون البن المحمص;636 - مخزون البن المحمص
28 نوفمبر 2025;Payable Credit Note;MP 2833;سند صرف قهوه محموصه فرع رفا;Rosted Beanes Burundi Natural;(35.00);35.00;35.00;(35.00);(1.0000);0.00;636 - مخزون البن المحمص;636 - مخزون البن المحمص
30 نوفمبر 2025;Payable Credit Note;MP 2835;سند صرف قهوه محموصه فرع الصحافة;Rosted Beanes Burundi Natural;(700.00);35.00;35.00;(700.00);(20.0000);0.00;636 - مخزون البن المحمص;636 - مخزون البن المحمص
30 نوفمبر 2025;Payable Credit Note;MP 2835;سند صرف قهوه محموصه فرع الصحافة;Rosted Beanes Burundi Natural 8كيس;(70.00);35.00;35.00;(70.00);(2.0000);0.00;636 - مخزون البن المحمص;636 - مخزون البن المحمص
30 نوفمبر 2025;Receivable Invoice;INV-4868;موقع سلة Salla website;Rosted Beanes Burundi Natural;(1,381.60);32.66;86.35;(522.51);(16.0000);53.69;203 - مبيعات المتجر الكترونى موقع سلة;636 - مخزون البن المحمص
02 ديسمبر 2025;Payable Credit Note;MP 2843;سند صرف قهوه محموصه فرع رفا;Rosted Beanes Burundi Natural;(350.00);35.00;35.00;(350.00);(10.0000);0.00;636 - مخزون البن المحمص;636 - مخزون البن المحمص
02 ديسمبر 2025;Payable Credit Note;MP 2843;سند صرف قهوه محموصه فرع رفا;Rosted Beanes Burundi Natural8كيس;(70.00);35.00;35.00;(70.00);(2.0000);0.00;636 - مخزون البن المحمص;636 - مخزون البن المحمص
02 ديسمبر 2025;Payable Credit Note;MP 2839;سند صرف قهوه محموصه فرع الصحافة;Rosted Beanes Burundi Natural;(350.00);35.00;35.00;(350.00);(10.0000);0.00;636 - مخزون البن المحمص;636 - مخزون البن المحمص
02 ديسمبر 2025;Payable Credit Note;MP 2842;سند صرف قهوه محموصه فرع التخصصي;Rosted Beanes Burundi Natural;(350.00);35.00;35.00;(350.00);(10.0000);0.00;636 - مخزون البن المحمص;636 - مخزون البن المحمص
04 ديسمبر 2025;Payable Invoice;7231;تحميص وارد لمستودع البن المحمص;Rosted Beanes Burundi Natural;6,843.99;34.39;0.00;6,843.99;199.0000;0.00;;636 - مخزون البن المحمص
04 ديسمبر 2025;Payable Credit Note;MP 2850;سند صرف قهوه محموصه فرع واو;Rosted Beanes Burundi Natural;(140.00);35.00;35.00;(140.00);(4.0000);0.00;636 - مخزون البن المحمص;636 - مخزون البن المحمص
04 ديسمبر 2025;Payable Credit Note;MP 2850;سند صرف قهوه محموصه فرع واو;Rosted Beanes Burundi Natural 4كيس;(35.00);35.00;35.00;(35.00);(1.0000);0.00;636 - مخزون البن المحمص;636 - مخزون البن المحمص
04 ديسمبر 2025;Payable Credit Note;MP 2849;سند صرف قهوه محموصه فرع التخصصي;Rosted Beanes Burundi Natural;(140.00);35.00;35.00;(140.00);(4.0000);0.00;636 - مخزون البن المحمص;636 - مخزون البن المحمص
04 ديسمبر 2025;Payable Credit Note;MP 2848;سند صرف قهوه محموصه فرع الصحافة;Rosted Beanes Burundi Natural;(700.00);35.00;35.00;(700.00);(20.0000);0.00;636 - مخزون البن المحمص;636 - مخزون البن المحمص
04 ديسمبر 2025;Payable Credit Note;MP 2845;سند صرف قهوه محموصه فرع الصحافة;Rosted Beanes Burundi Natural;(700.00);35.00;35.00;(700.00);(20.0000);0.00;636 - مخزون البن المحمص;636 - مخزون البن المحمص
06 ديسمبر 2025;Payable Credit Note;2851;سند صرف قهوه محموصه فرع حطين;Rosted Beanes Burundi Natural;(1,715.00);35.00;35.00;(1,715.00);(49.0000);0.00;636 - مخزون البن المحمص;636 - مخزون البن المحمص
07 ديسمبر 2025;Payable Credit Note;MP 2854;سند صرف قهوه محموصه فرع التخصصي;Rosted Beanes Burundi Natural;(175.00);35.00;35.00;(175.00);(5.0000);0.00;636 - مخزون البن المحمص;636 - مخزون البن المحمص
09 ديسمبر 2025;Payable Credit Note;MP 2856;سند صرف قهوه محموصه فرع الصحافة;Rosted Beanes Burundi Natural;(700.00);35.00;35.00;(700.00);(20.0000);0.00;636 - مخزون البن المحمص;636 - مخزون البن المحمص
09 ديسمبر 2025;Payable Credit Note;MP 2858;سند صرف قهوه محموصه فرع التخصصي;Rosted Beanes Burundi Natural;(280.00);35.00;35.00;(280.00);(8.0000);0.00;636 - مخزون البن المحمص;636 - مخزون البن المحمص
10 ديسمبر 2025;Payable Invoice;7232;تحميص وارد لمستودع البن المحمص;Rosted Beanes Burundi Natural;6,136.01;34.67;0.00;6,136.01;177.0000;0.00;;636 - مخزون البن المحمص
13 ديسمبر 2025;Payable Credit Note;MP 2863;سند صرف قهوه محموصه فرع حطين;Rosted Beanes Burundi Natural;(1,400.00);35.00;35.00;(1,400.00);(40.0000);0.00;636 - مخزون البن المحمص;636 - مخزون البن المحمص
13 ديسمبر 2025;Payable Credit Note;MP 2863;سند صرف قهوه محموصه فرع حطين;Rosted Beanes Burundi Natural 12 كيس;(105.00);35.00;35.00;(105.00);(3.0000);0.00;636 - مخزون البن المحمص;636 - مخزون البن المحمص
13 ديسمبر 2025;Payable Credit Note;MP 2864;سند صرف قهوه محموصه فرع رفا;Rosted Beanes Burundi Natural;(175.00);35.00;35.00;(175.00);(5.0000);0.00;636 - مخزون البن المحمص;636 - مخزون البن المحمص
15 ديسمبر 2025;Payable Credit Note;MP 2866;سند صرف قهوه محموصه فرع التخصصي;Rosted Beanes Burundi Natural;(560.00);35.00;35.00;(560.00);(16.0000);0.00;636 - مخزون البن المحمص;636 - مخزون البن المحمص
16 ديسمبر 2025;Payable Credit Note;MP 2869;سند صرف قهوه محموصه فرع واو;Rosted Beanes Burundi Natural;(175.00);35.00;35.00;(175.00);(5.0000);0.00;636 - مخزون البن المحمص;636 - مخزون البن المحمص
16 ديسمبر 2025;Payable Credit Note;MP 2868;سند صرف قهوه محموصه فرع الصحافة;Rosted Beanes Burundi Natural;(350.00);35.00;35.00;(350.00);(10.0000);0.00;636 - مخزون البن المحمص;636 - مخزون البن المحمص
18 ديسمبر 2025;Payable Credit Note;MP 2870;سند صرف قهوه محموصه فرع رفا;Rosted Beanes Burundi Natural;(350.00);35.00;35.00;(350.00);(10.0000);0.00;636 - مخزون البن المحمص;636 - مخزون البن المحمص
18 ديسمبر 2025;Payable Invoice;7233;تحميص وارد لمستودع البن المحمص;Rosted Beanes Burundi Natural;3,599.00;34.28;0.00;3,599.00;105.0000;0.00;;636 - مخزون البن المحمص
18 ديسمبر 2025;Payable Credit Note;MP 2871;سند صرف قهوه محموصه فرع التخصصي;Rosted Beanes Burundi Natural;(350.00);35.00;35.00;(350.00);(10.0000);0.00;636 - مخزون البن المحمص;636 - مخزون البن المحمص
18 ديسمبر 2025;Payable Credit Note;MP 2872;سند صرف قهوه محموصه فرع الصحافة;Rosted Beanes Burundi Natural;(700.00);35.00;35.00;(700.00);(20.0000);0.00;636 - مخزون البن المحمص;636 - مخزون البن المحمص
20 ديسمبر 2025;Payable Credit Note;MP 2875;سند صرف قهوه محموصه فرع حطين;Rosted Beanes Burundi Natural;(875.00);35.00;35.00;(875.00);(25.0000);0.00;636 - مخزون البن المحمص;636 - مخزون البن المحمص
21 ديسمبر 2025;Payable Credit Note;MP 2877;سند صرف قهوه محموصه فرع الصحافة;Rosted Beanes Burundi Natural;(525.00);35.00;35.00;(525.00);(15.0000);0.00;636 - مخزون البن المحمص;636 - مخزون البن المحمص
21 ديسمبر 2025;Payable Credit Note;MP 2877;سند صرف قهوه محموصه فرع الصحافة;Rosted Beanes Burundi Natural 4 كيس;(35.00);35.00;35.00;(35.00);(1.0000);0.00;636 - مخزون البن المحمص;636 - مخزون البن المحمص
22 ديسمبر 2025;Payable Credit Note;MP 2880;سند صرف قهوه محموصه فرع التخصصي;Rosted Beanes Burundi Natural;(280.00);35.00;35.00;(280.00);(8.0000);0.00;636 - مخزون البن المحمص;636 - مخزون البن المحمص
24 ديسمبر 2025;Payable Credit Note;MP 2883;سند صرف قهوه محموصه فرع الصحافة;Rosted Beanes Burundi Natural;(525.00);35.00;35.00;(525.00);(15.0000);0.00;636 - مخزون البن المحمص;636 - مخزون البن المحمص
24 ديسمبر 2025;Payable Credit Note;MP 2884;سند صرف قهوه محموصه فرع التخصصي;Rosted Beanes Burundi Natural;(175.00);35.00;35.00;(175.00);(5.0000);0.00;636 - مخزون البن المحمص;636 - مخزون البن المحمص
24 ديسمبر 2025;Payable Credit Note;MP 2885;سند صرف قهوه محموصه فرع رفا;Rosted Beanes Burundi Natural;(280.00);35.00;35.00;(280.00);(8.0000);0.00;636 - مخزون البن المحمص;636 - مخزون البن المحمص
24 ديسمبر 2025;Payable Credit Note;MP 2881;سند صرف قهوه محموصه فرع الصحافة;Rosted Beanes Burundi Natural;(350.00);35.00;35.00;(350.00);(10.0000);0.00;636 - مخزون البن المحمص;636 - مخزون البن المحمص
24 ديسمبر 2025;Payable Invoice;7234;تحميص وارد لمستودع البن المحمص;Rosted Beanes Burundi Natural;3,982.51;34.63;0.00;3,982.51;115.0000;0.00;;636 - مخزون البن المحمص
27 ديسمبر 2025;Payable Credit Note;MP 2888;سند صرف قهوه محموصه فرع التخصصي;Rosted Beanes Burundi Natural;(420.00);35.00;35.00;(420.00);(12.0000);0.00;636 - مخزون البن المحمص;636 - مخزون البن المحمص
27 ديسمبر 2025;Payable Credit Note;MP 2886;سند صرف قهوه محموصه فرع واو;Rosted Beanes Burundi Natural;(525.00);35.00;35.00;(525.00);(15.0000);0.00;636 - مخزون البن المحمص;636 - مخزون البن المحمص
28 ديسمبر 2025;Payable Credit Note;MP 2891;سند صرف قهوه محموصه فرع الصحافة;Rosted Beanes Burundi Natural;(700.00);35.00;35.00;(700.00);(20.0000);0.00;636 - مخزون البن المحمص;636 - مخزون البن المحمص
28 ديسمبر 2025;Payable Credit Note;MP 2891;سند صرف قهوه محموصه فرع الصحافة;Rosted Beanes Burundi Natural 4 كيس;(35.00);35.00;35.00;(35.00);(1.0000);0.00;636 - مخزون البن المحمص;636 - مخزون البن المحمص
28 ديسمبر 2025;Payable Credit Note;MP 2889;سند صرف قهوه محموصه فرع حطين;Rosted Beanes Burundi Natural;(525.00);35.00;35.00;(525.00);(15.0000);0.00;636 - مخزون البن المحمص;636 - مخزون البن المحمص
29 ديسمبر 2025;Payable Credit Note;MP 2892;سند صرف قهوه محموصه فرع التخصصي;Rosted Beanes Burundi Natural;(175.00);35.00;35.00;(175.00);(5.0000);0.00;636 - مخزون البن المحمص;636 - مخزون البن المحمص
30 ديسمبر 2025;Payable Credit Note;MP 2894;سند صرف قهوه محموصه فرع حطين;Rosted Beanes Burundi Natural;(175.00);35.00;35.00;(175.00);(5.0000);0.00;636 - مخزون البن المحمص;636 - مخزون البن المحمص
30 ديسمبر 2025;Payable Credit Note;MP 2895;سند صرف قهوه محموصه فرع رفا;Rosted Beanes Burundi Natural;(350.00);35.00;35.00;(350.00);(10.0000);0.00;636 - مخزون البن المحمص;636 - مخزون البن المحمص
31 ديسمبر 2025;Payable Credit Note;MP 2897;سند صرف قهوه محموصه فرع الصحافة;Rosted Beanes Burundi Natural;(525.00);35.00;35.00;(525.00);(15.0000);0.00;636 - مخزون البن المحمص;636 - مخزون البن المحمص
31 ديسمبر 2025;Payable Credit Note;MP 2896;سند صرف قهوه محموصه فرع التخصصي;Rosted Beanes Burundi Natural;(105.00);35.00;35.00;(105.00);(3.0000);0.00;636 - مخزون البن المحمص;636 - مخزون البن المحمص
31 ديسمبر 2025;Payable Credit Note;MP 2896;سند صرف قهوه محموصه فرع التخصصي;Rosted Beanes Burundi Natural 2 كيس;(17.50);35.00;35.00;(17.50);(0.5000);0.00;636 - مخزون البن المحمص;636 - مخزون البن المحمص
31 ديسمبر 2025;Receivable Invoice;INV-5016;موقع سلة Salla website;Rosted Beanes Burundi Natural;(62.61);35.00;125.22;(17.50);(0.5000);90.22;203 - مبيعات المتجر الكترونى موقع سلة;636 - مخزون البن المحمص
31 ديسمبر 2025;Adjustment;Revaluation;;تعديل;866.57;0.00;0.00;866.57;0.0000;0.00;;636 - مخزون البن المحمص
31 ديسمبر 2025;Adjustment;Quantity Decrease;;جرد 31/12;(96.25);35.00;0.00;(96.25);(2.7500);0.00;;636 - مخزون البن المحمص
Total RB2701- برونداى مجففه محمص - Rosted Beanes Burundi Natural;;;;;(30,755.77);;;(4,125.91);(117.5000);1,214.82;;
Closing Balance;;;;;0.00;0.00;0.00;7,997.50;228.5000;0.00;;
;;;;;;;;;;;;
RB29244- بنما مجففه كاتورامحمص - Rosted Beanes Panama Arabica Natural Caturra;;;;;;;;;;;;
Opening Balance;;;;;0.00;0.00;0.00;4,231.50;93.0000;0.00;;
01 يناير 2025;Payable Credit Note;MP 2285;سند صرف قهوه محموصه فرع الصحافة;Rosted Beanes Panama Arabica Natural Caturra;(136.50);45.50;45.50;(136.50);(3.0000);0.00;636 - مخزون البن المحمص;636 - مخزون البن المحمص
01 يناير 2025;Payable Credit Note;MP 2286;سند صرف قهوه محموصه فرع الصحافة;Rosted Beanes Panama Arabica Natural Caturra 4 كيس;(45.50);45.50;45.50;(45.50);(1.0000);0.00;636 - مخزون البن المحمص;636 - مخزون البن المحمص
02 يناير 2025;Payable Credit Note;MP 2289;سند صرف قهوه محموصه فرع حطين;Rosted Beanes Panama Arabica Natural Caturra;(455.00);45.50;45.50;(455.00);(10.0000);0.00;636 - مخزون البن المحمص;636 - مخزون البن المحمص
05 يناير 2025;Payable Credit Note;MP 2291;سند صرف قهوه محموصه فرع واو;Rosted Beanes Panama Arabica Natural Caturra;(45.50);45.50;45.50;(45.50);(1.0000);0.00;636 - مخزون البن المحمص;636 - مخزون البن المحمص
11 يناير 2025;Payable Credit Note;MP 2299;سند صرف قهوه محموصه فرع حطين;Rosted Beanes Panama Arabica Natural Caturra;(227.50);45.50;45.50;(227.50);(5.0000);0.00;636 - مخزون البن المحمص;636 - مخزون البن المحمص
11 يناير 2025;Payable Credit Note;MP 2296;سند صرف قهوه محموصه فرع رفا;Rosted Beanes Panama Arabica Natural Caturra;(364.00);45.50;45.50;(364.00);(8.0000);0.00;636 - مخزون البن المحمص;636 - مخزون البن المحمص
15 يناير 2025;Payable Credit Note;MP 2304;سند صرف قهوه محموصه فرع رفا;Rosted Beanes Panama Arabica Natural Caturra;(227.50);45.50;45.50;(227.50);(5.0000);0.00;636 - مخزون البن المحمص;636 - مخزون البن المحمص
18 يناير 2025;Payable Credit Note;MP 2310;سند صرف قهوه محموصه فرع حطين;Rosted Beanes Panama Arabica Natural Caturra;(682.50);45.50;45.50;(682.50);(15.0000);0.00;636 - مخزون البن المحمص;636 - مخزون البن المحمص
18 يناير 2025;Payable Credit Note;MP 2308;سند صرف قهوه محموصه فرع التخصصي;Rosted Beanes Panama Arabica Natural Caturra;(136.50);45.50;45.50;(136.50);(3.0000);0.00;636 - مخزون البن المحمص;636 - مخزون البن المحمص
23 يناير 2025;Payable Credit Note;MP 2316;سند صرف قهوه محموصه فرع حطين;Rosted Beanes Panama Arabica Natural Caturra;(136.50);45.50;45.50;(136.50);(3.0000);0.00;636 - مخزون البن المحمص;636 - مخزون البن المحمص
23 يناير 2025;Payable Credit Note;MP 2314;سند صرف قهوه محموصه فرع الصحافة;Rosted Beanes Panama Arabica Natural Caturra 2 كيس;(22.75);45.50;45.50;(22.75);(0.5000);0.00;636 - مخزون البن المحمص;636 - مخزون البن المحمص
25 يناير 2025;Payable Credit Note;MP 2321;سند صرف قهوه محموصه فرع التخصصي;Rosted Beanes Panama Arabica Natural Caturra 4 كيس;(45.50);45.50;45.50;(45.50);(1.0000);0.00;636 - مخزون البن المحمص;636 - مخزون البن المحمص
25 يناير 2025;Payable Credit Note;MP 2317;سند صرف قهوه محموصه فرع حطين;Rosted Beanes Panama Arabica Natural Caturra;(546.00);45.50;45.50;(546.00);(12.0000);0.00;636 - مخزون البن المحمص;636 - مخزون البن المحمص
29 يناير 2025;Payable Credit Note;MP 2329;سند صرف قهوه محموصه فرع حطين;Rosted Beanes Panama Arabica Natural Caturra;(68.25);45.50;45.50;(68.25);(1.5000);0.00;636 - مخزون البن المحمص;636 - مخزون البن المحمص
29 يناير 2025;Payable Credit Note;MP 2330;سند صرف قهوه محموصه فرع واو;Rosted Beanes Panama Arabica Natural Caturra;(91.00);45.50;45.50;(91.00);(2.0000);0.00;636 - مخزون البن المحمص;636 - مخزون البن المحمص
01 فبراير 2025;Payable Credit Note;MP 2335;سند صرف قهوه محموصه فرع حطين;Rosted Beanes Panama Arabica Natural Caturra;(682.50);45.50;45.50;(682.50);(15.0000);0.00;636 - مخزون البن المحمص;636 - مخزون البن المحمص
03 فبراير 2025;Payable Credit Note;MP 2337;سند صرف قهوه محموصه فرع التخصصي;Rosted Beanes Panama Arabica Natural Caturra;(136.50);45.50;45.50;(136.50);(3.0000);0.00;636 - مخزون البن المحمص;636 - مخزون البن المحمص
03 فبراير 2025;Payable Credit Note;MP 2336;سند صرف قهوه محموصه فرع الصحافة;Rosted Beanes Panama Arabica Natural Caturra 4 كيس;(45.50);45.50;45.50;(45.50);(1.0000);0.00;636 - مخزون البن المحمص;636 - مخزون البن المحمص
31 مارس 2025;Adjustment;Quantity Decrease;;جرد 30/3;(136.50);45.50;0.00;(136.50);(3.0000);0.00;;636 - مخزون البن المحمص
Total RB29244- بنما مجففه كاتورامحمص - Rosted Beanes Panama Arabica Natural Caturra;;;;;(4,231.50);;;(4,231.50);(93.0000);0.00;;
Closing Balance;;;;;0.00;0.00;0.00;0.00;0.0000;0.00;;
;;;;;;;;;;;;
RB32022- كاتورا ميكسيكى محمص - Mexico Caturra Rosted Beans;;;;;;;;;;;;
Opening Balance;;;;;0.00;0.00;0.00;437.08;10.0000;0.00;;
01 يناير 2025;Payable Credit Note;MP 2286;سند صرف قهوه محموصه فرع الصحافة;Mexico Caturra Rosted Beans 4 كيس;(46.22);46.22;46.22;(46.22);(1.0000);0.00;636 - مخزون البن المحمص;636 - مخزون البن المحمص
02 يناير 2025;Payable Credit Note;MP 2290;سند صرف قهوه محموصه فرع حطين;Mexico Caturra Rosted Beans 6 كيس;(69.33);46.22;46.22;(69.33);(1.5000);0.00;636 - مخزون البن المحمص;636 - مخزون البن المحمص
05 يناير 2025;Payable Credit Note;MP 2292;سند صرف قهوه محموصه فرع التخصصي;Mexico Caturra Rosted Beans 4 كيس;(46.22);46.22;46.22;(46.22);(1.0000);0.00;636 - مخزون البن المحمص;636 - مخزون البن المحمص
05 يناير 2025;Payable Credit Note;MP 2291;سند صرف قهوه محموصه فرع واو;Mexico Caturra Rosted Beans 2 كيس;(23.11);46.22;46.22;(23.11);(0.5000);0.00;636 - مخزون البن المحمص;636 - مخزون البن المحمص
15 يناير 2025;Payable Invoice;7201;تحميص وارد لمستودع البن المحمص;Mexico Caturra Rosted Beans;532.50;40.96;0.00;532.50;13.0000;0.00;;636 - مخزون البن المحمص
18 يناير 2025;Payable Credit Note;MP 2310;سند صرف قهوه محموصه فرع حطين;Mexico Caturra Rosted Beans;(231.10);46.22;46.22;(231.10);(5.0000);0.00;636 - مخزون البن المحمص;636 - مخزون البن المحمص
23 يناير 2025;Payable Credit Note;MP 2316;سند صرف قهوه محموصه فرع حطين;Mexico Caturra Rosted Beans;(138.66);46.22;46.22;(138.66);(3.0000);0.00;636 - مخزون البن المحمص;636 - مخزون البن المحمص
23 يناير 2025;Payable Credit Note;MP 2314;سند صرف قهوه محموصه فرع الصحافة;Mexico Caturra Rosted Beans 2 كيس;(23.11);46.22;46.22;(23.11);(0.5000);0.00;636 - مخزون البن المحمص;636 - مخزون البن المحمص
25 يناير 2025;Payable Credit Note;MP 2321;سند صرف قهوه محموصه فرع التخصصي;Mexico Caturra Rosted Beans 4 كيس;(46.22);46.22;46.22;(46.22);(1.0000);0.00;636 - مخزون البن المحمص;636 - مخزون البن المحمص
25 يناير 2025;Payable Credit Note;MP 2317;سند صرف قهوه محموصه فرع حطين;Mexico Caturra Rosted Beans;(138.66);46.22;46.22;(138.66);(3.0000);0.00;636 - مخزون البن المحمص;636 - مخزون البن المحمص
28 يناير 2025;Payable Invoice;7202;تحميص وارد لمستودع البن المحمص;Mexico Caturra Rosted Beans;1,349.00;42.16;0.00;1,349.00;32.0000;0.00;;636 - مخزون البن المحمص
29 يناير 2025;Payable Credit Note;MP 2329;سند صرف قهوه محموصه فرع حطين;Mexico Caturra Rosted Beans;(69.33);46.22;46.22;(69.33);(1.5000);0.00;636 - مخزون البن المحمص;636 - مخزون البن المحمص
29 يناير 2025;Payable Credit Note;MP 2330;سند صرف قهوه محموصه فرع واو;Mexico Caturra Rosted Beans;(92.44);46.22;46.22;(92.44);(2.0000);0.00;636 - مخزون البن المحمص;636 - مخزون البن المحمص
01 فبراير 2025;Payable Credit Note;MP 2335;سند صرف قهوه محموصه فرع حطين;Mexico Caturra Rosted Beans;(92.44);46.22;46.22;(92.44);(2.0000);0.00;636 - مخزون البن المحمص;636 - مخزون البن المحمص
08 فبراير 2025;Payable Credit Note;MP 2343;سند صرف قهوه محموصه فرع حطين;Mexico Caturra Rosted Beans;(231.10);46.22;46.22;(231.10);(5.0000);0.00;636 - مخزون البن المحمص;636 - مخزون البن المحمص
12 فبراير 2025;Payable Invoice;7204;تحميص وارد لمستودع البن المحمص;Mexico Caturra Rosted Beans;2,946.50;41.50;0.00;2,946.50;71.0000;0.00;;636 - مخزون البن المحمص
13 فبراير 2025;Receivable Invoice;INV-3190;مؤسسة مكيث لتقديم المشروبات;Mexico Caturra Rosted Beans;(4,250.00);40.58;85.00;(2,028.86);(50.0000);44.42;202 - مبيعات القهوة المحمصه;636 - مخزون البن المحمص
13 فبراير 2025;Payable Credit Note;MP 2350;سند صرف قهوه محموصه فرع حطين;Mexico Caturra Rosted Beans 12 كيس;(138.66);46.22;46.22;(138.66);(3.0000);0.00;636 - مخزون البن المحمص;636 - مخزون البن المحمص
15 فبراير 2025;Payable Credit Note;MP 2351;سند صرف قهوه محموصه فرع التخصصي;Mexico Caturra Rosted Beans;(92.44);46.22;46.22;(92.44);(2.0000);0.00;636 - مخزون البن المحمص;636 - مخزون البن المحمص
15 فبراير 2025;Payable Credit Note;MP 2356;سند صرف قهوه محموصه فرع واو;Mexico Caturra Rosted Beans;(46.22);46.22;46.22;(46.22);(1.0000);0.00;636 - مخزون البن المحمص;636 - مخزون البن المحمص
16 فبراير 2025;Payable Credit Note;MP 2359;سند صرف قهوه محموصه فرع حطين;Mexico Caturra Rosted Beans;(231.10);46.22;46.22;(231.10);(5.0000);0.00;636 - مخزون البن المحمص;636 - مخزون البن المحمص
23 فبراير 2025;Payable Credit Note;MP 2368;سند صرف قهوه محموصه فرع حطين;Mexico Caturra Rosted Beans;(231.10);46.22;46.22;(231.10);(5.0000);0.00;636 - مخزون البن المحمص;636 - مخزون البن المحمص
23 فبراير 2025;Payable Credit Note;MP 2366;سند صرف قهوه محموصه فرع حطين;Mexico Caturra Rosted Beans;(138.66);46.22;46.22;(138.66);(3.0000);0.00;636 - مخزون البن المحمص;636 - مخزون البن المحمص
23 فبراير 2025;Payable Credit Note;MP 2364;سند صرف قهوه محموصه فرع رفا;Mexico Caturra Rosted Beans;(231.10);46.22;46.22;(231.10);(5.0000);0.00;636 - مخزون البن المحمص;636 - مخزون البن المحمص
26 فبراير 2025;Payable Credit Note;MP 2375;سند صرف قهوه محموصه فرع التخصصي;Mexico Caturra Rosted Beans;(46.22);46.22;46.22;(46.22);(1.0000);0.00;636 - مخزون البن المحمص;636 - مخزون البن المحمص
28 فبراير 2025;Receivable Invoice;INV-3412;موقع سلة Salla website;Mexico Caturra Rosted Beans;(219.00);45.64;146.00;(68.45);(1.5000);100.36;203 - مبيعات المتجر الكترونى موقع سلة;636 - مخزون البن المحمص
03 مارس 2025;Payable Credit Note;MP 2380;سند صرف قهوه محموصه فرع حطين;Mexico Caturra Rosted Beans;(462.20);46.22;46.22;(462.20);(10.0000);0.00;636 - مخزون البن المحمص;636 - مخزون البن المحمص
06 مارس 2025;Payable Credit Note;MP 2385;سند صرف قهوه محموصه فرع واو;Mexico Caturra Rosted Beans;(92.44);46.22;46.22;(92.44);(2.0000);0.00;636 - مخزون البن المحمص;636 - مخزون البن المحمص
13 مارس 2025;Payable Invoice;7206;تحميص وارد لمستودع البن المحمص;Mexico Caturra Rosted Beans;3,550.00;41.76;0.00;3,550.00;85.0000;0.00;;636 - مخزون البن المحمص
13 مارس 2025;Payable Credit Note;MP 2391;سند صرف قهوه محموصه فرع التخصصي;Mexico Caturra Rosted Beans;(92.44);46.22;46.22;(92.44);(2.0000);0.00;636 - مخزون البن المحمص;636 - مخزون البن المحمص
15 مارس 2025;Payable Credit Note;MP 2397;سند صرف قهوه محموصه فرع واو;Mexico Caturra Rosted Beans;(92.44);46.22;46.22;(92.44);(2.0000);0.00;636 - مخزون البن المحمص;636 - مخزون البن المحمص
15 مارس 2025;Payable Credit Note;MP 2394;سند صرف قهوه محموصه فرع حطين;Mexico Caturra Rosted Beans;(1,386.60);46.22;46.22;(1,386.60);(30.0000);0.00;636 - مخزون البن المحمص;636 - مخزون البن المحمص
23 مارس 2025;Payable Credit Note;MP 2405;سند صرف قهوه محموصه فرع حطين;Mexico Caturra Rosted Beans;(231.10);46.22;46.22;(231.10);(5.0000);0.00;636 - مخزون البن المحمص;636 - مخزون البن المحمص
28 مارس 2025;Payable Credit Note;MP 2411;سند صرف قهوه محموصه فرع حطين;Mexico Caturra Rosted Beans;(277.32);46.22;46.22;(277.32);(6.0000);0.00;636 - مخزون البن المحمص;636 - مخزون البن المحمص
29 مارس 2025;Adjustment;Revaluation;;خطا بالتكلفة;627.14;0.00;0.00;627.14;0.0000;0.00;;636 - مخزون البن المحمص
31 مارس 2025;Adjustment;Quantity Increase;;جرد 30/3;1,403.00;46.00;0.00;1,403.00;30.5000;0.00;;636 - مخزون البن المحمص
05 أبريل 2025;Payable Credit Note;MP 2417;سند صرف قهوه محموصه فرع حطين;Mexico Caturra Rosted Beans;(1,063.06);46.22;46.22;(1,063.06);(23.0000);0.00;636 - مخزون البن المحمص;636 - مخزون البن المحمص
10 أبريل 2025;Payable Invoice;7209;تحميص وارد لمستودع البن المحمص;Mexico Caturra Rosted Beans;3,230.50;41.42;0.00;3,230.50;78.0000;0.00;;636 - مخزون البن المحمص
13 أبريل 2025;Payable Credit Note;MP ;سند صرف قهوه محموصه فرع حطين;Mexico Caturra Rosted Beans;(785.74);46.22;46.22;(785.74);(17.0000);0.00;636 - مخزون البن المحمص;636 - مخزون البن المحمص
13 أبريل 2025;Payable Credit Note;MP 2431;سند صرف قهوه محموصه فرع واو;Mexico Caturra Rosted Beans;(46.22);46.22;46.22;(46.22);(1.0000);0.00;636 - مخزون البن المحمص;636 - مخزون البن المحمص
15 أبريل 2025;Receivable Invoice;INV-3533;مؤسسة مكيث لتقديم المشروبات;Mexico Caturra Rosted Beans;(2,550.00);42.76;85.00;(1,282.73);(30.0000);42.24;202 - مبيعات القهوة المحمصه;636 - مخزون البن المحمص
17 أبريل 2025;Payable Invoice;7210;تحميص وارد لمستودع البن المحمص;Mexico Caturra Rosted Beans;2,165.50;41.64;0.00;2,165.50;52.0000;0.00;;636 - مخزون البن المحمص
20 أبريل 2025;Payable Credit Note;MP 2444;سند صرف قهوه محموصه فرع حطين;Mexico Caturra Rosted Beans;(600.86);46.22;46.22;(600.86);(13.0000);0.00;636 - مخزون البن المحمص;636 - مخزون البن المحمص
20 أبريل 2025;Payable Credit Note;MP 2442;سند صرف قهوه محموصه فرع رفا;Mexico Caturra Rosted Beans 8 كيس;(92.44);46.22;46.22;(92.44);(2.0000);0.00;636 - مخزون البن المحمص;636 - مخزون البن المحمص
27 أبريل 2025;Payable Credit Note;MP 2452;سند صرف قهوه محموصه فرع واو;Mexico Caturra Rosted Beans 2 كيس;(23.11);46.22;46.22;(23.11);(0.5000);0.00;636 - مخزون البن المحمص;636 - مخزون البن المحمص
27 أبريل 2025;Payable Credit Note;MP 2451;سند صرف قهوه محموصه فرع التخصصي;Mexico Caturra Rosted Beans 4 كيس;(46.22);46.22;46.22;(46.22);(1.0000);0.00;636 - مخزون البن المحمص;636 - مخزون البن المحمص
03 مايو 2025;Payable Credit Note;MP 2456;سند صرف قهوه محموصه فرع حطين;Mexico Caturra Rosted Beans;(693.30);46.22;46.22;(693.30);(15.0000);0.00;636 - مخزون البن المحمص;636 - مخزون البن المحمص
17 مايو 2025;Payable Credit Note;MP 2477;سند صرف قهوه محموصه فرع واو;Mexico Caturra Rosted Beans;(46.22);46.22;46.22;(46.22);(1.0000);0.00;636 - مخزون البن المحمص;636 - مخزون البن المحمص
17 مايو 2025;Payable Credit Note;MP 2481;سند صرف قهوه محموصه فرع رفا;Mexico Caturra Rosted Beans;(92.44);46.22;46.22;(92.44);(2.0000);0.00;636 - مخزون البن المحمص;636 - مخزون البن المحمص
17 مايو 2025;Payable Credit Note;MP 2483;سند صرف قهوه محموصه فرع حطين;Mexico Caturra Rosted Beans;(1,155.50);46.22;46.22;(1,155.50);(25.0000);0.00;636 - مخزون البن المحمص;636 - مخزون البن المحمص
17 مايو 2025;Payable Credit Note;MP 2478;سند صرف قهوه محموصه فرع واو;Mexico Caturra Rosted Beans;(92.44);46.22;46.22;(92.44);(2.0000);0.00;636 - مخزون البن المحمص;636 - مخزون البن المحمص
19 مايو 2025;Payable Invoice;7214;تحميص وارد لمستودع البن المحمص;Mexico Caturra Rosted Beans;1,881.50;41.81;0.00;1,881.50;45.0000;0.00;;636 - مخزون البن المحمص
24 مايو 2025;Payable Credit Note;MP 2497;سند صرف قهوه محموصه فرع حطين;Mexico Caturra Rosted Beans;(415.98);46.22;46.22;(415.98);(9.0000);0.00;636 - مخزون البن المحمص;636 - مخزون البن المحمص
26 مايو 2025;Payable Credit Note;MP 2499;سند صرف قهوه محموصه فرع رفا;Mexico Caturra Rosted Beans;(231.10);46.22;46.22;(231.10);(5.0000);0.00;636 - مخزون البن المحمص;636 - مخزون البن المحمص
31 مايو 2025;Payable Credit Note;MP 2509;سند صرف قهوه محموصه فرع حطين;Mexico Caturra Rosted Beans;(600.86);46.22;46.22;(600.86);(13.0000);0.00;636 - مخزون البن المحمص;636 - مخزون البن المحمص
03 يونيو 2025;Receivable Invoice;INV-3751;مؤسسة مكيث لتقديم المشروبات;Mexico Caturra Rosted Beans;(2,125.00);39.34;85.00;(983.61);(25.0000);45.66;202 - مبيعات القهوة المحمصه;636 - مخزون البن المحمص
04 يونيو 2025;Payable Invoice;7215;تحميص وارد لمستودع البن المحمص;Mexico Caturra Rosted Beans;1,100.50;42.33;0.00;1,100.50;26.0000;0.00;;636 - مخزون البن المحمص
09 يونيو 2025;Payable Credit Note;MP 2517;سند صرف قهوه محموصه فرع حطين;Mexico Caturra Rosted Beans;(1,016.84);46.22;46.22;(1,016.84);(22.0000);0.00;636 - مخزون البن المحمص;636 - مخزون البن المحمص
11 يونيو 2025;Payable Credit Note;MP 2521;سند صرف قهوه محموصه فرع واو;Mexico Caturra Rosted Beans;(46.22);46.22;46.22;(46.22);(1.0000);0.00;636 - مخزون البن المحمص;636 - مخزون البن المحمص
15 يونيو 2025;Payable Credit Note;MP 2531;سند صرف قهوه محموصه فرع حطين;Mexico Caturra Rosted Beans;(554.64);46.22;46.22;(554.64);(12.0000);0.00;636 - مخزون البن المحمص;636 - مخزون البن المحمص
16 يونيو 2025;Payable Credit Note;MP 2532;سند صرف قهوه محموصه فرع التخصصي;Mexico Caturra Rosted Beans;(92.44);46.22;46.22;(92.44);(2.0000);0.00;636 - مخزون البن المحمص;636 - مخزون البن المحمص
18 يونيو 2025;Payable Invoice;7217;تحميص وارد لمستودع البن المحمص;Mexico Caturra Rosted Beans;6,496.50;41.64;0.00;6,496.50;156.0000;0.00;;636 - مخزون البن المحمص
23 يونيو 2025;Payable Credit Note;MP 2543;سند صرف قهوه محموصه فرع حطين;Mexico Caturra Rosted Beans;(739.52);46.22;46.22;(739.52);(16.0000);0.00;636 - مخزون البن المحمص;636 - مخزون البن المحمص
24 يونيو 2025;Payable Credit Note;MP 2544;سند صرف قهوه محموصه فرع حطين;Mexico Caturra Rosted Beans;(92.44);46.22;46.22;(92.44);(2.0000);0.00;636 - مخزون البن المحمص;636 - مخزون البن المحمص
25 يونيو 2025;Payable Credit Note;MP 2550;سند صرف قهوه محموصه فرع حطين;Mexico Caturra Rosted Beans;(184.88);46.22;46.22;(184.88);(4.0000);0.00;636 - مخزون البن المحمص;636 - مخزون البن المحمص
29 يونيو 2025;Receivable Invoice;INV-3963;مؤسسة مكيث لتقديم المشروبات;Mexico Caturra Rosted Beans;(4,250.00);39.10;85.00;(1,955.17);(50.0000);45.90;202 - مبيعات القهوة المحمصه;636 - مخزون البن المحمص
30 يونيو 2025;Payable Credit Note;MP 2560;سند صرف قهوه محموصه فرع حطين;Mexico Caturra Rosted Beans;(323.54);46.22;46.22;(323.54);(7.0000);0.00;636 - مخزون البن المحمص;636 - مخزون البن المحمص
03 يوليو 2025;Payable Credit Note;MP 2567;سند صرف قهوه محموصه فرع حطين;Mexico Caturra Rosted Beans;(323.54);46.22;46.22;(323.54);(7.0000);0.00;636 - مخزون البن المحمص;636 - مخزون البن المحمص
07 يوليو 2025;Payable Credit Note;MP 2571;سند صرف قهوه محموصه فرع حطين;Mexico Caturra Rosted Beans;(323.54);46.22;46.22;(323.54);(7.0000);0.00;636 - مخزون البن المحمص;636 - مخزون البن المحمص
10 يوليو 2025;Payable Credit Note;MP 2579;سند صرف قهوه محموصه فرع التخصصي;Mexico Caturra Rosted Beans;(138.66);46.22;46.22;(138.66);(3.0000);0.00;636 - مخزون البن المحمص;636 - مخزون البن المحمص
10 يوليو 2025;Payable Credit Note;MP 2572;سند صرف قهوه محموصه فرع حطين;Mexico Caturra Rosted Beans;(415.98);46.22;46.22;(415.98);(9.0000);0.00;636 - مخزون البن المحمص;636 - مخزون البن المحمص
10 يوليو 2025;Payable Credit Note;MP 2578;سند صرف قهوه محموصه فرع واو;Mexico Caturra Rosted Beans;(92.44);46.22;46.22;(92.44);(2.0000);0.00;636 - مخزون البن المحمص;636 - مخزون البن المحمص
13 يوليو 2025;Payable Credit Note;MP 2588;سند صرف قهوه محموصه فرع رفا;Mexico Caturra Rosted Beans;(231.10);46.22;46.22;(231.10);(5.0000);0.00;636 - مخزون البن المحمص;636 - مخزون البن المحمص
14 يوليو 2025;Payable Credit Note;MP 2589;سند صرف قهوه محموصه فرع حطين;Mexico Caturra Rosted Beans;(970.62);46.22;46.22;(970.62);(21.0000);0.00;636 - مخزون البن المحمص;636 - مخزون البن المحمص
15 يوليو 2025;Receivable Invoice;INV-4059;مؤسسة مكيث لتقديم المشروبات;Mexico Caturra Rosted Beans;(4,250.00);33.90;85.00;(1,695.22);(50.0000);51.10;202 - مبيعات القهوة المحمصه;636 - مخزون البن المحمص
20 يوليو 2025;Payable Credit Note;MP 2592;سند صرف قهوه محموصه فرع حطين;Mexico Caturra Rosted Beans;(647.08);46.22;46.22;(647.08);(14.0000);0.00;636 - مخزون البن المحمص;636 - مخزون البن المحمص
20 يوليو 2025;Payable Credit Note;MP 2593;سند صرف قهوه محموصه فرع التخصصي;Mexico Caturra Rosted Beans;(138.66);46.22;46.22;(138.66);(3.0000);0.00;636 - مخزون البن المحمص;636 - مخزون البن المحمص
23 يوليو 2025;Payable Credit Note;MP 2597;سند صرف قهوه محموصه فرع حطين;Mexico Caturra Rosted Beans;(277.32);46.22;46.22;(277.32);(6.0000);0.00;636 - مخزون البن المحمص;636 - مخزون البن المحمص
24 يوليو 2025;Receivable Invoice;INV-4160;شركة مستشفي المحمدية للرعاية الطبية;Mexico Caturra Rosted Beans;(135.00);46.22;135.00;(46.22);(1.0000);88.78;202 - مبيعات القهوة المحمصه;636 - مخزون البن المحمص
29 يوليو 2025;Payable Credit Note;MP 2606;سند صرف قهوه محموصه فرع حطين;Mexico Caturra Rosted Beans;(415.98);46.22;46.22;(415.98);(9.0000);0.00;636 - مخزون البن المحمص;636 - مخزون البن المحمص
30 يوليو 2025;Adjustment;Revaluation;;اعاده تقييم;412.57;0.00;0.00;412.57;0.0000;0.00;;636 - مخزون البن المحمص
01 أغسطس 2025;Payable Credit Note;MP 2613;سند صرف قهوه محموصه فرع حطين;Mexico Caturra Rosted Beans;(462.20);46.22;46.22;(462.20);(10.0000);0.00;636 - مخزون البن المحمص;636 - مخزون البن المحمص
01 أغسطس 2025;Receivable Invoice;INV-4158;مؤسسة مكيث لتقديم المشروبات;Mexico Caturra Rosted Beans;(4,250.00);41.31;85.00;(2,065.56);(50.0000);43.69;202 - مبيعات القهوة المحمصه;636 - مخزون البن المحمص
05 أغسطس 2025;Payable Invoice;7219;تحميص وارد لمستودع البن المحمص;Mexico Caturra Rosted Beans;9,052.49;41.53;0.00;9,052.49;218.0000;0.00;;636 - مخزون البن المحمص
07 أغسطس 2025;Payable Invoice;7220;تحميص وارد لمستودع البن المحمص;Mexico Caturra Rosted Beans;6,390.00;40.19;0.00;6,390.00;159.0000;0.00;;636 - مخزون البن المحمص
07 أغسطس 2025;Payable Credit Note;MP 2620;سند صرف قهوه محموصه فرع حطين;Mexico Caturra Rosted Beans;(647.08);46.22;46.22;(647.08);(14.0000);0.00;636 - مخزون البن المحمص;636 - مخزون البن المحمص
11 أغسطس 2025;Payable Credit Note;MP 2624;سند صرف قهوه محموصه فرع حطين;Mexico Caturra Rosted Beans;(693.30);46.22;46.22;(693.30);(15.0000);0.00;636 - مخزون البن المحمص;636 - مخزون البن المحمص
15 أغسطس 2025;Payable Credit Note;MP 2629;سند صرف قهوه محموصه فرع التخصصي;Mexico Caturra Rosted Beans;(92.44);46.22;46.22;(92.44);(2.0000);0.00;636 - مخزون البن المحمص;636 - مخزون البن المحمص
16 أغسطس 2025;Payable Credit Note;MP 2630;سند صرف قهوه محموصه فرع حطين;Mexico Caturra Rosted Beans;(693.30);46.22;46.22;(693.30);(15.0000);0.00;636 - مخزون البن المحمص;636 - مخزون البن المحمص
18 أغسطس 2025;Payable Invoice;7221;تحميص وارد لمستودع البن المحمص;Mexico Caturra Rosted Beans;1,278.00;41.23;0.00;1,278.00;31.0000;0.00;;636 - مخزون البن المحمص
19 أغسطس 2025;Payable Credit Note;MP 2637;سند صرف قهوه محموصه فرع التخصصي;Mexico Caturra Rosted Beans;(23.11);46.22;46.22;(23.11);(0.5000);0.00;636 - مخزون البن المحمص;636 - مخزون البن المحمص
19 أغسطس 2025;Payable Credit Note;MP 2636;سند صرف قهوه محموصه فرع التخصصي;Mexico Caturra Rosted Beans;(92.44);46.22;46.22;(92.44);(2.0000);0.00;636 - مخزون البن المحمص;636 - مخزون البن المحمص
23 أغسطس 2025;Payable Credit Note;MP 2645;سند صرف قهوه محموصه فرع حطين;Mexico Caturra Rosted Beans;(693.30);46.22;46.22;(693.30);(15.0000);0.00;636 - مخزون البن المحمص;636 - مخزون البن المحمص
31 أغسطس 2025;Payable Credit Note;MP 2652;سند صرف قهوه محموصه فرع التخصصي;Mexico Caturra Rosted Beans;(92.44);46.22;46.22;(92.44);(2.0000);0.00;636 - مخزون البن المحمص;636 - مخزون البن المحمص
31 أغسطس 2025;Payable Credit Note;MP 2657;سند صرف قهوه محموصه فرع حطين;Mexico Caturra Rosted Beans;(554.64);46.22;46.22;(554.64);(12.0000);0.00;636 - مخزون البن المحمص;636 - مخزون البن المحمص
02 سبتمبر 2025;Payable Credit Note;MP 2659;سند صرف قهوه محموصه فرع التخصصي;Mexico Caturra Rosted Beans;(92.44);46.22;46.22;(92.44);(2.0000);0.00;636 - مخزون البن المحمص;636 - مخزون البن المحمص
06 سبتمبر 2025;Payable Credit Note;MP 2667;سند صرف قهوه محموصه فرع حطين;Mexico Caturra Rosted Beans;(462.20);46.22;46.22;(462.20);(10.0000);0.00;636 - مخزون البن المحمص;636 - مخزون البن المحمص
09 سبتمبر 2025;Payable Credit Note;MP 2676;سند صرف قهوه محموصه فرع التخصصي;Mexico Caturra Rosted Beans;(92.44);46.22;46.22;(92.44);(2.0000);0.00;636 - مخزون البن المحمص;636 - مخزون البن المحمص
09 سبتمبر 2025;Payable Credit Note;MP 2676;سند صرف قهوه محموصه فرع التخصصي;Mexico Caturra Rosted Beans;(23.11);46.22;46.22;(23.11);(0.5000);0.00;636 - مخزون البن المحمص;636 - مخزون البن المحمص
09 سبتمبر 2025;Receivable Invoice;INV-4368;شركة مستشفي المحمدية للرعاية الطبية;Mexico Caturra Rosted Beans عدد10 ارباع;(303.75);38.92;121.50;(97.29);(2.5000);82.58;202 - مبيعات القهوة المحمصه;636 - مخزون البن المحمص
14 سبتمبر 2025;Payable Invoice;7223;تحميص وارد لمستودع البن المحمص;Mexico Caturra Rosted Beans;426.00;40.57;0.00;426.00;10.5000;0.00;;636 - مخزون البن المحمص
14 سبتمبر 2025;Payable Credit Note;MP 2683;سند صرف قهوه محموصه فرع الصحافة;Mexico Caturra Rosted Beans;(138.66);46.22;46.22;(138.66);(3.0000);0.00;636 - مخزون البن المحمص;636 - مخزون البن المحمص
14 سبتمبر 2025;Payable Credit Note;MP 2686;سند صرف قهوه محموصه فرع رفا;Mexico Caturra Rosted Beans;(92.44);46.22;46.22;(92.44);(2.0000);0.00;636 - مخزون البن المحمص;636 - مخزون البن المحمص
14 سبتمبر 2025;Payable Credit Note;MP 2688;سند صرف قهوه محموصه فرع حطين;Mexico Caturra Rosted Beans 12 كيس;(138.66);46.22;46.22;(138.66);(3.0000);0.00;636 - مخزون البن المحمص;636 - مخزون البن المحمص
14 سبتمبر 2025;Payable Credit Note;MP 2682;سند صرف قهوه محموصه فرع واو;Mexico Caturra Rosted Beans;(23.11);46.22;46.22;(23.11);(0.5000);0.00;636 - مخزون البن المحمص;636 - مخزون البن المحمص
14 سبتمبر 2025;Payable Credit Note;MP 2680;سند صرف قهوه محموصه فرع حطين;Mexico Caturra Rosted Beans;(462.20);46.22;46.22;(462.20);(10.0000);0.00;636 - مخزون البن المحمص;636 - مخزون البن المحمص
15 سبتمبر 2025;Payable Credit Note;MP 2681;سند صرف قهوه محموصه فرع التخصصي;Mexico Caturra Rosted Beans;(46.22);46.22;46.22;(46.22);(1.0000);0.00;636 - مخزون البن المحمص;636 - مخزون البن المحمص
15 سبتمبر 2025;Payable Credit Note;MP 2690;سند صرف قهوه محموصه فرع التخصصي;Mexico Caturra Rosted Beans;(92.44);46.22;46.22;(92.44);(2.0000);0.00;636 - مخزون البن المحمص;636 - مخزون البن المحمص
16 سبتمبر 2025;Payable Invoice;7224;تحميص وارد لمستودع البن المحمص;Mexico Caturra Rosted Beans;852.00;40.57;0.00;852.00;21.0000;0.00;;636 - مخزون البن المحمص
20 سبتمبر 2025;Payable Credit Note;MP 2697;سند صرف قهوه محموصه فرع حطين;Mexico Caturra Rosted Beans;(184.88);46.22;46.22;(184.88);(4.0000);0.00;636 - مخزون البن المحمص;636 - مخزون البن المحمص
28 سبتمبر 2025;Payable Credit Note;MP 2708;سند صرف قهوه محموصه فرع واو;Mexico Caturra Rosted Beans;(92.44);46.22;46.22;(92.44);(2.0000);0.00;636 - مخزون البن المحمص;636 - مخزون البن المحمص
28 سبتمبر 2025;Payable Credit Note;MP 2706;سند صرف قهوه محموصه فرع حطين;Mexico Caturra Rosted Beans;(554.64);46.22;46.22;(554.64);(12.0000);0.00;636 - مخزون البن المحمص;636 - مخزون البن المحمص
28 سبتمبر 2025;Payable Credit Note;MP 2707;سند صرف قهوه محموصه فرع الصحافة;Mexico Caturra Rosted Beans;(46.22);46.22;46.22;(46.22);(1.0000);0.00;636 - مخزون البن المحمص;636 - مخزون البن المحمص
29 سبتمبر 2025;Receivable Invoice;INV-4469;موقع سلة Salla website;Mexico Caturra Rosted Beans;(59.57);37.85;238.28;(9.46);(0.2500);200.43;203 - مبيعات المتجر الكترونى موقع سلة;636 - مخزون البن المحمص
30 سبتمبر 2025;Payable Credit Note;MP 2711;سند صرف قهوه محموصه فرع حطين;Mexico Caturra Rosted Beans;(46.22);46.22;46.22;(46.22);(1.0000);0.00;636 - مخزون البن المحمص;636 - مخزون البن المحمص
30 سبتمبر 2025;Adjustment;Bulk Adjustment;;جرد البن المحمص 30/9;(368.67);37.81;0.00;(368.67);(9.7500);0.00;;636 - مخزون البن المحمص
05 أكتوبر 2025;Payable Credit Note;MP 2720;سند صرف قهوه محموصه فرع حطين;Mexico Caturra Rosted Beans;(46.22);46.22;46.22;(46.22);(1.0000);0.00;636 - مخزون البن المحمص;636 - مخزون البن المحمص
06 أكتوبر 2025;Payable Credit Note;MP 2722;سند صرف قهوه محموصه فرع التخصصي;Mexico Caturra Rosted Beans;(184.88);46.22;46.22;(184.88);(4.0000);0.00;636 - مخزون البن المحمص;636 - مخزون البن المحمص
07 أكتوبر 2025;Payable Credit Note;MP 2725;سند صرف قهوه محموصه فرع التخصصي;Mexico Caturra Rosted Beans;(46.22);46.22;46.22;(46.22);(1.0000);0.00;636 - مخزون البن المحمص;636 - مخزون البن المحمص
09 أكتوبر 2025;Payable Credit Note;MP 2727;سند صرف قهوه محموصه فرع رفا;Mexico Caturra Rosted Beans;(184.88);46.22;46.22;(184.88);(4.0000);0.00;636 - مخزون البن المحمص;636 - مخزون البن المحمص
09 أكتوبر 2025;Payable Credit Note;MP 2726;سند صرف قهوه محموصه فرع حطين;Mexico Caturra Rosted Beans;(138.66);46.22;46.22;(138.66);(3.0000);0.00;636 - مخزون البن المحمص;636 - مخزون البن المحمص
20 أكتوبر 2025;Payable Credit Note;MP 2742;سند صرف قهوه محموصه فرع حطين;Mexico Caturra Rosted Beans;(462.20);46.22;46.22;(462.20);(10.0000);0.00;636 - مخزون البن المحمص;636 - مخزون البن المحمص
26 أكتوبر 2025;Payable Credit Note;MP 2753;سند صرف قهوه محموصه فرع حطين;Mexico Caturra Rosted Beans;(184.88);46.22;46.22;(184.88);(4.0000);0.00;636 - مخزون البن المحمص;636 - مخزون البن المحمص
27 أكتوبر 2025;Payable Credit Note;MP 2755;سند صرف قهوه محموصه فرع رفا;Mexico Caturra Rosted Beans;(138.66);46.22;46.22;(138.66);(3.0000);0.00;636 - مخزون البن المحمص;636 - مخزون البن المحمص
27 أكتوبر 2025;Payable Credit Note;MP 2754;سند صرف قهوه محموصه فرع حطين;Mexico Caturra Rosted Beans12 كيس;(138.66);46.22;46.22;(138.66);(3.0000);0.00;636 - مخزون البن المحمص;636 - مخزون البن المحمص
31 أكتوبر 2025;Receivable Invoice;INV-4744;موقع سلة Salla website;Mexico Caturra Rosted Beans;(67.11);36.51;134.22;(18.26);(0.5000);97.71;203 - مبيعات المتجر الكترونى موقع سلة;636 - مخزون البن المحمص
03 نوفمبر 2025;Payable Credit Note;MP 2772;سند صرف قهوه محموصه فرع رفا;Mexico Caturra Rosted Beans;(184.88);46.22;46.22;(184.88);(4.0000);0.00;636 - مخزون البن المحمص;636 - مخزون البن المحمص
03 نوفمبر 2025;Payable Credit Note;MP 2766;سند صرف قهوه محموصه فرع الصحافة;Mexico Caturra Rosted Beans;(138.66);46.22;46.22;(138.66);(3.0000);0.00;636 - مخزون البن المحمص;636 - مخزون البن المحمص
03 نوفمبر 2025;Payable Credit Note;MP 2768;سند صرف قهوه محموصه فرع التخصصي;Mexico Caturra Rosted Beans;(46.22);46.22;46.22;(46.22);(1.0000);0.00;636 - مخزون البن المحمص;636 - مخزون البن المحمص
03 نوفمبر 2025;Payable Credit Note;MP 2767;سند صرف قهوه محموصه فرع رفا;Mexico Caturra Rosted Beans;(46.22);46.22;46.22;(46.22);(1.0000);0.00;636 - مخزون البن المحمص;636 - مخزون البن المحمص
03 نوفمبر 2025;Payable Credit Note;MP 2765;سند صرف قهوه محموصه فرع حطين;Mexico Caturra Rosted Beans;(138.66);46.22;46.22;(138.66);(3.0000);0.00;636 - مخزون البن المحمص;636 - مخزون البن المحمص
04 نوفمبر 2025;Payable Credit Note;MP 2774;سند صرف قهوه محموصه فرع حطين;Mexico Caturra Rosted Beans;(462.20);46.22;46.22;(462.20);(10.0000);0.00;636 - مخزون البن المحمص;636 - مخزون البن المحمص
07 نوفمبر 2025;Payable Credit Note;MP 2779;سند صرف قهوه محموصه فرع حطين;Mexico Caturra Rosted Beans;(138.66);46.22;46.22;(138.66);(3.0000);0.00;636 - مخزون البن المحمص;636 - مخزون البن المحمص
08 نوفمبر 2025;Payable Credit Note;MP 2780;سند صرف قهوه محموصه فرع الصحافة;Mexico Caturra Rosted Beans 8 كيس;(92.44);46.22;46.22;(92.44);(2.0000);0.00;636 - مخزون البن المحمص;636 - مخزون البن المحمص
10 نوفمبر 2025;Receivable Invoice;INV-4699;شركة مستشفي المحمدية للرعاية الطبية;"Mexico Caturra Rosted Beans
30 bag -250g";(1,012.50);34.91;135.00;(261.85);(7.5000);100.09;202 - مبيعات القهوة المحمصه;636 - مخزون البن المحمص
11 نوفمبر 2025;Payable Credit Note;MP 2790;سند صرف قهوه محموصه فرع حطين;Mexico Caturra Rosted Beans;(231.10);46.22;46.22;(231.10);(5.0000);0.00;636 - مخزون البن المحمص;636 - مخزون البن المحمص
11 نوفمبر 2025;Payable Credit Note;MP 2789;سند صرف قهوه محموصه فرع حطين;Mexico Caturra Rosted Beans;(1,525.26);46.22;46.22;(1,525.26);(33.0000);0.00;636 - مخزون البن المحمص;636 - مخزون البن المحمص
13 نوفمبر 2025;Payable Invoice;7228;تحميص وارد لمستودع البن المحمص;Mexico Caturra Rosted Beans;1,313.50;42.37;0.00;1,313.50;31.0000;0.00;;636 - مخزون البن المحمص
18 نوفمبر 2025;Payable Credit Note;MP 2802;سند صرف قهوه محموصه فرع الصحافة;Mexico Caturra Rosted Beans12كيس;(138.66);46.22;46.22;(138.66);(3.0000);0.00;636 - مخزون البن المحمص;636 - مخزون البن المحمص
18 نوفمبر 2025;Payable Credit Note;MP 2801;سند صرف قهوه محموصه فرع حطين;Mexico Caturra Rosted Beans;(462.20);46.22;46.22;(462.20);(10.0000);0.00;636 - مخزون البن المحمص;636 - مخزون البن المحمص
21 نوفمبر 2025;Payable Invoice;7229;تحميص وارد لمستودع البن المحمص;Mexico Caturra Rosted Beans;887.50;42.26;0.00;887.50;21.0000;0.00;;636 - مخزون البن المحمص
21 نوفمبر 2025;Payable Credit Note;MP 2813;سند صرف قهوه محموصه فرع الصحافة;Mexico Caturra Rosted Beans;(462.20);46.22;46.22;(462.20);(10.0000);0.00;636 - مخزون البن المحمص;636 - مخزون البن المحمص
21 نوفمبر 2025;Payable Credit Note;MP 2811;سند صرف قهوه محموصه فرع التخصصي;Mexico Caturra Rosted Beans;(462.20);46.22;46.22;(462.20);(10.0000);0.00;636 - مخزون البن المحمص;636 - مخزون البن المحمص
21 نوفمبر 2025;Payable Credit Note;MP 2811;سند صرف قهوه محموصه فرع التخصصي;Mexico Caturra Rosted Beans 8كيس;(92.44);46.22;46.22;(92.44);(2.0000);0.00;636 - مخزون البن المحمص;636 - مخزون البن المحمص
21 نوفمبر 2025;Payable Credit Note;MP 2809;سند صرف قهوه محموصه فرع حطين;Mexico Caturra Rosted Beans;(4,067.36);46.22;46.22;(4,067.36);(88.0000);0.00;636 - مخزون البن المحمص;636 - مخزون البن المحمص
21 نوفمبر 2025;Payable Credit Note;MP 2815;سند صرف قهوه محموصه فرع رفا;Mexico Caturra Rosted Beans;(46.22);46.22;46.22;(46.22);(1.0000);0.00;636 - مخزون البن المحمص;636 - مخزون البن المحمص
23 نوفمبر 2025;Payable Credit Note;MP 2817;سند صرف قهوه محموصه فرع الصحافة;Mexico Caturra Rosted Beans;(462.20);46.22;46.22;(462.20);(10.0000);0.00;636 - مخزون البن المحمص;636 - مخزون البن المحمص
24 نوفمبر 2025;Payable Credit Note;MP 2819;سند صرف قهوه محموصه فرع الصحافة;Mexico Caturra Rosted Beans 20 كيس;(231.10);46.22;46.22;(231.10);(5.0000);0.00;636 - مخزون البن المحمص;636 - مخزون البن المحمص
25 نوفمبر 2025;Payable Credit Note;MP 2826;سند صرف قهوه محموصه فرع رفا;Mexico Caturra Rosted Beans;(92.44);46.22;46.22;(92.44);(2.0000);0.00;636 - مخزون البن المحمص;636 - مخزون البن المحمص
25 نوفمبر 2025;Payable Credit Note;MP 2823;سند صرف قهوه محموصه فرع التخصصي;Mexico Caturra Rosted Beans;(231.10);46.22;46.22;(231.10);(5.0000);0.00;636 - مخزون البن المحمص;636 - مخزون البن المحمص
27 نوفمبر 2025;Payable Credit Note;MP 2832;سند صرف قهوه محموصه فرع التخصصي;Mexico Caturra Rosted Beans;(138.66);46.22;46.22;(138.66);(3.0000);0.00;636 - مخزون البن المحمص;636 - مخزون البن المحمص
27 نوفمبر 2025;Payable Credit Note;MP 2827;سند صرف قهوه محموصه فرع حطين;Mexico Caturra Rosted Beans;(739.52);46.22;46.22;(739.52);(16.0000);0.00;636 - مخزون البن المحمص;636 - مخزون البن المحمص
27 نوفمبر 2025;Payable Credit Note;MP 2830;سند صرف قهوه محموصه فرع الصحافة;Mexico Caturra Rosted Beans12كيس;(138.66);46.22;46.22;(138.66);(3.0000);0.00;636 - مخزون البن المحمص;636 - مخزون البن المحمص
27 نوفمبر 2025;Payable Credit Note;MP 2829;سند صرف قهوه محموصه فرع حطين;Mexico Caturra Rosted Beans 20 كيس;(231.10);46.22;46.22;(231.10);(5.0000);0.00;636 - مخزون البن المحمص;636 - مخزون البن المحمص
28 نوفمبر 2025;Payable Credit Note;MP 2833;سند صرف قهوه محموصه فرع رفا;Mexico Caturra Rosted Beans;(46.22);46.22;46.22;(46.22);(1.0000);0.00;636 - مخزون البن المحمص;636 - مخزون البن المحمص
30 نوفمبر 2025;Payable Credit Note;MP 2837;سند صرف قهوه محموصه فرع التخصصي;Mexico Caturra Rosted Beans 4 كيس;(46.22);46.22;46.22;(46.22);(1.0000);0.00;636 - مخزون البن المحمص;636 - مخزون البن المحمص
30 نوفمبر 2025;Receivable Invoice;INV-4868;موقع سلة Salla website;Mexico Caturra Rosted Beans;(575.00);46.22;115.00;(231.10);(5.0000);68.78;203 - مبيعات المتجر الكترونى موقع سلة;636 - مخزون البن المحمص
01 ديسمبر 2025;Adjustment;Revaluation;;اعادة تقييم;2,080.22;0.00;0.00;2,080.22;0.0000;0.00;;636 - مخزون البن المحمص
Total RB32022- كاتورا ميكسيكى محمص - Mexico Caturra Rosted Beans;;;;;(13,740.22);;;(437.08);(10.0000);1,011.74;;
Closing Balance;;;;;0.00;0.00;0.00;0.00;0.0000;0.00;;
;;;;;;;;;;;;
RB32023-قيشا ميكسيكى محمص - Mexico Geisha Natural Rosted Beans (KG);;;;;;;;;;;;
Opening Balance;;;;;0.00;0.00;0.00;332.17;7.0000;0.00;;
01 يناير 2025;Payable Credit Note;MP 2286;سند صرف قهوه محموصه فرع الصحافة;Mexico Geisha Natural Rosted Beans (KG) 4 كيس;(47.50);47.50;47.50;(47.50);(1.0000);0.00;636 - مخزون البن المحمص;636 - مخزون البن المحمص
02 يناير 2025;Payable Credit Note;MP 2289;سند صرف قهوه محموصه فرع حطين;Mexico Geisha Natural Rosted Beans (KG);(95.00);47.50;47.50;(95.00);(2.0000);0.00;636 - مخزون البن المحمص;636 - مخزون البن المحمص
02 يناير 2025;Payable Credit Note;MP 2290;سند صرف قهوه محموصه فرع حطين;Mexico Geisha Natural Rosted Beans (KG) 6 كيس;(71.25);47.50;47.50;(71.25);(1.5000);0.00;636 - مخزون البن المحمص;636 - مخزون البن المحمص
05 يناير 2025;Payable Credit Note;MP 2292;سند صرف قهوه محموصه فرع التخصصي;Mexico Geisha Natural Rosted Beans (KG) 4 كيس;(47.50);47.50;47.50;(47.50);(1.0000);0.00;636 - مخزون البن المحمص;636 - مخزون البن المحمص
05 يناير 2025;Payable Credit Note;MP 2291;سند صرف قهوه محموصه فرع واو;Mexico Geisha Natural Rosted Beans (KG) 2 كيس;(23.75);47.50;47.50;(23.75);(0.5000);0.00;636 - مخزون البن المحمص;636 - مخزون البن المحمص
15 يناير 2025;Payable Invoice;7200;تحميص وارد لمستودع البن المحمص;Mexico Geisha Natural Rosted Beans (KG);1,562.18;48.82;0.00;1,562.18;32.0000;0.00;;636 - مخزون البن المحمص
18 يناير 2025;Payable Credit Note;MP 2310;سند صرف قهوه محموصه فرع حطين;Mexico Geisha Natural Rosted Beans (KG);(142.50);47.50;47.50;(142.50);(3.0000);0.00;636 - مخزون البن المحمص;636 - مخزون البن المحمص
23 يناير 2025;Payable Credit Note;MP 2316;سند صرف قهوه محموصه فرع حطين;Mexico Geisha Natural Rosted Beans (KG);(142.50);47.50;47.50;(142.50);(3.0000);0.00;636 - مخزون البن المحمص;636 - مخزون البن المحمص
23 يناير 2025;Payable Credit Note;MP 2314;سند صرف قهوه محموصه فرع الصحافة;Mexico Geisha Natural Rosted Beans (KG) 2 كيس;(23.75);47.50;47.50;(23.75);(0.5000);0.00;636 - مخزون البن المحمص;636 - مخزون البن المحمص
25 يناير 2025;Payable Credit Note;MP 2321;سند صرف قهوه محموصه فرع التخصصي;"Mexico Geisha Natural Rosted Beans (KG)
 4 كيس";(47.50);47.50;47.50;(47.50);(1.0000);0.00;636 - مخزون البن المحمص;636 - مخزون البن المحمص
25 يناير 2025;Payable Credit Note;MP 2317;سند صرف قهوه محموصه فرع حطين;Mexico Geisha Natural Rosted Beans (KG);(237.50);47.50;47.50;(237.50);(5.0000);0.00;636 - مخزون البن المحمص;636 - مخزون البن المحمص
28 يناير 2025;Payable Invoice;7202;تحميص وارد لمستودع البن المحمص;Mexico Geisha Natural Rosted Beans (KG);1,562.18;48.82;0.00;1,562.18;32.0000;0.00;;636 - مخزون البن المحمص
29 يناير 2025;Payable Credit Note;MP 2329;سند صرف قهوه محموصه فرع حطين;Mexico Geisha Natural Rosted Beans (KG);(71.25);47.50;47.50;(71.25);(1.5000);0.00;636 - مخزون البن المحمص;636 - مخزون البن المحمص
01 فبراير 2025;Payable Credit Note;MP 2335;سند صرف قهوه محموصه فرع حطين;Mexico Geisha Natural Rosted Beans (KG);(285.00);47.50;47.50;(285.00);(6.0000);0.00;636 - مخزون البن المحمص;636 - مخزون البن المحمص
08 فبراير 2025;Payable Credit Note;MP 2343;سند صرف قهوه محموصه فرع حطين;Mexico Geisha Natural Rosted Beans (KG);(332.50);47.50;47.50;(332.50);(7.0000);0.00;636 - مخزون البن المحمص;636 - مخزون البن المحمص
12 فبراير 2025;Payable Invoice;7203;تحميص وارد لمستودع البن المحمص;Mexico Geisha Natural Rosted Beans (KG);924.98;46.25;0.00;924.98;20.0000;0.00;;636 - مخزون البن المحمص
13 فبراير 2025;Payable Credit Note;MP 2350;سند صرف قهوه محموصه فرع حطين;Mexico Geisha Natural Rosted Beans (KG) 12 كيس;(142.50);47.50;47.50;(142.50);(3.0000);0.00;636 - مخزون البن المحمص;636 - مخزون البن المحمص
15 فبراير 2025;Payable Credit Note;MP 2351;سند صرف قهوه محموصه فرع التخصصي;Mexico Geisha Natural Rosted Beans (KG);(95.00);47.50;47.50;(95.00);(2.0000);0.00;636 - مخزون البن المحمص;636 - مخزون البن المحمص
16 فبراير 2025;Payable Credit Note;MP 2359;سند صرف قهوه محموصه فرع حطين;Mexico Geisha Natural Rosted Beans (KG);(237.50);47.50;47.50;(237.50);(5.0000);0.00;636 - مخزون البن المحمص;636 - مخزون البن المحمص
23 فبراير 2025;Payable Credit Note;MP 2368;سند صرف قهوه محموصه فرع حطين;Mexico Geisha Natural Rosted Beans (KG);(237.50);47.50;47.50;(237.50);(5.0000);0.00;636 - مخزون البن المحمص;636 - مخزون البن المحمص
23 فبراير 2025;Payable Credit Note;MP 2366;سند صرف قهوه محموصه فرع حطين;Mexico Geisha Natural Rosted Beans (KG);(142.50);47.50;47.50;(142.50);(3.0000);0.00;636 - مخزون البن المحمص;636 - مخزون البن المحمص
03 مارس 2025;Payable Credit Note;MP 2380;سند صرف قهوه محموصه فرع حطين;Mexico Geisha Natural Rosted Beans (KG);(1,045.00);47.50;47.50;(1,045.00);(22.0000);0.00;636 - مخزون البن المحمص;636 - مخزون البن المحمص
13 مارس 2025;Payable Invoice;7207;تحميص وارد لمستودع البن المحمص;Mexico Geisha Natural Rosted Beans (KG);3,124.36;48.07;0.00;3,124.36;65.0000;0.00;;636 - مخزون البن المحمص
13 مارس 2025;Payable Credit Note;MP 2391;سند صرف قهوه محموصه فرع التخصصي;Mexico Geisha Natural Rosted Beans (KG);(95.00);47.50;47.50;(95.00);(2.0000);0.00;636 - مخزون البن المحمص;636 - مخزون البن المحمص
15 مارس 2025;Payable Credit Note;MP 2394;سند صرف قهوه محموصه فرع حطين;Mexico Geisha Natural Rosted Beans (KG);(475.00);47.50;47.50;(475.00);(10.0000);0.00;636 - مخزون البن المحمص;636 - مخزون البن المحمص
23 مارس 2025;Payable Credit Note;MP 2405;سند صرف قهوه محموصه فرع حطين;Mexico Geisha Natural Rosted Beans (KG);(950.00);47.50;47.50;(950.00);(20.0000);0.00;636 - مخزون البن المحمص;636 - مخزون البن المحمص
27 مارس 2025;Payable Invoice;7208;تحميص وارد لمستودع البن المحمص;Mexico Geisha Natural Rosted Beans (KG) عينات ;308.33;47.44;0.00;308.33;6.5000;0.00;;636 - مخزون البن المحمص
27 مارس 2025;Payable Credit Note;7208;عينات القهوة المحمصة;Mexico Geisha Natural Rosted Beans (KG);(308.75);47.50;47.50;(308.75);(6.5000);0.00;636 - مخزون البن المحمص;636 - مخزون البن المحمص
28 مارس 2025;Payable Credit Note;MP 2411;سند صرف قهوه محموصه فرع حطين;Mexico Geisha Natural Rosted Beans (KG);(190.00);47.50;47.50;(190.00);(4.0000);0.00;636 - مخزون البن المحمص;636 - مخزون البن المحمص
31 مارس 2025;Adjustment;Quantity Increase;;جرد 29/3;380.00;47.50;0.00;380.00;8.0000;0.00;;636 - مخزون البن المحمص
05 أبريل 2025;Payable Credit Note;MP 2417;سند صرف قهوه محموصه فرع حطين;Mexico Geisha Natural Rosted Beans (KG);(237.50);47.50;47.50;(237.50);(5.0000);0.00;636 - مخزون البن المحمص;636 - مخزون البن المحمص
10 أبريل 2025;Payable Invoice;7209;تحميص وارد لمستودع البن المحمص;Mexico Geisha Natural Rosted Beans (KG);2,178.83;48.42;0.00;2,178.83;45.0000;0.00;;636 - مخزون البن المحمص
13 أبريل 2025;Payable Credit Note;MP ;سند صرف قهوه محموصه فرع حطين;Mexico Geisha Natural Rosted Beans (KG);(427.50);47.50;47.50;(427.50);(9.0000);0.00;636 - مخزون البن المحمص;636 - مخزون البن المحمص
17 أبريل 2025;Payable Invoice;7210;تحميص وارد لمستودع البن المحمص;Mexico Geisha Natural Rosted Beans (KG);2,507.71;48.23;0.00;2,507.71;52.0000;0.00;;636 - مخزون البن المحمص
20 أبريل 2025;Payable Credit Note;MP 2444;سند صرف قهوه محموصه فرع حطين;Mexico Geisha Natural Rosted Beans (KG);(332.50);47.50;47.50;(332.50);(7.0000);0.00;636 - مخزون البن المحمص;636 - مخزون البن المحمص
20 أبريل 2025;Payable Credit Note;MP 2442;سند صرف قهوه محموصه فرع رفا;Mexico Geisha Natural Rosted Beans (KG) 8 كيس;(95.00);47.50;47.50;(95.00);(2.0000);0.00;636 - مخزون البن المحمص;636 - مخزون البن المحمص
27 أبريل 2025;Payable Credit Note;MP 2452;سند صرف قهوه محموصه فرع واو;Mexico Geisha Natural Rosted Beans (KG) 2 كيس;(23.75);47.50;47.50;(23.75);(0.5000);0.00;636 - مخزون البن المحمص;636 - مخزون البن المحمص
27 أبريل 2025;Payable Credit Note;MP 2451;سند صرف قهوه محموصه فرع التخصصي;Mexico Geisha Natural Rosted Beans (KG) 4 كيس;(47.50);47.50;47.50;(47.50);(1.0000);0.00;636 - مخزون البن المحمص;636 - مخزون البن المحمص
03 مايو 2025;Payable Credit Note;MP 2456;سند صرف قهوه محموصه فرع حطين;Mexico Geisha Natural Rosted Beans (KG);(475.00);47.50;47.50;(475.00);(10.0000);0.00;636 - مخزون البن المحمص;636 - مخزون البن المحمص
17 مايو 2025;Payable Credit Note;MP 2483;سند صرف قهوه محموصه فرع حطين;Mexico Geisha Natural Rosted Beans (KG);(950.00);47.50;47.50;(950.00);(20.0000);0.00;636 - مخزون البن المحمص;636 - مخزون البن المحمص
19 مايو 2025;Payable Invoice;7214;تحميص وارد لمستودع البن المحمص;Mexico Geisha Natural Rosted Beans (KG);1,562.18;48.82;0.00;1,562.18;32.0000;0.00;;636 - مخزون البن المحمص
24 مايو 2025;Payable Credit Note;MP 2497;سند صرف قهوه محموصه فرع حطين;Mexico Geisha Natural Rosted Beans (KG);(380.00);47.50;47.50;(380.00);(8.0000);0.00;636 - مخزون البن المحمص;636 - مخزون البن المحمص
26 مايو 2025;Payable Credit Note;MP 2499;سند صرف قهوه محموصه فرع رفا;Mexico Geisha Natural Rosted Beans (KG);(237.50);47.50;47.50;(237.50);(5.0000);0.00;636 - مخزون البن المحمص;636 - مخزون البن المحمص
31 مايو 2025;Payable Credit Note;MP 2509;سند صرف قهوه محموصه فرع حطين;Mexico Geisha Natural Rosted Beans (KG);(760.00);47.50;47.50;(760.00);(16.0000);0.00;636 - مخزون البن المحمص;636 - مخزون البن المحمص
09 يونيو 2025;Payable Credit Note;MP 2517;سند صرف قهوه محموصه فرع حطين;Mexico Geisha Natural Rosted Beans (KG);(570.00);47.50;47.50;(570.00);(12.0000);0.00;636 - مخزون البن المحمص;636 - مخزون البن المحمص
11 يونيو 2025;Payable Credit Note;MP 2521;سند صرف قهوه محموصه فرع واو;Mexico Geisha Natural Rosted Beans (KG);(47.50);47.50;47.50;(47.50);(1.0000);0.00;636 - مخزون البن المحمص;636 - مخزون البن المحمص
12 يونيو 2025;Payable Invoice;7216;تحميص وارد لمستودع البن المحمص;Mexico Geisha Natural Rosted Beans (KG);1,562.19;48.82;0.00;1,562.19;32.0000;0.00;;636 - مخزون البن المحمص
15 يونيو 2025;Payable Credit Note;MP 2531;سند صرف قهوه محموصه فرع حطين;Mexico Geisha Natural Rosted Beans (KG);(475.00);47.50;47.50;(475.00);(10.0000);0.00;636 - مخزون البن المحمص;636 - مخزون البن المحمص
16 يونيو 2025;Payable Credit Note;MP 2532;سند صرف قهوه محموصه فرع التخصصي;Mexico Geisha Natural Rosted Beans (KG);(95.00);47.50;47.50;(95.00);(2.0000);0.00;636 - مخزون البن المحمص;636 - مخزون البن المحمص
18 يونيو 2025;Payable Invoice;7217;تحميص وارد لمستودع البن المحمص;Mexico Geisha Natural Rosted Beans (KG);1,891.06;48.49;0.00;1,891.06;39.0000;0.00;;636 - مخزون البن المحمص
23 يونيو 2025;Payable Credit Note;MP 2543;سند صرف قهوه محموصه فرع حطين;Mexico Geisha Natural Rosted Beans (KG);(712.50);47.50;47.50;(712.50);(15.0000);0.00;636 - مخزون البن المحمص;636 - مخزون البن المحمص
24 يونيو 2025;Payable Credit Note;MP 2544;سند صرف قهوه محموصه فرع حطين;Mexico Geisha Natural Rosted Beans (KG);(47.50);47.50;47.50;(47.50);(1.0000);0.00;636 - مخزون البن المحمص;636 - مخزون البن المحمص
25 يونيو 2025;Payable Credit Note;MP 2550;سند صرف قهوه محموصه فرع حطين;Mexico Geisha Natural Rosted Beans (KG);(190.00);47.50;47.50;(190.00);(4.0000);0.00;636 - مخزون البن المحمص;636 - مخزون البن المحمص
30 يونيو 2025;Payable Credit Note;MP 2554;سند صرف قهوه محموصه فرع واو;Mexico Geisha Natural Rosted Beans (KG);(95.00);47.50;47.50;(95.00);(2.0000);0.00;636 - مخزون البن المحمص;636 - مخزون البن المحمص
30 يونيو 2025;Payable Credit Note;MP 2560;سند صرف قهوه محموصه فرع حطين;Mexico Geisha Natural Rosted Beans (KG);(427.50);47.50;47.50;(427.50);(9.0000);0.00;636 - مخزون البن المحمص;636 - مخزون البن المحمص
03 يوليو 2025;Payable Credit Note;MP 2567;سند صرف قهوه محموصه فرع حطين;Mexico Geisha Natural Rosted Beans (KG);(237.50);47.50;47.50;(237.50);(5.0000);0.00;636 - مخزون البن المحمص;636 - مخزون البن المحمص
07 يوليو 2025;Payable Credit Note;MP 2571;سند صرف قهوه محموصه فرع حطين;Mexico Geisha Natural Rosted Beans (KG);(332.50);47.50;47.50;(332.50);(7.0000);0.00;636 - مخزون البن المحمص;636 - مخزون البن المحمص
10 يوليو 2025;Payable Credit Note;MP 2579;سند صرف قهوه محموصه فرع التخصصي;Mexico Geisha Natural Rosted Beans (KG);(142.50);47.50;47.50;(142.50);(3.0000);0.00;636 - مخزون البن المحمص;636 - مخزون البن المحمص
10 يوليو 2025;Payable Credit Note;MP 2572;سند صرف قهوه محموصه فرع حطين;Mexico Geisha Natural Rosted Beans (KG);(427.50);47.50;47.50;(427.50);(9.0000);0.00;636 - مخزون البن المحمص;636 - مخزون البن المحمص
10 يوليو 2025;Payable Credit Note;MP 2578;سند صرف قهوه محموصه فرع واو;Mexico Geisha Natural Rosted Beans (KG);(95.00);47.50;47.50;(95.00);(2.0000);0.00;636 - مخزون البن المحمص;636 - مخزون البن المحمص
13 يوليو 2025;Payable Credit Note;MP 2588;سند صرف قهوه محموصه فرع رفا;Mexico Geisha Natural Rosted Beans (KG);(237.50);47.50;47.50;(237.50);(5.0000);0.00;636 - مخزون البن المحمص;636 - مخزون البن المحمص
14 يوليو 2025;Payable Credit Note;MP 2589;سند صرف قهوه محموصه فرع حطين;Mexico Geisha Natural Rosted Beans (KG);(475.00);47.50;47.50;(475.00);(10.0000);0.00;636 - مخزون البن المحمص;636 - مخزون البن المحمص
20 يوليو 2025;Payable Credit Note;MP 2592;سند صرف قهوه محموصه فرع حطين;Mexico Geisha Natural Rosted Beans (KG);(380.00);47.50;47.50;(380.00);(8.0000);0.00;636 - مخزون البن المحمص;636 - مخزون البن المحمص
23 يوليو 2025;Payable Credit Note;MP 2597;سند صرف قهوه محموصه فرع حطين;Mexico Geisha Natural Rosted Beans (KG);(47.50);47.50;47.50;(47.50);(1.0000);0.00;636 - مخزون البن المحمص;636 - مخزون البن المحمص
24 يوليو 2025;Receivable Invoice;INV-4160;شركة مستشفي المحمدية للرعاية الطبية;Mexico Geisha Natural Rosted Beans (KG);(150.00);52.86;150.00;(52.86);(1.0000);97.14;202 - مبيعات القهوة المحمصه;636 - مخزون البن المحمص
29 يوليو 2025;Payable Credit Note;MP 2606;سند صرف قهوه محموصه فرع حطين;Mexico Geisha Natural Rosted Beans (KG);(475.00);47.50;47.50;(475.00);(10.0000);0.00;636 - مخزون البن المحمص;636 - مخزون البن المحمص
01 أغسطس 2025;Payable Credit Note;MP 2613;سند صرف قهوه محموصه فرع حطين;Mexico Geisha Natural Rosted Beans (KG);(237.50);47.50;47.50;(237.50);(5.0000);0.00;636 - مخزون البن المحمص;636 - مخزون البن المحمص
07 أغسطس 2025;Payable Invoice;7220;تحميص وارد لمستودع البن المحمص;Mexico Geisha Natural Rosted Beans (KG);1,192.19;46.75;0.00;1,192.19;25.5000;0.00;;636 - مخزون البن المحمص
07 أغسطس 2025;Payable Credit Note;MP 2620;سند صرف قهوه محموصه فرع حطين;Mexico Geisha Natural Rosted Beans (KG);(142.50);47.50;47.50;(142.50);(3.0000);0.00;636 - مخزون البن المحمص;636 - مخزون البن المحمص
11 أغسطس 2025;Payable Credit Note;MP 2624;سند صرف قهوه محموصه فرع حطين;Mexico Geisha Natural Rosted Beans (KG);(142.50);47.50;47.50;(142.50);(3.0000);0.00;636 - مخزون البن المحمص;636 - مخزون البن المحمص
16 أغسطس 2025;Payable Credit Note;MP 2630;سند صرف قهوه محموصه فرع حطين;Mexico Geisha Natural Rosted Beans (KG);(95.00);47.50;47.50;(95.00);(2.0000);0.00;636 - مخزون البن المحمص;636 - مخزون البن المحمص
19 أغسطس 2025;Payable Credit Note;MP 2633;سند صرف قهوه محموصه فرع حطين;Mexico Geisha Natural Rosted Beans (KG);(95.00);47.50;47.50;(95.00);(2.0000);0.00;636 - مخزون البن المحمص;636 - مخزون البن المحمص
19 أغسطس 2025;Payable Credit Note;MP 2636;سند صرف قهوه محموصه فرع التخصصي;Mexico Geisha Natural Rosted Beans (KG);(95.00);47.50;47.50;(95.00);(2.0000);0.00;636 - مخزون البن المحمص;636 - مخزون البن المحمص
23 أغسطس 2025;Payable Credit Note;MP 2645;سند صرف قهوه محموصه فرع حطين;Mexico Geisha Natural Rosted Beans (KG);(142.50);47.50;47.50;(142.50);(3.0000);0.00;636 - مخزون البن المحمص;636 - مخزون البن المحمص
31 أغسطس 2025;Payable Credit Note;MP 2657;سند صرف قهوه محموصه فرع حطين;Mexico Geisha Natural Rosted Beans (KG);(285.00);47.50;47.50;(285.00);(6.0000);0.00;636 - مخزون البن المحمص;636 - مخزون البن المحمص
02 سبتمبر 2025;Payable Credit Note;MP 2659;سند صرف قهوه محموصه فرع التخصصي;Mexico Geisha Natural Rosted Beans (KG);(95.00);47.50;47.50;(95.00);(2.0000);0.00;636 - مخزون البن المحمص;636 - مخزون البن المحمص
06 سبتمبر 2025;Payable Credit Note;MP 2667;سند صرف قهوه محموصه فرع حطين;Mexico Geisha Natural Rosted Beans (KG);(142.50);47.50;47.50;(142.50);(3.0000);0.00;636 - مخزون البن المحمص;636 - مخزون البن المحمص
09 سبتمبر 2025;Payable Credit Note;MP 2674;سند صرف قهوه محموصه فرع رفا;Mexico Geisha Natural Rosted Beans (KG);(190.00);47.50;47.50;(190.00);(4.0000);0.00;636 - مخزون البن المحمص;636 - مخزون البن المحمص
09 سبتمبر 2025;Payable Credit Note;MP 2676;سند صرف قهوه محموصه فرع التخصصي;Mexico Geisha Natural Rosted Beans (KG);(95.00);47.50;47.50;(95.00);(2.0000);0.00;636 - مخزون البن المحمص;636 - مخزون البن المحمص
09 سبتمبر 2025;Receivable Invoice;INV-4368;شركة مستشفي المحمدية للرعاية الطبية;"Mexico Geisha Natural Rosted Beans (KG)
عدد10 ارباع";(337.50);53.07;135.00;(132.68);(2.5000);81.93;202 - مبيعات القهوة المحمصه;636 - مخزون البن المحمص
14 سبتمبر 2025;Payable Credit Note;MP 2680;سند صرف قهوه محموصه فرع حطين;Mexico Geisha Natural Rosted Beans (KG);(95.00);47.50;47.50;(95.00);(2.0000);0.00;636 - مخزون البن المحمص;636 - مخزون البن المحمص
15 سبتمبر 2025;Payable Credit Note;MP 2690;سند صرف قهوه محموصه فرع التخصصي;Mexico Geisha Natural Rosted Beans (KG);(47.50);47.50;47.50;(47.50);(1.0000);0.00;636 - مخزون البن المحمص;636 - مخزون البن المحمص
27 سبتمبر 2025;Payable Credit Note;;سند صرف قهوه محموصه فرع رفا;Mexico Geisha Natural Rosted Beans (KG);(95.00);47.50;47.50;(95.00);(2.0000);0.00;636 - مخزون البن المحمص;636 - مخزون البن المحمص
28 سبتمبر 2025;Payable Credit Note;MP 2708;سند صرف قهوه محموصه فرع واو;Mexico Geisha Natural Rosted Beans (KG);(95.00);47.50;47.50;(95.00);(2.0000);0.00;636 - مخزون البن المحمص;636 - مخزون البن المحمص
28 سبتمبر 2025;Payable Credit Note;MP 2706;سند صرف قهوه محموصه فرع حطين;Mexico Geisha Natural Rosted Beans (KG);(47.50);47.50;47.50;(47.50);(1.0000);0.00;636 - مخزون البن المحمص;636 - مخزون البن المحمص
30 سبتمبر 2025;Adjustment;Bulk Adjustment;;جرد البن المحمص 30/9;(1,802.83);55.47;0.00;(1,802.83);(32.5000);0.00;;636 - مخزون البن المحمص
Total RB32023-قيشا ميكسيكى محمص - Mexico Geisha Natural Rosted Beans (KG);;;;;(634.14);;;(332.17);(7.0000);179.07;;
Closing Balance;;;;;0.00;0.00;0.00;0.00;0.0000;0.00;;
;;;;;;;;;;;;
RB32025 - كاتورا لاهوائى محمص - Mexico Caturra Anaerobic Natural Rosted Beans;;;;;;;;;;;;
Opening Balance;;;;;0.00;0.00;0.00;0.00;0.0000;0.00;;
05 نوفمبر 2025;Payable Invoice;7227;تحميص وارد لمستودع البن المحمص;Mexico Caturra Anaerobic Natural Rosted Beans;358.28;55.12;0.00;358.28;6.5000;0.00;;636 - مخزون البن المحمص
21 نوفمبر 2025;Payable Invoice;7229;تحميص وارد لمستودع البن المحمص;Mexico Caturra Anaerobic Natural Rosted Beans;358.28;55.12;0.00;358.28;6.5000;0.00;;636 - مخزون البن المحمص
10 ديسمبر 2025;Payable Invoice;7232;تحميص وارد لمستودع البن المحمص;Mexico Caturra Anaerobic Natural Rosted Beans;716.55;55.12;0.00;716.55;13.0000;0.00;;636 - مخزون البن المحمص
15 ديسمبر 2025;Payable Credit Note;MP 2866;سند صرف قهوه محموصه فرع التخصصي;Mexico Caturra Anaerobic Natural Rosted Beans;(57.50);57.50;57.50;(57.50);(1.0000);0.00;636 - مخزون البن المحمص;636 - مخزون البن المحمص
18 ديسمبر 2025;Payable Invoice;7233;تحميص وارد لمستودع البن المحمص;Mexico Caturra Anaerobic Natural Rosted Beans;2,197.42;56.34;0.00;2,197.42;39.0000;0.00;;636 - مخزون البن المحمص
22 ديسمبر 2025;Payable Credit Note;MP 2880;سند صرف قهوه محموصه فرع التخصصي;Mexico Caturra Anaerobic Natural Rosted Beans;(57.50);57.50;57.50;(57.50);(1.0000);0.00;636 - مخزون البن المحمص;636 - مخزون البن المحمص
28 ديسمبر 2025;Payable Credit Note;MP 2889;سند صرف قهوه محموصه فرع حطين;Mexico Caturra Anaerobic Natural Rosted Beans;(460.00);57.50;57.50;(460.00);(8.0000);0.00;636 - مخزون البن المحمص;636 - مخزون البن المحمص
30 ديسمبر 2025;Payable Credit Note;MP 2894;سند صرف قهوه محموصه فرع حطين;Mexico Caturra Anaerobic Natural Rosted Beans;(172.50);57.50;57.50;(172.50);(3.0000);0.00;636 - مخزون البن المحمص;636 - مخزون البن المحمص
31 ديسمبر 2025;Adjustment;Revaluation;;تعديل;106.97;0.00;0.00;106.97;0.0000;0.00;;636 - مخزون البن المحمص
31 ديسمبر 2025;Adjustment;Quantity Decrease;;جرد 31/12;(575.00);57.50;0.00;(575.00);(10.0000);0.00;;636 - مخزون البن المحمص
Total RB32025 - كاتورا لاهوائى محمص - Mexico Caturra Anaerobic Natural Rosted Beans;;;;;2,415.00;;;2,415.00;42.0000;0.00;;
Closing Balance;;;;;0.00;0.00;0.00;2,415.00;42.0000;0.00;;
;;;;;;;;;;;;
RB42025-مكسيك بيتش مغسولة محمص - Mexico Pache Washed Rosted Beans(1kg);;;;;;;;;;;;
Opening Balance;;;;;0.00;0.00;0.00;0.00;0.0000;0.00;;
05 نوفمبر 2025;Payable Invoice;7227;تحميص وارد لمستودع البن المحمص;Mexico Pache Washed Rosted Beans(1kg);228.00;35.08;0.00;228.00;6.5000;0.00;;636 - مخزون البن المحمص
31 ديسمبر 2025;Adjustment;Revaluation;;تعديل السعر;12.50;0.00;0.00;12.50;0.0000;0.00;;636 - مخزون البن المحمص
31 ديسمبر 2025;Adjustment;Quantity Decrease;;جرد 31/12;(37.00);37.00;0.00;(37.00);(1.0000);0.00;;636 - مخزون البن المحمص
Total RB42025-مكسيك بيتش مغسولة محمص - Mexico Pache Washed Rosted Beans(1kg);;;;;203.50;;;203.50;5.5000;0.00;;
Closing Balance;;;;;0.00;0.00;0.00;203.50;5.5000;0.00;;
;;;;;;;;;;;;
RB52022- مكسيكي مغسولة محمص - Mexico Arabica Wahsed Rosted Beans(1kg);;;;;;;;;;;;
Opening Balance;;;;;0.00;0.00;0.00;0.00;0.0000;0.00;;
10 أبريل 2025;Payable Invoice;7209;تحميص وارد لمستودع البن المحمص;Mexico Arabica Wahsed Rosted Beans(1kg);294.00;28.00;0.00;294.00;10.5000;0.00;;636 - مخزون البن المحمص
12 يونيو 2025;Payable Invoice;7216;تحميص وارد لمستودع البن المحمص;Mexico Arabica Wahsed Rosted Beans(1kg);294.00;28.00;0.00;294.00;10.5000;0.00;;636 - مخزون البن المحمص
16 يونيو 2025;Receivable Invoice;INV-3883;شركة قطرة المحدودة;Mexico Arabica Wahsed Rosted Beans(25-100Kg price 95 /100-500Kg price 85 Sr);(600.00);28.00;100.00;(168.00);(6.0000);72.00;202 - مبيعات القهوة المحمصه;636 - مخزون البن المحمص
18 يونيو 2025;Payable Invoice;7217;تحميص وارد لمستودع البن المحمص;Mexico Arabica Wahsed Rosted Beans(1kg);1,788.50;28.85;0.00;1,788.50;62.0000;0.00;;636 - مخزون البن المحمص
24 يونيو 2025;Payable Invoice;7218;تحميص وارد لمستودع البن المحمص;Mexico Arabica Wahsed Rosted Beans(1kg);2,082.50;28.92;0.00;2,082.50;72.0000;0.00;;636 - مخزون البن المحمص
26 يونيو 2025;Adjustment;Quantity Decrease;;جرد 25/6;(287.99);28.80;0.00;(287.99);(10.0000);0.00;;636 - مخزون البن المحمص
29 يونيو 2025;Receivable Invoice;INV-3960;شركة قطرة المحدودة;Mexico Arabica Wahsed Rosted Beans(25-100Kg price 95 /100-500Kg price 85 Sr);(2,000.00);28.80;100.00;(575.97);(20.0000);71.20;202 - مبيعات القهوة المحمصه;636 - مخزون البن المحمص
10 يوليو 2025;Payable Credit Note;MP 2578;سند صرف قهوه محموصه فرع واو;Mexico Arabica Wahsed Rosted Beans(1kg);(79.26);39.63;39.63;(79.26);(2.0000);0.00;636 - مخزون البن المحمص;636 - مخزون البن المحمص
01 أغسطس 2025;Payable Credit Note;MP 2612;سند صرف قهوه محموصه فرع الصحافة;Mexico Arabica Wahsed Rosted Beans(1kg);(792.60);39.63;39.63;(792.60);(20.0000);0.00;636 - مخزون البن المحمص;636 - مخزون البن المحمص
05 أغسطس 2025;Payable Invoice;7219;تحميص وارد لمستودع البن المحمص;Mexico Arabica Wahsed Rosted Beans(1kg);294.00;29.40;0.00;294.00;10.0000;0.00;;636 - مخزون البن المحمص
07 أغسطس 2025;Payable Invoice;7220;تحميص وارد لمستودع البن المحمص;Mexico Arabica Wahsed Rosted Beans(1kg);637.00;28.31;0.00;637.00;22.5000;0.00;;636 - مخزون البن المحمص
11 أغسطس 2025;Payable Credit Note;MP 2623;سند صرف قهوه محموصه فرع الصحافة;Mexico Arabica Wahsed Rosted Beans(1kg);(792.60);39.63;39.63;(792.60);(20.0000);0.00;636 - مخزون البن المحمص;636 - مخزون البن المحمص
11 أغسطس 2025;Payable Credit Note;MP 2623;سند صرف قهوه محموصه فرع واو;Mexico Arabica Wahsed Rosted Beans(1kg);(118.89);39.63;39.63;(118.89);(3.0000);0.00;636 - مخزون البن المحمص;636 - مخزون البن المحمص
15 أغسطس 2025;Payable Credit Note;MP 2626;سند صرف قهوه محموصه فرع الصحافة;Mexico Arabica Wahsed Rosted Beans(1kg);(396.30);39.63;39.63;(396.30);(10.0000);0.00;636 - مخزون البن المحمص;636 - مخزون البن المحمص
18 أغسطس 2025;Payable Invoice;7221;تحميص وارد لمستودع البن المحمص;Mexico Arabica Wahsed Rosted Beans(1kg);3,307.50;28.76;0.00;3,307.50;115.0000;0.00;;636 - مخزون البن المحمص
19 أغسطس 2025;Payable Credit Note;MP 2635;سند صرف قهوه محموصه فرع واو;Mexico Arabica Wahsed Rosted Beans(1kg);(19.82);39.64;39.64;(19.82);(0.5000);0.00;636 - مخزون البن المحمص;636 - مخزون البن المحمص
19 أغسطس 2025;Payable Credit Note;MP 2633;سند صرف قهوه محموصه فرع حطين;Mexico Arabica Wahsed Rosted Beans(1kg);(118.89);39.63;39.63;(118.89);(3.0000);0.00;636 - مخزون البن المحمص;636 - مخزون البن المحمص
19 أغسطس 2025;Payable Credit Note;MP 2637;سند صرف قهوه محموصه فرع التخصصي;Mexico Arabica Wahsed Rosted Beans(1kg);(19.82);39.64;39.64;(19.82);(0.5000);0.00;636 - مخزون البن المحمص;636 - مخزون البن المحمص
19 أغسطس 2025;Payable Credit Note;MP 2634;سند صرف قهوه محموصه فرع رفا;Mexico Arabica Wahsed Rosted Beans(1kg);(39.63);39.63;39.63;(39.63);(1.0000);0.00;636 - مخزون البن المحمص;636 - مخزون البن المحمص
19 أغسطس 2025;Payable Credit Note;MP 2631;سند صرف قهوه محموصه فرع الصحافة;Mexico Arabica Wahsed Rosted Beans(1kg);(792.60);39.63;39.63;(792.60);(20.0000);0.00;636 - مخزون البن المحمص;636 - مخزون البن المحمص
19 أغسطس 2025;Payable Credit Note;MP 2631;سند صرف قهوه محموصه فرع الصحافة;Mexico Arabica Wahsed Rosted Beans(1kg);(39.63);39.63;39.63;(39.63);(1.0000);0.00;636 - مخزون البن المحمص;636 - مخزون البن المحمص
19 أغسطس 2025;Payable Credit Note;MP 2636;سند صرف قهوه محموصه فرع التخصصي;Mexico Arabica Wahsed Rosted Beans(1kg);(79.26);39.63;39.63;(79.26);(2.0000);0.00;636 - مخزون البن المحمص;636 - مخزون البن المحمص
23 أغسطس 2025;Payable Credit Note;MP 2645;سند صرف قهوه محموصه فرع حطين;Mexico Arabica Wahsed Rosted Beans(1kg);(832.23);39.63;39.63;(832.23);(21.0000);0.00;636 - مخزون البن المحمص;636 - مخزون البن المحمص
26 أغسطس 2025;Payable Credit Note;MP 2649;سند صرف قهوه محموصه فرع الصحافة;Mexico Arabica Wahsed Rosted Beans(1kg);(396.30);39.63;39.63;(396.30);(10.0000);0.00;636 - مخزون البن المحمص;636 - مخزون البن المحمص
31 أغسطس 2025;Payable Credit Note;MP 2653;سند صرف قهوه محموصه فرع واو;Mexico Arabica Wahsed Rosted Beans(1kg);(79.26);39.63;39.63;(79.26);(2.0000);0.00;636 - مخزون البن المحمص;636 - مخزون البن المحمص
31 أغسطس 2025;Payable Credit Note;MP 2657;سند صرف قهوه محموصه فرع حطين;Mexico Arabica Wahsed Rosted Beans(1kg);(1,505.94);39.63;39.63;(1,505.94);(38.0000);0.00;636 - مخزون البن المحمص;636 - مخزون البن المحمص
31 أغسطس 2025;Payable Credit Note;MP 2655;سند صرف قهوه محموصه فرع الصحافة;Mexico Arabica Wahsed Rosted Beans(1kg);(396.30);39.63;39.63;(396.30);(10.0000);0.00;636 - مخزون البن المحمص;636 - مخزون البن المحمص
02 سبتمبر 2025;Payable Credit Note;MP 2659;سند صرف قهوه محموصه فرع التخصصي;Mexico Arabica Wahsed Rosted Beans(1kg);(79.26);39.63;39.63;(79.26);(2.0000);0.00;636 - مخزون البن المحمص;636 - مخزون البن المحمص
02 سبتمبر 2025;Payable Credit Note;MP 2660;سند صرف قهوه محموصه فرع الصحافة;Mexico Arabica Wahsed Rosted Beans(1kg);(594.45);39.63;39.63;(594.45);(15.0000);0.00;636 - مخزون البن المحمص;636 - مخزون البن المحمص
04 سبتمبر 2025;Payable Credit Note;MP 2669;سند صرف قهوه محموصه فرع الصحافة;Mexico Arabica Wahsed Rosted Beans(1kg);(396.30);39.63;39.63;(396.30);(10.0000);0.00;636 - مخزون البن المحمص;636 - مخزون البن المحمص
06 سبتمبر 2025;Payable Credit Note;MP 2667;سند صرف قهوه محموصه فرع حطين;Mexico Arabica Wahsed Rosted Beans(1kg);(792.60);39.63;39.63;(792.60);(20.0000);0.00;636 - مخزون البن المحمص;636 - مخزون البن المحمص
07 سبتمبر 2025;Adjustment;Revaluation;;اعادة تقييم;2,895.86;0.00;0.00;2,895.86;0.0000;0.00;;636 - مخزون البن المحمص
09 سبتمبر 2025;Payable Credit Note;MP 2674;سند صرف قهوه محموصه فرع رفا;Mexico Arabica Wahsed Rosted Beans(1kg);(396.30);39.63;39.63;(396.30);(10.0000);0.00;636 - مخزون البن المحمص;636 - مخزون البن المحمص
09 سبتمبر 2025;Payable Credit Note;MP 2676;سند صرف قهوه محموصه فرع التخصصي;Mexico Arabica Wahsed Rosted Beans(1kg);(79.26);39.63;39.63;(79.26);(2.0000);0.00;636 - مخزون البن المحمص;636 - مخزون البن المحمص
14 سبتمبر 2025;Payable Invoice;7223;تحميص وارد لمستودع البن المحمص;Mexico Arabica Wahsed Rosted Beans(1kg);10,461.48;28.51;0.00;10,461.48;367.0000;0.00;;636 - مخزون البن المحمص
14 سبتمبر 2025;Payable Credit Note;MP 2683;سند صرف قهوه محموصه فرع الصحافة;Mexico Arabica Wahsed Rosted Beans(1kg);(118.89);39.63;39.63;(118.89);(3.0000);0.00;636 - مخزون البن المحمص;636 - مخزون البن المحمص
14 سبتمبر 2025;Payable Credit Note;MP 2684;سند صرف قهوه محموصه فرع الصحافة;Mexico Arabica Wahsed Rosted Beans(1kg);(594.45);39.63;39.63;(594.45);(15.0000);0.00;636 - مخزون البن المحمص;636 - مخزون البن المحمص
14 سبتمبر 2025;Payable Credit Note;MP 2686;سند صرف قهوه محموصه فرع رفا;Mexico Arabica Wahsed Rosted Beans(1kg);(79.26);39.63;39.63;(79.26);(2.0000);0.00;636 - مخزون البن المحمص;636 - مخزون البن المحمص
14 سبتمبر 2025;Payable Credit Note;MP 2688;سند صرف قهوه محموصه فرع حطين;Mexico Arabica Wahsed Rosted Beans(1kg) 12 كيس;(118.89);39.63;39.63;(118.89);(3.0000);0.00;636 - مخزون البن المحمص;636 - مخزون البن المحمص
14 سبتمبر 2025;Payable Credit Note;MP 2682;سند صرف قهوه محموصه فرع واو;Mexico Arabica Wahsed Rosted Beans(1kg);(19.82);39.64;39.64;(19.82);(0.5000);0.00;636 - مخزون البن المحمص;636 - مخزون البن المحمص
14 سبتمبر 2025;Payable Credit Note;MP 2680;سند صرف قهوه محموصه فرع حطين;Mexico Arabica Wahsed Rosted Beans(1kg);(1,387.05);39.63;39.63;(1,387.05);(35.0000);0.00;636 - مخزون البن المحمص;636 - مخزون البن المحمص
15 سبتمبر 2025;Payable Credit Note;MP 2681;سند صرف قهوه محموصه فرع التخصصي;Mexico Arabica Wahsed Rosted Beans(1kg);(39.63);39.63;39.63;(39.63);(1.0000);0.00;636 - مخزون البن المحمص;636 - مخزون البن المحمص
16 سبتمبر 2025;Payable Invoice;7224;تحميص وارد لمستودع البن المحمص;Mexico Arabica Wahsed Rosted Beans(1kg);1,200.50;28.58;0.00;1,200.50;42.0000;0.00;;636 - مخزون البن المحمص
20 سبتمبر 2025;Payable Credit Note;MP 2697;سند صرف قهوه محموصه فرع حطين;Mexico Arabica Wahsed Rosted Beans(1kg);(1,545.57);39.63;39.63;(1,545.57);(39.0000);0.00;636 - مخزون البن المحمص;636 - مخزون البن المحمص
20 سبتمبر 2025;Payable Credit Note;MP 2695;سند صرف قهوه محموصه فرع الصحافة;Mexico Arabica Wahsed Rosted Beans(1kg);(396.30);39.63;39.63;(396.30);(10.0000);0.00;636 - مخزون البن المحمص;636 - مخزون البن المحمص
23 سبتمبر 2025;Payable Credit Note;MP 2701;سند صرف قهوه محموصه فرع الصحافة;Mexico Arabica Wahsed Rosted Beans(1kg);(396.30);39.63;39.63;(396.30);(10.0000);0.00;636 - مخزون البن المحمص;636 - مخزون البن المحمص
27 سبتمبر 2025;Payable Credit Note;;سند صرف قهوه محموصه فرع رفا;Mexico Arabica Wahsed Rosted Beans(1kg);(79.26);39.63;39.63;(79.26);(2.0000);0.00;636 - مخزون البن المحمص;636 - مخزون البن المحمص
28 سبتمبر 2025;Payable Credit Note;MP 2708;سند صرف قهوه محموصه فرع واو;Mexico Arabica Wahsed Rosted Beans(1kg);(39.63);39.63;39.63;(39.63);(1.0000);0.00;636 - مخزون البن المحمص;636 - مخزون البن المحمص
28 سبتمبر 2025;Payable Credit Note;MP 2708;سند صرف قهوه محموصه فرع واو;Mexico Arabica Wahsed Rosted Beans(1kg);(79.26);39.63;39.63;(79.26);(2.0000);0.00;636 - مخزون البن المحمص;636 - مخزون البن المحمص
28 سبتمبر 2025;Payable Credit Note;MP 2706;سند صرف قهوه محموصه فرع حطين;Mexico Arabica Wahsed Rosted Beans(1kg);(1,466.31);39.63;39.63;(1,466.31);(37.0000);0.00;636 - مخزون البن المحمص;636 - مخزون البن المحمص
28 سبتمبر 2025;Payable Credit Note;MP 2707;سند صرف قهوه محموصه فرع الصحافة;Mexico Arabica Wahsed Rosted Beans(1kg);(396.30);39.63;39.63;(396.30);(10.0000);0.00;636 - مخزون البن المحمص;636 - مخزون البن المحمص
29 سبتمبر 2025;Receivable Invoice;INV-4469;موقع سلة Salla website;Mexico Arabica Wahsed Rosted اظرف قهوة مكسيكو;(140.00);23.51;140.00;(23.51);(1.0000);116.49;203 - مبيعات المتجر الكترونى موقع سلة;636 - مخزون البن المحمص
29 سبتمبر 2025;Receivable Invoice;INV-4469;موقع سلة Salla website;Mexico Arabica Wahsed Rosted Beans(25-100Kg price 95 /100-500Kg price 85 Sr);(98.32);23.51;98.32;(23.51);(1.0000);74.81;203 - مبيعات المتجر الكترونى موقع سلة;636 - مخزون البن المحمص
30 سبتمبر 2025;Payable Credit Note;MP 2711;سند صرف قهوه محموصه فرع حطين;Mexico Arabica Wahsed Rosted Beans(1kg);(435.93);39.63;39.63;(435.93);(11.0000);0.00;636 - مخزون البن المحمص;636 - مخزون البن المحمص
30 سبتمبر 2025;Adjustment;Bulk Adjustment;;جرد البن المحمص 30/9;662.58;22.85;0.00;662.58;29.0000;0.00;;636 - مخزون البن المحمص
05 أكتوبر 2025;Payable Credit Note;MP 2721;سند صرف قهوه محموصه فرع الصحافة;Mexico Arabica Wahsed Rosted Beans(1kg);(396.30);39.63;39.63;(396.30);(10.0000);0.00;636 - مخزون البن المحمص;636 - مخزون البن المحمص
05 أكتوبر 2025;Payable Credit Note;MP 2720;سند صرف قهوه محموصه فرع حطين;Mexico Arabica Wahsed Rosted Beans(1kg);(79.26);39.63;39.63;(79.26);(2.0000);0.00;636 - مخزون البن المحمص;636 - مخزون البن المحمص
05 أكتوبر 2025;Payable Credit Note;MP 2718;سند صرف قهوه محموصه فرع الصحافة;Mexico Arabica Wahsed Rosted Beans(1kg);(396.30);39.63;39.63;(396.30);(10.0000);0.00;636 - مخزون البن المحمص;636 - مخزون البن المحمص
06 أكتوبر 2025;Payable Credit Note;MP 2722;سند صرف قهوه محموصه فرع التخصصي;Mexico Arabica Wahsed Rosted Beans(1kg);(396.30);39.63;39.63;(396.30);(10.0000);0.00;636 - مخزون البن المحمص;636 - مخزون البن المحمص
07 أكتوبر 2025;Payable Credit Note;MP 2725;سند صرف قهوه محموصه فرع التخصصي;Mexico Arabica Wahsed Rosted Beans(1kg);(39.63);39.63;39.63;(39.63);(1.0000);0.00;636 - مخزون البن المحمص;636 - مخزون البن المحمص
08 أكتوبر 2025;Payable Credit Note;MP 2728;سند صرف قهوه محموصه فرع الصحافة;Mexico Arabica Wahsed Rosted Beans(1kg);(396.30);39.63;39.63;(396.30);(10.0000);0.00;636 - مخزون البن المحمص;636 - مخزون البن المحمص
09 أكتوبر 2025;Payable Credit Note;MP 2727;سند صرف قهوه محموصه فرع رفا;Mexico Arabica Wahsed Rosted Beans(1kg);(158.52);39.63;39.63;(158.52);(4.0000);0.00;636 - مخزون البن المحمص;636 - مخزون البن المحمص
09 أكتوبر 2025;Payable Credit Note;MP 2726;سند صرف قهوه محموصه فرع حطين;Mexico Arabica Wahsed Rosted Beans(1kg);(1,030.38);39.63;39.63;(1,030.38);(26.0000);0.00;636 - مخزون البن المحمص;636 - مخزون البن المحمص
15 أكتوبر 2025;Payable Credit Note;MP 2738;سند صرف قهوه محموصه فرع الصحافة;Mexico Arabica Wahsed Rosted Beans(1kg);(396.30);39.63;39.63;(396.30);(10.0000);0.00;636 - مخزون البن المحمص;636 - مخزون البن المحمص
16 أكتوبر 2025;Payable Invoice;7226;تحميص وارد لمستودع البن المحمص;Mexico Arabica Wahsed Rosted Beans(1kg);8,648.50;28.45;0.00;8,648.50;304.0000;0.00;;636 - مخزون البن المحمص
20 أكتوبر 2025;Payable Credit Note;MP 2742;سند صرف قهوه محموصه فرع حطين;Mexico Arabica Wahsed Rosted Beans(1kg);(2,219.28);39.63;39.63;(2,219.28);(56.0000);0.00;636 - مخزون البن المحمص;636 - مخزون البن المحمص
23 أكتوبر 2025;Payable Credit Note;MP 2748;سند صرف قهوه محموصه فرع الصحافة;Mexico Arabica Wahsed Rosted Beans(1kg);(396.30);39.63;39.63;(396.30);(10.0000);0.00;636 - مخزون البن المحمص;636 - مخزون البن المحمص
26 أكتوبر 2025;Payable Credit Note;MP 2753;سند صرف قهوه محموصه فرع حطين;Mexico Arabica Wahsed Rosted Beans(1kg);(158.52);39.63;39.63;(158.52);(4.0000);0.00;636 - مخزون البن المحمص;636 - مخزون البن المحمص
26 أكتوبر 2025;Payable Credit Note;MP 2753;سند صرف قهوه محموصه فرع حطين;Mexico Arabica Wahsed Rosted Beans(1kg);(871.86);39.63;39.63;(871.86);(22.0000);0.00;636 - مخزون البن المحمص;636 - مخزون البن المحمص
27 أكتوبر 2025;Payable Credit Note;MP 2755;سند صرف قهوه محموصه فرع رفا;Mexico Arabica Wahsed Rosted Beans(1kg);(118.89);39.63;39.63;(118.89);(3.0000);0.00;636 - مخزون البن المحمص;636 - مخزون البن المحمص
27 أكتوبر 2025;Payable Credit Note;MP 2754;سند صرف قهوه محموصه فرع حطين;Mexico Arabica Wahsed Rosted Beans(1kg)12 كيس;(118.89);39.63;39.63;(118.89);(3.0000);0.00;636 - مخزون البن المحمص;636 - مخزون البن المحمص
31 أكتوبر 2025;Payable Credit Note;MP 2762;سند صرف قهوه محموصه فرع الصحافة;Mexico Arabica Wahsed Rosted Beans(1kg);(396.30);39.63;39.63;(396.30);(10.0000);0.00;636 - مخزون البن المحمص;636 - مخزون البن المحمص
31 أكتوبر 2025;Receivable Invoice;INV-4744;موقع سلة Salla website;Mexico Arabica Wahsed Rosted اظرف قهوة مكسيكو;(41.70);10.96;83.40;(5.48);(0.5000);72.44;203 - مبيعات المتجر الكترونى موقع سلة;636 - مخزون البن المحمص
31 أكتوبر 2025;Receivable Invoice;INV-4744;موقع سلة Salla website;Mexico Arabica Wahsed Rosted Beans(25-100Kg price 95 /100-500Kg price 85 Sr);(135.23);10.96;135.23;(10.96);(1.0000);124.27;203 - مبيعات المتجر الكترونى موقع سلة;636 - مخزون البن المحمص
03 نوفمبر 2025;Payable Credit Note;MP 2772;سند صرف قهوه محموصه فرع رفا;Mexico Arabica Wahsed Rosted Beans(1kg);(158.52);39.63;39.63;(158.52);(4.0000);0.00;636 - مخزون البن المحمص;636 - مخزون البن المحمص
03 نوفمبر 2025;Payable Credit Note;MP 2766;سند صرف قهوه محموصه فرع الصحافة;Mexico Arabica Wahsed Rosted Beans(1kg);(118.89);39.63;39.63;(118.89);(3.0000);0.00;636 - مخزون البن المحمص;636 - مخزون البن المحمص
03 نوفمبر 2025;Payable Credit Note;MP 2768;سند صرف قهوه محموصه فرع التخصصي;Mexico Arabica Wahsed Rosted Beans(1kg);(39.63);39.63;39.63;(39.63);(1.0000);0.00;636 - مخزون البن المحمص;636 - مخزون البن المحمص
03 نوفمبر 2025;Payable Credit Note;MP 2767;سند صرف قهوه محموصه فرع رفا;Mexico Arabica Wahsed Rosted Beans(1kg);(39.63);39.63;39.63;(39.63);(1.0000);0.00;636 - مخزون البن المحمص;636 - مخزون البن المحمص
03 نوفمبر 2025;Payable Credit Note;MP 2765;سند صرف قهوه محموصه فرع حطين;Mexico Arabica Wahsed Rosted Beans(1kg);(118.89);39.63;39.63;(118.89);(3.0000);0.00;636 - مخزون البن المحمص;636 - مخزون البن المحمص
04 نوفمبر 2025;Payable Credit Note;MP 2774;سند صرف قهوه محموصه فرع حطين;Mexico Arabica Wahsed Rosted Beans(1kg);(1,109.64);39.63;39.63;(1,109.64);(28.0000);0.00;636 - مخزون البن المحمص;636 - مخزون البن المحمص
07 نوفمبر 2025;Payable Credit Note;MP 2779;سند صرف قهوه محموصه فرع حطين;Mexico Arabica Wahsed Rosted Beans(1kg);(118.89);39.63;39.63;(118.89);(3.0000);0.00;636 - مخزون البن المحمص;636 - مخزون البن المحمص
11 نوفمبر 2025;Payable Credit Note;MP 2790;سند صرف قهوه محموصه فرع حطين;Mexico Arabica Wahsed Rosted Beans(1kg);(198.15);39.63;39.63;(198.15);(5.0000);0.00;636 - مخزون البن المحمص;636 - مخزون البن المحمص
11 نوفمبر 2025;Payable Credit Note;MP 2789;سند صرف قهوه محموصه فرع حطين;Mexico Arabica Wahsed Rosted Beans(1kg);(1,585.20);39.63;39.63;(1,585.20);(40.0000);0.00;636 - مخزون البن المحمص;636 - مخزون البن المحمص
12 نوفمبر 2025;Payable Credit Note;MP 2793;سند صرف قهوه محموصه فرع الصحافة;Mexico Arabica Wahsed Rosted Beans(1kg);(594.45);39.63;39.63;(594.45);(15.0000);0.00;636 - مخزون البن المحمص;636 - مخزون البن المحمص
12 نوفمبر 2025;Payable Credit Note;MP 2792;سند صرف قهوه محموصه فرع التخصصي;Mexico Arabica Wahsed Rosted Beans(1kg);(198.15);39.63;39.63;(198.15);(5.0000);0.00;636 - مخزون البن المحمص;636 - مخزون البن المحمص
16 نوفمبر 2025;Payable Credit Note;MP 2799;سند صرف قهوه محموصه فرع الصحافة;Mexico Arabica Wahsed Rosted Beans(1kg);(396.30);39.63;39.63;(396.30);(10.0000);0.00;636 - مخزون البن المحمص;636 - مخزون البن المحمص
18 نوفمبر 2025;Payable Credit Note;MP 2803;سند صرف قهوه محموصه فرع الصحافة;Mexico Arabica Wahsed Rosted Beans(1kg);(396.30);39.63;39.63;(396.30);(10.0000);0.00;636 - مخزون البن المحمص;636 - مخزون البن المحمص
18 نوفمبر 2025;Payable Credit Note;MP 2802;سند صرف قهوه محموصه فرع الصحافة;Mexico Arabica Wahsed Rosted Beans(1kg)12كيس;(118.89);39.63;39.63;(118.89);(3.0000);0.00;636 - مخزون البن المحمص;636 - مخزون البن المحمص
18 نوفمبر 2025;Payable Credit Note;MP 2801;سند صرف قهوه محموصه فرع حطين;Mexico Arabica Wahsed Rosted Beans(1kg);(396.30);39.63;39.63;(396.30);(10.0000);0.00;636 - مخزون البن المحمص;636 - مخزون البن المحمص
21 نوفمبر 2025;Payable Credit Note;MP 2811;سند صرف قهوه محموصه فرع التخصصي;Mexico Arabica Wahsed Rosted Beans(1kg) 8كيس;(79.26);39.63;39.63;(79.26);(2.0000);0.00;636 - مخزون البن المحمص;636 - مخزون البن المحمص
21 نوفمبر 2025;Payable Credit Note;MP 2809;سند صرف قهوه محموصه فرع حطين;Mexico Arabica Wahsed Rosted Beans(1kg);(1,585.20);39.63;39.63;(1,585.20);(40.0000);0.00;636 - مخزون البن المحمص;636 - مخزون البن المحمص
21 نوفمبر 2025;Payable Credit Note;MP 2815;سند صرف قهوه محموصه فرع رفا;Mexico Arabica Wahsed Rosted Beans(1kg);(39.63);39.63;39.63;(39.63);(1.0000);0.00;636 - مخزون البن المحمص;636 - مخزون البن المحمص
23 نوفمبر 2025;Payable Credit Note;MP 2818;سند صرف قهوه محموصه فرع التخصصي;Mexico Arabica Wahsed Rosted Beans(1kg);(79.26);39.63;39.63;(79.26);(2.0000);0.00;636 - مخزون البن المحمص;636 - مخزون البن المحمص
23 نوفمبر 2025;Payable Credit Note;MP 2817;سند صرف قهوه محموصه فرع الصحافة;Mexico Arabica Wahsed Rosted Beans(1kg);(396.30);39.63;39.63;(396.30);(10.0000);0.00;636 - مخزون البن المحمص;636 - مخزون البن المحمص
25 نوفمبر 2025;Payable Credit Note;MP 2826;سند صرف قهوه محموصه فرع رفا;Mexico Arabica Wahsed Rosted Beans(1kg);(79.26);39.63;39.63;(79.26);(2.0000);0.00;636 - مخزون البن المحمص;636 - مخزون البن المحمص
25 نوفمبر 2025;Payable Credit Note;MP 2824;سند صرف قهوه محموصه فرع واو;Mexico Arabica Wahsed Rosted Beans(1kg) 3 كيس;(29.72);39.63;39.63;(29.72);(0.7500);0.00;636 - مخزون البن المحمص;636 - مخزون البن المحمص
25 نوفمبر 2025;Payable Credit Note;MP 2821;سند صرف قهوه محموصه فرع الصحافة;Mexico Arabica Wahsed Rosted Beans(1kg) 8 كيس;(79.26);39.63;39.63;(79.26);(2.0000);0.00;636 - مخزون البن المحمص;636 - مخزون البن المحمص
27 نوفمبر 2025;Payable Credit Note;MP 2827;سند صرف قهوه محموصه فرع حطين;Mexico Arabica Wahsed Rosted Beans(1kg);(990.75);39.63;39.63;(990.75);(25.0000);0.00;636 - مخزون البن المحمص;636 - مخزون البن المحمص
27 نوفمبر 2025;Payable Credit Note;MP 2827;سند صرف قهوه محموصه فرع حطين;Mexico Arabica Wahsed Rosted Beans(1kg) 20 كيس;(198.15);39.63;39.63;(198.15);(5.0000);0.00;636 - مخزون البن المحمص;636 - مخزون البن المحمص
27 نوفمبر 2025;Payable Credit Note;MP 2830;سند صرف قهوه محموصه فرع الصحافة;Mexico Arabica Wahsed Rosted Beans(1kg);(396.30);39.63;39.63;(396.30);(10.0000);0.00;636 - مخزون البن المحمص;636 - مخزون البن المحمص
27 نوفمبر 2025;Payable Credit Note;MP 2830;سند صرف قهوه محموصه فرع الصحافة;Mexico Arabica Wahsed Rosted Beans(1kg)12كيس;(118.89);39.63;39.63;(118.89);(3.0000);0.00;636 - مخزون البن المحمص;636 - مخزون البن المحمص
30 نوفمبر 2025;Payable Credit Note;MP 2835;سند صرف قهوه محموصه فرع الصحافة;Mexico Arabica Wahsed Rosted Beans(1kg) 8كيس;(79.26);39.63;39.63;(79.26);(2.0000);0.00;636 - مخزون البن المحمص;636 - مخزون البن المحمص
30 نوفمبر 2025;Payable Credit Note;MP 2837;سند صرف قهوه محموصه فرع التخصصي;Mexico Arabica Wahsed Rosted Beans(1kg) 8 كيس;(79.26);39.63;39.63;(79.26);(2.0000);0.00;636 - مخزون البن المحمص;636 - مخزون البن المحمص
30 نوفمبر 2025;Receivable Invoice;INV-4868;موقع سلة Salla website;Mexico Arabica Wahsed Rosted اظرف قهوة مكسيكو;(483.00);38.57;138.00;(135.00);(3.5000);99.43;203 - مبيعات المتجر الكترونى موقع سلة;636 - مخزون البن المحمص
30 نوفمبر 2025;Receivable Invoice;INV-4868;موقع سلة Salla website;Mexico Arabica Wahsed Rosted Beans(25-100Kg price 95 /100-500Kg price 85 Sr);(819.38);38.57;86.25;(366.42);(9.5000);47.68;203 - مبيعات المتجر الكترونى موقع سلة;636 - مخزون البن المحمص
30 نوفمبر 2025;Adjustment;Revaluation;;اعادة تقييم;8,357.15;0.00;0.00;8,357.15;0.0000;0.00;;636 - مخزون البن المحمص
02 ديسمبر 2025;Payable Credit Note;MP 2843;سند صرف قهوه محموصه فرع رفا;Mexico Arabica Wahsed Rosted Beans(1kg)8كيس;(79.26);39.63;39.63;(79.26);(2.0000);0.00;636 - مخزون البن المحمص;636 - مخزون البن المحمص
02 ديسمبر 2025;Payable Credit Note;MP 2842;سند صرف قهوه محموصه فرع التخصصي;Mexico Arabica Wahsed Rosted Beans(1kg) 4كيس;(39.63);39.63;39.63;(39.63);(1.0000);0.00;636 - مخزون البن المحمص;636 - مخزون البن المحمص
04 ديسمبر 2025;Payable Credit Note;MP 2850;سند صرف قهوه محموصه فرع واو;Mexico Arabica Wahsed Rosted Beans(1kg) 4كيس;(39.63);39.63;39.63;(39.63);(1.0000);0.00;636 - مخزون البن المحمص;636 - مخزون البن المحمص
04 ديسمبر 2025;Payable Credit Note;MP 2848;سند صرف قهوه محموصه فرع الصحافة;Mexico Arabica Wahsed Rosted Beans(1kg);(396.30);39.63;39.63;(396.30);(10.0000);0.00;636 - مخزون البن المحمص;636 - مخزون البن المحمص
06 ديسمبر 2025;Payable Credit Note;2851;سند صرف قهوه محموصه فرع حطين;Mexico Arabica Wahsed Rosted Beans(1kg);(1,704.09);39.63;39.63;(1,704.09);(43.0000);0.00;636 - مخزون البن المحمص;636 - مخزون البن المحمص
10 ديسمبر 2025;Payable Invoice;7232;تحميص وارد لمستودع البن المحمص;Mexico Arabica Wahsed Rosted Beans(1kg);294.00;28.00;0.00;294.00;10.5000;0.00;;636 - مخزون البن المحمص
12 ديسمبر 2025;Payable Credit Note;MP 2859;سند صرف قهوه محموصه فرع الصحافة;Mexico Arabica Wahsed Rosted Beans(1kg);(396.30);39.63;39.63;(396.30);(10.0000);0.00;636 - مخزون البن المحمص;636 - مخزون البن المحمص
13 ديسمبر 2025;Payable Credit Note;MP 2863;سند صرف قهوه محموصه فرع حطين;Mexico Arabica Wahsed Rosted Beans(1kg);(871.86);39.63;39.63;(871.86);(22.0000);0.00;636 - مخزون البن المحمص;636 - مخزون البن المحمص
13 ديسمبر 2025;Payable Credit Note;MP 2864;سند صرف قهوه محموصه فرع رفا;Mexico Arabica Wahsed Rosted Beans(1kg);(118.89);39.63;39.63;(118.89);(3.0000);0.00;636 - مخزون البن المحمص;636 - مخزون البن المحمص
18 ديسمبر 2025;Payable Credit Note;MP 2870;سند صرف قهوه محموصه فرع رفا;Mexico Arabica Wahsed Rosted Beans(1kg);(118.89);39.63;39.63;(118.89);(3.0000);0.00;636 - مخزون البن المحمص;636 - مخزون البن المحمص
18 ديسمبر 2025;Payable Invoice;7233;تحميص وارد لمستودع البن المحمص;Mexico Arabica Wahsed Rosted Beans(1kg);1,200.50;28.58;0.00;1,200.50;42.0000;0.00;;636 - مخزون البن المحمص
20 ديسمبر 2025;Payable Credit Note;MP 2875;سند صرف قهوه محموصه فرع حطين;Mexico Arabica Wahsed Rosted Beans(1kg);(713.34);39.63;39.63;(713.34);(18.0000);0.00;636 - مخزون البن المحمص;636 - مخزون البن المحمص
24 ديسمبر 2025;Payable Credit Note;MP 2883;سند صرف قهوه محموصه فرع الصحافة;Mexico Arabica Wahsed Rosted Beans(1kg);(198.15);39.63;39.63;(198.15);(5.0000);0.00;636 - مخزون البن المحمص;636 - مخزون البن المحمص
24 ديسمبر 2025;Payable Invoice;7234;تحميص وارد لمستودع البن المحمص;Mexico Arabica Wahsed Rosted Beans(1kg);906.50;29.24;0.00;906.50;31.0000;0.00;;636 - مخزون البن المحمص
28 ديسمبر 2025;Payable Credit Note;MP 2891;سند صرف قهوه محموصه فرع الصحافة;Mexico Arabica Wahsed Rosted Beans(1kg) 4 كيس;(39.63);39.63;39.63;(39.63);(1.0000);0.00;636 - مخزون البن المحمص;636 - مخزون البن المحمص
28 ديسمبر 2025;Payable Credit Note;MP 2889;سند صرف قهوه محموصه فرع حطين;Mexico Arabica Wahsed Rosted Beans(1kg);(792.60);39.63;39.63;(792.60);(20.0000);0.00;636 - مخزون البن المحمص;636 - مخزون البن المحمص
30 ديسمبر 2025;Payable Credit Note;MP 2894;سند صرف قهوه محموصه فرع حطين;Mexico Arabica Wahsed Rosted Beans(1kg);(39.63);39.63;39.63;(39.63);(1.0000);0.00;636 - مخزون البن المحمص;636 - مخزون البن المحمص
31 ديسمبر 2025;Receivable Invoice;INV-5016;موقع سلة Salla website;Mexico Arabica Wahsed Rosted اظرف قهوة مكسيكو;(40.00);39.63;160.00;(9.91);(0.2500);120.37;203 - مبيعات المتجر الكترونى موقع سلة;636 - مخزون البن المحمص
31 ديسمبر 2025;Receivable Invoice;INV-5016;موقع سلة Salla website;Mexico Arabica Wahsed Rosted Beans(25-100Kg price 95 /100-500Kg price 85 Sr);(46.96);39.63;93.92;(19.82);(0.5000);54.29;203 - مبيعات المتجر الكترونى موقع سلة;636 - مخزون البن المحمص
31 ديسمبر 2025;Adjustment;Revaluation;;تعديل السعر;894.33;0.00;0.00;894.33;0.0000;0.00;;636 - مخزون البن المحمص
31 ديسمبر 2025;Adjustment;Quantity Decrease;;جرد 31/12;(247.69);39.63;0.00;(247.69);(6.2500);0.00;;636 - مخزون البن المحمص
Total RB52022- مكسيكي مغسولة محمص - Mexico Arabica Wahsed Rosted Beans(1kg);;;;;312.43;;;3,378.46;85.2500;852.99;;
Closing Balance;;;;;0.00;0.00;0.00;3,378.46;85.2500;0.00;;
;;;;;;;;;;;;
RB52025-مكسيك بدون كافيين محمص - Mexico Decaffeinated coffee Rosted Beans(1kg);;;;;;;;;;;;
Opening Balance;;;;;0.00;0.00;0.00;0.00;0.0000;0.00;;
05 نوفمبر 2025;Payable Invoice;7227;تحميص وارد لمستودع البن المحمص;Mexico Decaffeinated coffee Rosted Beans(1kg);296.78;45.66;0.00;296.78;6.5000;0.00;;636 - مخزون البن المحمص
12 نوفمبر 2025;Payable Credit Note;MP 2793;سند صرف قهوه محموصه فرع الصحافة;Mexico Decaffeinated coffee Rosted Beans(1kg);(47.50);47.50;47.50;(47.50);(1.0000);0.00;636 - مخزون البن المحمص;636 - مخزون البن المحمص
27 نوفمبر 2025;Payable Invoice;7230;تحميص وارد لمستودع البن المحمص;Mexico Decaffeinated coffee Rosted Beans(1kg);593.55;45.66;0.00;593.55;13.0000;0.00;;636 - مخزون البن المحمص
18 ديسمبر 2025;Payable Invoice;7233;تحميص وارد لمستودع البن المحمص;Mexico Decaffeinated coffee Rosted Beans(1kg);296.78;45.66;0.00;296.78;6.5000;0.00;;636 - مخزون البن المحمص
28 ديسمبر 2025;Payable Credit Note;MP 2889;سند صرف قهوه محموصه فرع حطين;Mexico Decaffeinated coffee Rosted Beans(1kg);(190.00);47.50;47.50;(190.00);(4.0000);0.00;636 - مخزون البن المحمص;636 - مخزون البن المحمص
31 ديسمبر 2025;Adjustment;Quantity Decrease;;جرد 31/12;(570.00);47.50;0.00;(570.00);(12.0000);0.00;;636 - مخزون البن المحمص
31 ديسمبر 2025;Adjustment;Revaluation;;تعديل السعر;47.89;0.00;0.00;47.89;0.0000;0.00;;636 - مخزون البن المحمص
Total RB52025-مكسيك بدون كافيين محمص - Mexico Decaffeinated coffee Rosted Beans(1kg);;;;;427.50;;;427.50;9.0000;0.00;;
Closing Balance;;;;;0.00;0.00;0.00;427.50;9.0000;0.00;;
;;;;;;;;;;;;
;;;;;;;;;;;;
